"年","月","日","時","分","縣市","區","死","受傷","2-30","天候","光線","道路類別","速限","道路型態","事故位置","路面鋪裝","路面狀態","路面缺陷","障礙物","視距","號誌種類","號誌動作","分向設施","快車道或一般車道間","快慢車道間","路面邊線","事故類型及型態","主要肇因","受傷程度","主要傷處","保護裝備","行動電話","當事者區分_類別","車輛用途","當事者行動狀態","駕駛資格情形","駕駛執照種類","飲酒情形","車輛撞擊部位最初","車輛撞擊部位其他","肇事因素個別","肇事因素主要","肇事逃逸","職業","旅次目的","車種","GPS座標_緯度","GPS座標_經度","事故類別"
"2019","7","1","14","47","臺中市","北區","0","0","0","8","","","50","","","","","","","","","","","","","","","","","","","","B02","","","1","","2","","","19","","1","","","B02","24.157027","120.681212","3"
"2019","7","1","14","48","臺中市","北屯區","0","0","0","8","","","40","","","","","","","","","","","","","","","","","","","","C03","","","1","","2","","","43","","1","5","","C03","24.176452","120.669983","3"
"2019","7","1","14","49","臺中市","西區","0","1","0","8","1","5","50","4","1","1","5","4","5","7","4","4","10","5","5","2","15","6","3","10","1","1","B03","7","9","1","8","2","5","","6","6","1","19","9","B03","24.148951","120.65673","2"
"2019","7","1","14","50","臺中市","西屯區","0","1","0","8","1","5","40","4","1","1","5","4","5","7","4","4","7","5","5","2","16","6","2","9","3","4","C03","7","9","6","10","2","12","","6","6","1","22","8","C03","24.162551","120.659878","2"
"2019","7","1","14","56","臺中市","北區","0","1","0","8","1","5","50","4","1","1","5","4","5","7","4","4","10","5","5","2","16","6","3","10","1","1","C03","7","5","1","10","2","11","","6","6","1","22","8","C03","24.15629","120.67359","2"
"2019","7","1","14","59","臺中市","太平區","0","0","0","8","","","50","","","","","","","","","","","","","","","","","","","","B12","","","1","","2","","","23","","1","21","","B12","24.134654","120.710498","3"
"2019","7","1","15","13","臺中市","南區","0","0","0","8","1","5","40","14","8","1","5","4","5","7","4","4","9","5","4","2","17","23","","","","","B03","","","1","","2","","","23","23","1","5","","B03","24.114253","120.652775","3"
"2019","7","1","15","14","臺中市","西區","0","1","0","8","1","5","50","14","8","1","5","4","5","7","4","4","5","2","4","2","17","30","3","10","1","1","A11","7","6","1","3","2","15","","30","30","1","22","8","A11","24.153584","120.65301","2"
"2019","7","1","15","20","臺中市","大甲區","0","1","0","8","1","5","50","14","9","1","5","4","5","7","4","4","5","5","5","1","18","22","2","9","1","1","C03","7","9","1","10","2","11","","22","22","1","4","8","C03","24.344565","120.626051","2"
"2019","7","1","15","23","臺中市","北區","0","1","0","8","1","5","50","4","1","1","5","4","5","7","1","1","10","4","4","2","16","8","2","9","1","1","C03","7","5","1","10","2","14","","8","8","1","21","8","C03","24.155751","120.670499","2"
"2019","7","1","15","23","臺中市","南區","0","2","0","8","1","5","50","5","1","1","5","4","5","7","2","1","10","5","5","2","16","25","3","10","1","1","B03","7","5","1","8","2","1","","25","25","1","5","8","B03","24.121634","120.661569","2"
"2019","7","1","15","30","臺中市","南屯區","0","0","0","8","","","50","","","","","","","","","","","","","","","","","","","","B03","","","1","","2","","","23","","1","22","","B03","24.131976","120.644563","3"
"2019","7","1","15","31","臺中市","沙鹿區","0","0","0","8","","","50","","","","","","","","","","","","","","","23","","","","","B03","","","1","","2","","","23","23","","","","B03","24.211925","120.579628","3"
"2019","7","1","15","32","臺中市","太平區","0","0","0","8","","","40","","","","","","","","","","","","","","","","","","","","B11","","","1","","2","","","17","","1","22","","B11","24.095714","120.728348","3"
"2019","7","1","15","33","臺中市","太平區","0","0","0","8","","","40","","","","","","","","","","","","","","","","","","","","B03","","","1","","2","","","12","","1","","","B03","24.156697","120.725381","3"
"2019","7","1","15","37","臺中市","西屯區","0","1","0","8","1","5","50","4","1","1","5","4","5","7","1","1","5","5","5","2","15","25","3","10","1","1","B03","7","9","1","8","2","8","","25","25","1","22","8","B03","24.185051","120.641416","2"
"2019","7","1","15","41","臺中市","龍井區","0","1","0","8","1","5","40","4","2","1","5","4","5","7","2","1","10","5","1","2","16","23","2","9","3","4","C03","7","9","1","10","2","11","","23","23","1","22","9","C03","24.182917","120.593025","2"
"2019","7","1","15","42","臺中市","潭子區","0","1","0","8","1","5","40","14","9","1","5","4","5","7","4","4","10","5","5","2","10","19","2","9","1","1","C04","7","1","1","8","2","11","","19","19","1","22","8","C04","24.203925","120.708583","2"
"2019","7","1","15","51","臺中市","后里區","0","1","0","8","1","5","50","14","13","1","5","4","5","7","3","1","9","4","5","1","13","23","2","8","3","4","C03","7","9","1","10","3","11","","23","23","1","22","8","C03","24.318005","120.724259","2"
"2019","7","1","15","58","臺中市","東區","0","2","0","8","1","5","40","3","1","1","5","4","5","7","4","4","10","5","5","2","16","6","2","9","1","1","C03","7","6","1","10","2","15","","6","6","1","22","8","C03","24.141313","120.689215","2"
"2019","7","1","16","0","臺中市","神岡區","0","0","0","8","","","50","","","","","","","","","","","","","","","","","","","","B03","","","1","","2","","","19","","1","","","B03","24.253695","120.673224","3"
"2019","7","1","16","5","臺中市","西區","0","0","0","8","","","40","","","","","","","","","","","","","","","","","","","","B03","","","1","","2","","","12","","1","","","B03","24.150189","120.659511","4"
"2019","7","1","16","7","臺中市","西屯區","0","0","0","8","","","50","","","","","","","","","","","","","","","","","","","","B03","","","1","","2","","","42","","1","22","","B03","24.154824","120.608524","3"
"2019","7","1","16","10","臺中市","西區","0","0","0","8","","","50","","","","","","","","","","","","","","","","","","","","","","","7","","11","","","43","","1","","","","24.138188","120.675485","3"
"2019","7","1","16","12","臺中市","大雅區","0","0","0","8","","","50","","","","","","","","","","","","","","","","","","","","B12","","","1","","2","","","16","","1","","","B12","24.22067","120.657116","3"
"2019","7","1","16","14","臺中市","大雅區","0","1","0","8","1","5","50","14","9","1","5","4","5","7","4","4","9","4","5","1","15","19","3","10","1","1","C03","7","9","1","10","2","11","","44","19","1","22","9","C03","24.216084","120.648254","2"
"2019","7","1","16","17","臺中市","南屯區","0","0","0","8","","","40","","","","","","","","","","","","","","","","","","","","B03","","","1","","2","","","16","","1","4","","B03","24.150901","120.623746","3"
"2019","7","1","16","31","臺中市","梧棲區","0","0","0","8","","","60","","","","","","","","","","","","","","","","","","","","B03","","","1","","2","","","23","","1","20","","B03","24.251901","120.537008","3"
"2019","7","1","16","35","臺中市","南屯區","0","1","0","8","1","5","50","4","1","1","5","4","5","7","1","1","10","5","5","2","15","25","3","10","1","1","B03","7","9","1","8","2","7","","25","25","1","21","8","B03","24.132275","120.637688","2"
"2019","7","1","16","37","臺中市","南屯區","0","0","0","8","","","50","","","","","","","","","","","","","","","","","","","","B03","","","1","","2","","","12","","1","22","","B03","24.131849","120.649928","3"
"2019","7","1","16","40","臺中市","西區","0","0","0","8","1","5","50","14","7","1","5","4","5","7","2","1","4","4","4","2","13","","","","","","B03","","","1","","2","","","23","","1","20","","B03","24.151995","120.665653","3"
"2019","7","1","16","40","臺中市","東區","0","1","0","8","1","5","50","3","1","1","5","4","5","7","2","1","10","5","5","2","16","27","2","9","1","1","C03","7","9","1","10","2","14","","1","27","1","22","8","C03","24.142734","120.710901","2"
"2019","7","1","16","40","臺中市","龍井區","0","2","0","8","1","5","50","3","1","1","5","4","5","7","4","4","10","5","5","2","16","10","3","10","1","1","B03","7","11","1","8","2","7","","10","10","1","19","8","B03","24.181174","120.591045","2"
"2019","7","1","16","40","臺中市","清水區","0","0","0","8","1","5","40","14","9","1","5","4","5","7","4","4","10","5","5","2","12","23","3","10","1","1","B12","7","9","1","8","2","6","","23","23","1","5","1","B12","24.272985","120.632409","3"
"2019","7","1","16","41","臺中市","南區","0","2","0","8","1","5","50","4","1","1","5","4","5","7","2","1","10","5","5","2","16","26","2","8","1","1","C03","7","6","1","10","2","12","","26","26","1","5","8","C03","24.133994","120.681903","2"
"2019","7","1","16","50","臺中市","東區","0","0","0","8","","","40","","","","","","","","","","","","","","","","","","","","B12","","","1","","2","","","23","","1","","","B12","24.127234","120.699687","3"
"2019","7","1","16","50","臺中市","大甲區","0","1","0","8","1","5","50","3","1","1","5","4","5","7","3","1","10","5","5","2","16","6","3","10","1","1","B03","7","5","1","8","2","1","","6","6","1","5","8","B03","24.34789","120.624451","2"
"2019","7","1","17","4","臺中市","大里區","0","0","0","8","","","50","","","","","","","","","","","","","","","","","","","","C03","","","1","","2","","","23","","1","4","","C03","24.0957","120.696697","3"
"2019","7","1","17","4","臺中市","大甲區","0","1","0","8","1","5","50","11","9","1","5","4","5","7","4","4","5","5","5","2","16","43","3","10","1","1","B03","7","9","1","8","2","4","","43","43","1","4","1","B03","24.403298","120.663077","2"
"2019","7","1","17","6","臺中市","沙鹿區","0","2","0","8","1","5","50","4","1","1","5","4","5","7","4","4","10","5","5","2","15","6","2","9","1","1","C03","7","9","1","10","2","11","","6","6","1","20","9","C03","24.237845","120.56098","2"
"2019","7","1","17","9","臺中市","潭子區","0","1","0","8","1","5","50","4","2","1","5","4","5","7","1","1","10","5","4","2","16","6","3","10","1","1","B03","7","5","1","8","2","5","","23","6","1","22","8","B03","24.204087","120.718704","2"
"2019","7","1","17","13","臺中市","大甲區","0","1","0","8","1","5","50","14","9","1","5","4","5","7","4","4","9","5","5","2","13","23","3","10","1","1","B03","7","9","1","8","2","5","","23","23","1","4","9","B03","24.369463","120.609925","2"
"2019","7","1","17","14","臺中市","南屯區","0","1","0","8","2","5","50","14","9","1","5","4","5","7","4","4","10","5","5","2","13","23","2","7","4","5","F01","7","9","8","20","2","16","","23","23","1","14","8","F01","24.142184","120.647795","2"
"2019","7","1","17","15","臺中市","烏日區","0","0","0","8","","","60","","","","","","","","","","","","","","","","","","","","B03","","","1","","2","","","7","","1","22","","B03","24.105795","120.61822","3"
"2019","7","1","17","18","臺中市","西屯區","0","3","0","8","1","5","40","4","1","1","5","4","5","7","2","1","1","5","5","2","15","43","2","8","1","1","C03","7","9","1","10","2","11","12","43","43","1","22","8","C03","24.162382","120.649583","2"
"2019","7","1","17","20","臺中市","后里區","0","0","0","8","","","50","","","","","","","","","","","","","","","","","","","","C03","","","1","","2","","","6","","1","22","","C03","24.309255","120.732711","4"
"2019","7","1","17","27","臺中市","東區","0","1","0","8","1","5","50","4","1","1","5","4","5","7","1","1","10","5","5","2","16","25","3","10","1","1","B03","7","9","1","8","2","1","","25","25","1","22","8","B03","24.146248","120.70814","2"
"2019","7","1","17","30","臺中市","北屯區","0","0","0","8","","","50","","","","","","","","","","","","","","","","","","","","C03","","","1","","2","","","7","","1","21","","C03","24.175214","120.67139","3"
"2019","7","1","17","39","臺中市","北屯區","0","1","0","8","1","5","50","14","9","1","5","4","5","7","4","4","5","4","5","2","16","26","3","10","1","1","B03","7","11","1","8","2","7","","26","26","1","22","8","B03","24.176182","120.725149","2"
"2019","7","1","17","44","臺中市","神岡區","0","0","0","8","","","50","","","","","","","","","","","","","","","","","","","","B03","","","1","","2","","","16","","1","21","","B03","24.2628","120.656582","3"
"2019","7","1","17","45","臺中市","神岡區","0","0","0","8","","","50","","","","","","","","","","","","","","","","","","","","B03","","","1","","2","","","7","","1","21","","B03","24.248798","120.697503","3"
"2019","7","1","17","50","臺中市","北區","0","0","0","8","","","40","","","","","","","","","","","","","","","","","","","","C03","","","1","","2","","","6","","1","","","C03","24.156691","120.695815","3"
"2019","7","1","17","51","臺中市","西屯區","0","0","0","8","","","40","","","","","","","","","","","","","","","17","","","","","B03","","","1","","2","","","23","17","1","21","","B03","24.168128","120.64842","3"
"2019","7","1","17","55","臺中市","梧棲區","0","3","0","8","1","5","50","4","2","1","5","4","5","7","1","1","10","5","5","2","16","4","2","9","3","4","C03","7","9","2","18","2","11","","4","4","1","22","8","C03","24.260431","120.542831","2"
"2019","7","1","17","57","臺中市","大雅區","0","1","0","8","1","5","40","4","2","1","5","4","5","7","1","1","5","4","5","1","16","23","3","10","1","1","B03","7","5","1","8","2","8","","23","23","1","22","8","B03","24.229403","120.654331","2"
"2019","7","1","18","0","臺中市","西屯區","0","0","0","8","2","5","50","","","","","","","","","","","","","","","17","","","","","B03","","","1","","2","2","","17","17","1","22","","B03","24.183937","120.622061","3"
"2019","7","1","18","0","臺中市","潭子區","0","0","0","8","","","50","","","","","","","","","","","","","","","","","","","","B12","","","1","","2","","","12","","1","22","","B12","24.187938","120.700296","3"
"2019","7","1","18","2","臺中市","西屯區","0","0","0","8","","","50","","","","","","","","","","","","","","","","","","","","B03","","","1","","2","","","43","","1","22","","B03","24.169105","120.646777","3"
"2019","7","1","18","5","臺中市","梧棲區","0","1","0","8","1","5","40","4","2","1","5","4","5","7","2","1","10","5","5","2","13","16","2","7","1","1","C03","7","9","1","10","2","11","","16","16","1","18","1","C03","24.242718","120.533369","2"
"2019","7","1","18","6","臺中市","東區","0","1","0","8","1","5","50","4","1","1","5","4","5","7","1","1","10","5","5","2","16","6","3","10","1","1","B12","7","5","1","8","2","5","","6","6","1","22","8","B12","24.127295","120.700616","2"
"2019","7","1","18","8","臺中市","西區","0","1","0","8","1","5","50","4","1","1","5","4","5","7","1","1","10","5","5","2","16","6","3","10","1","1","B03","7","5","1","8","1","6","","6","6","1","21","8","B03","24.140163","120.660191","2"
"2019","7","1","18","11","臺中市","西區","0","1","0","8","1","5","50","4","2","1","5","4","5","7","4","4","1","2","4","2","18","23","2","9","1","1","C03","7","9","1","10","2","14","","23","23","1","21","8","C03","24.149166","120.657388","2"
"2019","7","1","18","12","臺中市","東區","0","0","0","8","","","50","","","","","","","","","","","","","","","","","","","","B03","","","1","","2","","","23","","1","","","B03","24.13886","120.699971","3"
"2019","7","1","18","20","臺中市","西區","0","1","0","8","1","5","50","4","1","1","5","4","5","7","2","1","10","5","5","2","13","23","2","8","1","1","B03","7","9","1","8","2","1","","23","23","1","20","8","B03","24.141211","120.666739","2"
"2019","7","1","18","20","臺中市","南區","0","0","0","8","1","5","40","3","1","1","5","4","5","7","4","4","10","5","5","2","16","","","","","","C03","","","1","","2","","","6","","1","5","","C03","24.125626","120.658058","3"
"2019","7","1","18","24","臺中市","西區","0","1","0","8","1","5","50","4","1","1","5","4","5","7","1","1","5","4","5","2","13","16","2","8","1","1","C03","7","9","1","10","2","11","","16","16","1","22","8","C03","24.146718","120.660204","2"
"2019","7","1","18","30","臺中市","沙鹿區","0","0","0","8","","","50","","","","","","","","","","","","","","","","","","","","B12","","","1","","2","","","42","","1","9","","B12","24.226838","120.571726","3"
"2019","7","1","18","40","臺中市","后里區","0","2","0","8","3","5","40","3","1","1","5","4","5","7","4","4","10","5","5","2","16","6","2","9","1","1","C03","7","5","1","10","2","13","","6","6","1","22","9","C03","24.294934","120.701202","2"
"2019","7","1","18","42","臺中市","北屯區","0","1","0","8","1","5","50","4","1","1","5","4","5","7","1","1","10","5","5","2","17","6","3","10","1","1","B03","7","6","1","8","2","5","","6","6","1","21","8","B03","24.164955","120.694126","2"
"2019","7","1","18","45","臺中市","龍井區","0","1","0","8","2","5","50","3","2","1","5","4","5","7","4","4","9","5","5","1","16","6","2","7","1","1","C04","7","5","3","18","2","12","","6","6","1","19","8","C04","24.18241","120.582168","2"
"2019","7","1","18","50","臺中市","北區","0","0","0","8","","","50","","","","","","","","","","","","","","","23","3","","","","B03","","","1","2","2","5","","23","23","","21","","B03","24.154383","120.694467","3"
"2019","7","1","18","50","臺中市","南屯區","0","0","0","8","","","50","","","","","","","","","","","","","","","","3","","","","B12","","","1","","10","","","44","","1","21","","B12","24.136103","120.602216","3"
"2019","7","1","19","12","臺中市","西區","0","2","0","8","3","5","50","5","1","1","5","4","5","7","1","1","2","4","5","2","16","25","3","10","1","1","B03","7","9","1","8","2","1","","25","25","1","22","8","B03","24.131814","120.672544","2"
"2019","7","1","19","14","臺中市","潭子區","0","0","0","8","","","50","","","","","","","","","","","","","","","","","","","","B03","","","1","","2","","","42","","","21","","B03","24.229663","120.715095","3"
"2019","7","1","19","16","臺中市","大雅區","0","1","0","8","3","5","50","5","1","1","5","4","5","7","1","1","1","5","5","1","17","25","3","10","1","1","C03","7","9","1","10","2","12","","25","25","1","22","9","C03","24.241023","120.630311","2"
"2019","7","1","19","18","臺中市","太平區","0","0","0","8","","","40","","","","","","","","","","","","","","","","","","","","B03","","","1","","2","","","17","","1","","","B03","24.130852","120.721344","3"
"2019","7","1","19","20","臺中市","南屯區","0","0","0","8","","","40","","","","","","","","4","","","","","","","12","3","","","","B12","","","1","","2","","","12","12","1","21","","B12","24.133729","120.621414","3"
"2019","7","1","19","30","臺中市","西區","0","0","0","8","3","5","50","14","7","1","5","4","5","7","4","","1","4","5","2","29","","","","","","","","","8","","10","","","66","","1","","","","24.12897","120.665969","3"
"2019","7","1","19","47","臺中市","潭子區","0","1","0","8","3","5","50","4","1","1","5","4","5","7","4","4","10","5","5","2","15","6","2","9","1","1","C03","7","9","1","10","2","11","","6","6","1","22","8","C03","24.217651","120.69333","2"
"2019","7","1","19","53","臺中市","豐原區","0","0","0","8","","","60","","","","","","","","","","","","","","","12","","","","","B03","","","1","","9","","","44","12","1","22","","B03","24.237131","120.705153","3"
"2019","7","1","19","55","臺中市","沙鹿區","0","1","0","8","4","5","50","14","9","1","5","4","5","7","4","4","10","5","5","2","6","53","2","9","4","5","H01","8","18","8","20","10","16","","53","53","1","13","8","H01","24.257577","120.600547","2"
"2019","7","1","20","5","臺中市","北屯區","0","1","0","8","1","5","50","4","1","1","5","4","5","7","1","1","10","5","5","2","17","6","3","10","1","1","B03","7","5","1","8","2","5","","6","6","1","21","8","B03","24.188906","120.660531","2"
"2019","7","1","20","5","臺中市","潭子區","0","0","0","8","","","80","","","","","","","","","","","","","","","","","","","","B12","","","1","","2","","","23","","1","22","","B12","24.200586","120.711358","3"
"2019","7","1","20","13","臺中市","潭子區","0","2","0","8","4","5","50","3","2","1","5","4","5","7","1","1","1","4","4","1","13","23","2","8","1","1","C03","7","9","1","10","2","11","","23","23","1","22","8","C03","24.201089","120.701607","2"
"2019","7","1","20","15","臺中市","北區","0","0","0","8","","","50","","","","","","","","","","","","","","","","","","","","B03","","","1","","2","","","7","","1","","","B03","24.163041","120.682365","3"
"2019","7","1","20","16","臺中市","南區","0","1","0","8","3","5","50","3","1","1","5","4","5","7","1","1","10","5","5","2","29","23","2","9","1","1","C03","7","9","1","10","2","12","","23","23","1","18","8","C03","24.116473","120.654313","2"
"2019","7","1","20","18","臺中市","南屯區","0","0","0","8","","","50","","","","","","","","","","","","","","","","","","","","B03","","","1","","2","","","17","","1","5","","B03","24.14547","120.632429","3"
"2019","7","1","20","40","臺中市","大甲區","0","1","0","8","1","5","50","3","1","1","5","4","5","7","4","4","10","5","5","2","16","43","3","10","1","1","B03","7","9","1","8","2","8","","43","43","1","4","8","B03","24.347348","120.628384","2"
"2019","7","1","20","49","臺中市","西屯區","0","0","0","8","3","5","50","","","","","","","","","","","","","","","6","","","","","B03","","","1","","2","2","","6","6","1","22","","B03","24.180817","120.622097","3"
"2019","7","1","21","0","臺中市","北屯區","0","0","0","8","","","50","","","","","","","","","","","","","","","","","","","","B03","","","1","","2","","","12","","1","","","B03","24.182535","120.686375","3"
"2019","7","1","21","7","臺中市","西屯區","0","2","0","8","3","5","40","3","9","1","5","4","5","7","4","4","10","5","5","2","16","6","2","9","3","4","C03","7","9","1","10","2","14","","6","6","1","22","8","C03","24.163793","120.662043","2"
"2019","7","1","21","10","臺中市","梧棲區","0","0","0","8","","","50","","","","","","","","","","","","","","","","","","","","B12","","","1","","2","","","23","","1","9","","B12","24.252299","120.537002","3"
"2019","7","1","21","22","臺中市","大甲區","0","0","0","","","","","","","","","","","","","","","","","","","6","","","","","B03","","","1","","2","","","6","6","1","","","B03","24.372549","120.63806","3"
"2019","7","1","21","24","臺中市","大雅區","0","0","0","8","3","5","50","3","1","1","5","4","5","7","3","1","10","5","5","2","16","10","3","10","1","1","B03","7","11","1","8","4","4","","10","10","1","22","9","B03","24.233621","120.638144","3"
"2019","7","1","21","25","臺中市","西區","0","0","0","8","","","50","","","","","","","","","","","","","","","","","","","","B03","","","1","","2","","","7","","1","5","","B03","24.149148","120.67171","3"
"2019","7","1","21","32","臺中市","南區","0","0","0","8","3","5","50","3","1","1","5","4","5","7","4","4","10","5","5","2","16","","","","","","B03","","","1","","2","","","23","","1","5","","B03","24.126176","120.659479","3"
"2019","7","1","21","32","臺中市","南屯區","0","2","0","8","3","5","50","14","7","1","5","4","5","7","4","4","5","4","4","2","16","19","2","9","1","1","C03","7","1","1","10","2","13","","19","19","1","22","8","C03","24.134921","120.650661","2"
"2019","7","1","21","54","臺中市","北區","0","0","0","8","","","50","","","","","","","","","","","","","","","","","","","","B02","","","1","","2","","","23","","1","","","B02","24.167511","120.672975","3"
"2019","7","1","22","14","臺中市","南區","0","2","0","8","1","5","50","4","1","1","5","4","5","7","1","1","10","5","5","2","13","16","2","8","1","1","C03","7","9","1","10","2","11","","16","16","1","4","8","C03","24.11674","120.65397","2"
"2019","7","1","22","15","臺中市","潭子區","0","0","0","8","","","60","","","","","","","","","","","","","","","","","","","","B03","","","1","","2","","","23","","1","22","","B03","24.220653","120.706288","3"
"2019","7","1","22","16","臺中市","大甲區","0","1","0","8","3","5","50","3","9","1","5","4","5","7","3","1","5","4","5","1","18","21","2","9","1","1","C03","7","9","6","18","8","12","","21","21","1","20","8","C03","24.379392","120.654072","2"
"2019","7","1","22","20","臺中市","西區","0","1","0","8","1","5","50","4","1","1","5","4","5","7","4","4","1","4","4","2","16","6","3","10","1","1","B03","7","6","1","8","2","4","","6","6","1","20","8","B03","24.148079","120.674086","2"
"2019","7","1","22","20","臺中市","西屯區","0","0","0","8","","","50","","","","","","","","","","","","","","","","","","","","B03","","","1","","2","","","26","","1","","","B03","24.187076","120.610113","3"
"2019","7","1","23","15","臺中市","北屯區","0","3","0","8","3","5","50","4","1","1","5","4","5","7","1","1","10","5","5","2","17","26","2","9","1","1","C03","7","6","1","10","2","12","","26","26","1","21","8","C03","24.171188","120.681431","2"
"2019","7","1","23","25","臺中市","大安區","0","1","0","8","3","8","90","14","7","1","5","4","5","7","4","4","1","4","5","1","13","42","2","8","1","1","B03","7","9","1","8","2","1","","42","42","1","21","8","B03","24.371724","120.58683","2"
"2019","7","1","23","52","臺中市","沙鹿區","0","0","0","8","","","50","","","","","","","","","","","","","","","","","","","","B03","","","1","","2","","","23","","1","4","","B03","24.223123","120.569831","3"
"2019","7","2","0","18","臺中市","北區","0","2","0","8","3","5","50","4","1","1","5","4","5","7","4","4","10","5","5","2","15","6","2","9","3","4","C03","7","9","1","10","2","12","","14","6","1","22","9","C03","24.153599","120.679365","2"
"2019","7","2","0","30","臺中市","南區","0","1","0","8","3","5","50","4","1","1","5","4","5","7","4","4","10","5","5","2","15","6","2","8","1","1","C03","7","9","1","10","2","11","","6","6","1","22","8","C03","24.131593","120.683143","2"
"2019","7","2","0","51","臺中市","太平區","0","0","0","8","","","50","","","","","","","","","","","","","","","","","","","","A11","","","1","","2","","","23","","1","4","","A11","24.140371","120.729705","3"
"2019","7","2","2","41","臺中市","北區","0","1","0","8","3","5","50","4","1","1","5","4","5","7","3","1","10","5","5","2","15","6","3","10","1","1","B12","7","9","1","8","2","2","","6","6","1","5","8","B12","24.149341","120.677273","2"
"2019","7","2","4","45","臺中市","西屯區","0","1","0","8","1","5","50","5","9","1","5","4","5","7","1","1","1","2","5","2","18","21","2","9","1","1","C03","7","9","1","10","5","14","","21","21","1","22","9","C03","24.190991","120.594753","2"
"2019","7","2","5","47","臺中市","神岡區","0","1","0","7","1","5","50","14","7","1","5","4","5","7","4","4","4","4","4","2","16","26","3","10","1","1","C03","7","11","1","8","2","13","","26","26","1","22","8","C03","24.239493","120.695623","2"
"2019","7","2","6","7","臺中市","南屯區","0","1","0","7","1","5","50","4","1","1","5","4","5","7","4","4","8","4","4","2","16","6","3","10","1","1","B12","7","9","1","8","2","2","","6","6","1","22","8","B12","24.142096","120.632655","2"
"2019","7","2","6","25","臺中市","沙鹿區","0","1","0","8","1","5","40","14","9","1","5","4","5","7","4","4","10","5","5","2","13","16","2","9","1","1","C03","7","9","3","18","2","11","","16","16","1","9","1","C03","24.251267","120.571003","2"
"2019","7","2","6","30","臺中市","西屯區","0","0","0","8","","","50","","","","","","","","","","","","","","","23","","","","","B03","","","1","","2","","","23","23","1","","","B03","24.200431","120.6566","3"
"2019","7","2","7","4","臺中市","西屯區","0","0","0","8","","","1","","","","","","","","","","","","","","","43","","","","","","","","7","","11","","","43","43","","","","","24.171708","120.643543","3"
"2019","7","2","7","11","臺中市","西屯區","0","1","0","8","1","8","50","4","1","1","5","4","5","7","1","1","8","3","4","1","16","6","3","10","1","1","B03","7","6","1","8","2","2","","6","6","1","4","8","B03","24.195915","120.643178","2"
"2019","7","2","7","11","臺中市","潭子區","0","0","0","8","","","50","","","","","","","","","","","","","","","","","","","","B03","","","1","","2","","","44","","1","22","","B03","24.208679","120.711625","3"
"2019","7","2","7","27","臺中市","烏日區","0","1","0","7","1","5","70","4","2","1","5","4","5","7","2","1","1","4","4","2","18","23","2","9","1","1","C03","7","9","1","10","2","11","","23","23","1","21","8","C03","24.106566","120.614035","2"
"2019","7","2","7","30","臺中市","太平區","0","0","0","8","","","40","","","","","","","","","","","","","","","","","","","","B03","","","1","","2","","","18","","1","21","","B03","24.148934","120.719287","3"
"2019","7","2","7","30","臺中市","清水區","0","1","0","7","1","5","40","4","1","1","5","4","5","7","4","4","9","5","5","2","15","6","2","9","1","1","C03","7","9","1","10","2","11","","6","6","1","4","1","C03","24.262266","120.549023","2"
"2019","7","2","7","30","臺中市","大雅區","0","1","0","8","1","5","50","11","9","1","5","4","5","7","4","4","1","4","5","1","23","23","2","9","1","1","C03","7","9","1","10","2","11","","23","23","1","22","9","C03","24.21963","120.615335","2"
"2019","7","2","7","31","臺中市","大雅區","0","1","0","8","1","5","50","3","2","1","5","4","5","7","4","4","5","5","5","1","17","1","3","10","1","1","C03","7","9","1","10","2","14","","1","1","1","21","8","C03","24.218884","120.646855","2"
"2019","7","2","7","35","臺中市","西區","0","1","0","8","1","5","50","4","1","1","5","4","5","7","4","4","10","5","5","2","15","6","3","10","1","1","B03","7","9","1","8","2","4","","6","6","1","21","8","B03","24.138946","120.658835","2"
"2019","7","2","7","36","臺中市","南屯區","0","1","0","8","1","5","40","14","8","1","5","4","5","7","4","4","1","4","4","2","13","23","2","9","1","4","C03","7","9","1","10","2","11","","23","23","1","22","8","C03","24.1402","120.6478","2"
"2019","7","2","7","37","臺中市","神岡區","0","2","0","7","1","5","40","3","1","1","5","4","5","7","4","4","10","5","5","2","16","6","2","9","1","1","C03","7","5","1","10","2","11","","6","6","1","21","8","C03","24.243535","120.684466","2"
"2019","7","2","7","40","臺中市","大安區","0","1","0","8","1","5","50","4","1","1","5","4","5","7","1","1","10","5","5","2","17","43","2","9","1","1","C03","7","9","1","10","2","12","","43","43","1","16","8","C03","24.344466","120.588166","2"
"2019","7","2","7","44","臺中市","烏日區","0","3","0","8","1","5","40","4","9","1","5","4","5","7","4","4","10","5","5","2","16","6","2","9","1","1","C03","7","5","1","10","2","11","","6","6","1","22","8","C03","24.055536","120.648336","2"
"2019","7","2","7","44","臺中市","潭子區","0","1","0","7","1","5","40","11","9","1","5","4","5","7","4","4","10","5","5","1","16","17","2","9","1","1","C03","7","9","1","10","2","14","","17","17","1","21","8","C03","24.193565","120.711945","2"
"2019","7","2","7","45","臺中市","神岡區","0","0","0","8","","","50","","","","","","","","","","","","","","","","","","","","B03","","","1","","2","","","16","","1","21","","B03","24.248047","120.690679","3"
"2019","7","2","7","46","臺中市","龍井區","0","0","0","","","","","","","","","","","","","","","","","","","","","","","","B03","","","1","","2","","","23","","1","22","","B03","24.176275","120.580378","3"