"年","月","日","時","分","縣市","區","死","受傷","2-30","天候","光線","道路類別","速限","道路型態","事故位置","路面鋪裝","路面狀態","路面缺陷","障礙物","視距","號誌種類","號誌動作","分向設施","快車道或一般車道間","快慢車道間","路面邊線","事故類型及型態","主要肇因","受傷程度","主要傷處","保護裝備","行動電話","當事者區分_類別","車輛用途","當事者行動狀態","駕駛資格情形","駕駛執照種類","飲酒情形","車輛撞擊部位最初","車輛撞擊部位其他","肇事因素個別","肇事因素主要","肇事逃逸","職業","旅次目的","車種","GPS座標_緯度","GPS座標_經度","事故類別"
"2019","7","2","7","50","臺中市","東區","0","1","0","8","1","5","50","4","1","1","5","4","5","7","4","4","10","5","5","2","17","13","2","9","1","1","C03","7","9","1","10","2","14","","13","13","1","21","8","C03","24.129678","120.69921","2"
"2019","7","2","7","50","臺中市","大雅區","0","1","0","8","1","5","50","4","1","1","5","4","5","7","1","1","5","5","5","1","17","6","3","10","1","1","B03","7","5","1","8","2","1","","6","6","1","21","8","B03","24.235103","120.655118","2"
"2019","7","2","7","54","臺中市","西屯區","0","1","0","8","1","5","50","3","1","1","5","4","5","7","4","4","5","4","5","2","13","16","2","9","3","4","C03","7","9","1","10","2","11","","16","16","1","22","8","C03","24.173106","120.613435","2"
"2019","7","2","7","58","臺中市","太平區","0","0","0","6","","","40","","","","","","","","","","","","","","","","","","","","B12","","","1","","2","","","23","","1","21","","B12","24.123773","120.714104","3"
"2019","7","2","8","2","臺中市","沙鹿區","0","0","0","6","","","40","","","","","","","","","","","","","","","","","","","","B12","","","1","","2","","","18","","1","4","","B12","24.237014","120.564356","3"
"2019","7","2","8","10","臺中市","沙鹿區","0","1","0","7","1","5","50","4","1","1","5","4","5","7","3","1","10","5","5","2","29","42","2","9","1","1","C03","7","9","1","10","2","12","","42","42","1","5","8","C03","24.205719","120.573367","2"
"2019","7","2","8","10","臺中市","沙鹿區","0","0","0","8","","","50","","","","","","","","","","","","","","","","","","","","B12","","","1","","2","","","43","","1","3","","B12","24.197553","120.590104","3"
"2019","7","2","8","20","臺中市","西屯區","0","0","0","8","","","40","","","","","","","","","","","","","","","7","","","","","B03","","","1","","2","","","23","7","1","22","","B03","24.172538","120.61442","3"
"2019","7","2","8","23","臺中市","北區","0","2","0","8","1","5","50","4","2","1","5","4","5","7","1","1","1","2","5","2","13","23","2","1","1","1","C03","7","9","1","10","2","11","","23","23","1","21","8","C03","24.155704","120.677051","2"
"2019","7","2","8","25","臺中市","北屯區","0","1","0","8","1","5","50","4","2","1","5","4","5","7","1","1","10","5","5","2","16","6","3","10","3","4","B01","7","6","1","4","2","4","","6","6","1","10","8","B01","24.200988","120.670783","2"
"2019","7","2","8","25","臺中市","神岡區","0","0","0","8","","","50","","","","","","","","","","","","","","","","","","","","B03","","","1","","2","","","23","","1","21","","B03","24.260444","120.707222","3"
"2019","7","2","8","27","臺中市","西區","0","2","0","8","1","5","50","14","9","1","5","4","5","7","4","4","5","4","5","2","16","26","2","9","1","1","C03","7","11","1","10","2","11","","26","26","1","21","8","C03","24.150854","120.669251","2"
"2019","7","2","8","34","臺中市","潭子區","0","1","0","8","1","5","40","14","9","1","5","4","5","7","4","4","10","5","5","2","17","42","2","9","1","1","C03","7","9","1","10","2","11","","42","42","1","22","8","C03","24.212232","120.691042","2"
"2019","7","2","8","35","臺中市","南屯區","0","1","0","8","1","5","50","14","7","1","5","4","5","7","4","4","5","5","4","2","16","26","3","10","1","1","B12","7","11","1","8","2","8","","26","26","1","19","8","B12","24.14855","120.615358","2"
"2019","7","2","8","35","臺中市","西屯區","0","0","0","8","","","40","","","","","","","","","","","","","","","12","","","","","B03","","","1","","2","","","12","12","1","4","","B03","24.166403","120.660836","3"
"2019","7","2","8","37","臺中市","西區","0","0","0","8","","","50","","","","","","","","","","","","","","","","","","","","C03","","","1","","2","","","43","","1","22","","C03","24.141323","120.666733","3"
"2019","7","2","8","40","臺中市","西區","0","0","0","8","","","50","","","","","","","","","","","","","","","","","","","","B03","","","1","","2","","","23","","1","22","","B03","24.139346","120.663084","4"
"2019","7","2","9","0","臺中市","南屯區","0","1","0","8","1","5","50","14","8","1","5","4","5","7","4","4","9","5","4","2","17","19","3","10","1","1","C03","7","1","1","10","2","11","11","19","19","1","5","1","C03","24.133224","120.640824","2"
"2019","7","2","9","0","臺中市","大甲區","0","0","0","8","","","50","","","","","","","","","","","","","","","","","","","","B03","","","1","","2","","","23","","1","4","","B03","24.345286","120.629735","3"
"2019","7","2","9","5","臺中市","西屯區","0","1","0","8","1","5","40","4","1","1","5","4","5","7","4","4","10","5","5","2","14","12","3","10","1","1","B03","7","2","1","8","2","3","","12","12","1","22","8","B03","24.166345","120.656541","2"
"2019","7","2","9","8","臺中市","潭子區","0","0","0","8","","","50","","","","","","","","","","","","","","","","","","","","C03","","","1","","2","","","1","","1","22","","C03","24.217835","120.721645","3"
"2019","7","2","9","10","臺中市","大雅區","0","0","0","8","","","60","","","","","","","","","","","","","","","","","","","","A41","","","1","","2","","","7","","1","10","","A41","24.235083","120.636431","4"
"2019","7","2","9","15","臺中市","南屯區","0","0","0","8","","","50","","","","","","","","","","","","","","","","","","","","B03","","","1","","2","","","23","","1","21","","B03","24.148775","120.638714","3"
"2019","7","2","9","16","臺中市","北區","0","1","0","8","1","5","50","3","1","1","5","4","5","7","4","4","10","5","5","2","17","11","2","9","1","1","C03","7","11","3","18","2","14","","11","11","1","22","8","C03","24.14972","120.67561","2"
"2019","7","2","9","20","臺中市","南屯區","0","1","0","8","1","5","50","4","4","1","5","4","5","7","2","1","5","5","5","2","13","23","3","10","1","1","B03","7","9","1","8","2","5","5","23","23","1","5","3","B03","24.15817","120.634216","2"
"2019","7","2","9","23","臺中市","霧峰區","0","0","0","8","","","50","","","","","","","","","","","","","","","","","","","","C03","","","3","","2","","","25","","2","19","","C03","24.07588","120.69971","3"
"2019","7","2","9","30","臺中市","后里區","0","0","0","8","1","5","40","14","9","1","5","4","5","7","4","4","10","5","5","1","14","","","","","","B03","","","1","","2","","","12","","1","20","","B03","24.312417","120.724999","4"
"2019","7","2","9","37","臺中市","中區","0","1","0","8","1","5","50","4","1","1","5","4","5","7","1","1","3","2","4","2","16","45","2","9","1","1","C03","7","9","1","10","2","11","","45","45","1","21","8","C03","24.135896","120.682211","2"
"2019","7","2","9","40","臺中市","清水區","0","1","0","8","1","5","40","4","1","1","5","4","5","7","3","1","10","5","5","2","15","6","3","10","1","1","C03","7","9","1","10","2","14","","6","6","1","5","5","C03","24.266667","120.563606","2"
"2019","7","2","9","40","臺中市","沙鹿區","0","1","0","8","1","5","40","14","8","1","5","4","5","7","4","4","5","5","4","2","17","40","3","10","3","1","B12","7","13","1","7","2","4","","40","40","1","20","8","B12","24.23699","120.566443","2"
"2019","7","2","9","50","臺中市","南屯區","0","0","0","8","","","50","","","","","","","","","","","","","","","","","","","","B02","","","1","","2","","","7","","1","22","","B02","24.136981","120.648828","3"
"2019","7","2","9","53","臺中市","北屯區","0","0","0","8","","","50","","","","","","","","","","","","","","","25","","","","","B12","","","1","","2","","","25","25","1","5","","B12","24.181853","120.703986","3"
"2019","7","2","9","56","臺中市","太平區","0","0","0","8","","","40","","","","","","","","","","","","","","","","","","","","","","","7","","11","","","43","","","","","","24.149133","120.720444","3"
"2019","7","2","10","1","臺中市","西區","0","0","0","8","","","50","","","","","","","","","","","","","","","","","","","","B03","","","1","","11","","","43","","1","2","","B03","24.157736","120.660003","3"
"2019","7","2","10","14","臺中市","西屯區","0","0","0","8","","","40","","","","","","","","","","","","","","","","","","","","C03","","","1","","2","","","23","","1","22","","C03","24.183665","120.629129","3"
"2019","7","2","10","15","臺中市","大甲區","0","1","0","8","1","5","50","14","5","1","5","4","5","7","4","4","10","5","5","2","16","6","3","10","1","1","B12","7","5","1","8","2","2","","6","6","1","9","8","B12","24.345666","120.6562","2"
"2019","7","2","10","28","臺中市","沙鹿區","0","0","0","8","","","60","","","","","","","","","","","","","","","","","","","","B03","","","1","","2","","","16","","1","22","","B03","24.227689","120.558601","3"
"2019","7","2","10","31","臺中市","西區","0","1","0","8","1","5","50","4","1","1","5","4","5","7","2","1","10","5","5","2","16","9","3","10","1","1","B03","7","6","1","8","2","2","","9","9","1","21","8","B03","24.146592","120.665903","2"
"2019","7","2","10","32","臺中市","北屯區","0","0","0","8","","","50","","","","","","","","","","","","","","","","","","","","B01","","","1","","2","","","23","","1","","","B01","24.172816","120.690504","3"
"2019","7","2","10","35","臺中市","北區","0","0","0","8","","","40","","","","","","","","","","","","","","","","","","","","B03","","","1","","2","","","23","","1","22","","B03","24.163206","120.681564","3"
"2019","7","2","10","35","臺中市","大里區","0","0","0","8","","","60","","","","","","","","","","","","","","","","","","","","B03","","","1","","2","","","23","","1","4","","B03","24.080245","120.688783","3"
"2019","7","2","10","38","臺中市","沙鹿區","0","0","0","8","","","50","","","","","","","","","","","","","","","","","","","","B03","","","1","","2","","","7","","1","19","","B03","24.23683","120.567417","3"
"2019","7","2","10","42","臺中市","清水區","0","1","0","8","1","5","50","3","2","1","5","4","5","7","3","1","1","4","4","2","17","23","2","9","1","1","B03","7","8","5","18","7","5","","23","23","1","22","8","B03","24.276204","120.559778","2"
"2019","7","2","10","47","臺中市","潭子區","0","0","0","8","","","60","","","","","","","","","","","","","","","","","","","","B12","","","1","","2","","","42","","1","22","","B12","24.200636","120.711521","3"
"2019","7","2","10","49","臺中市","東勢區","0","0","0","8","","","50","","","","","","","","","","","","","","","","","","","","B03","","","1","","2","","","23","","1","9","","B03","24.261316","120.824268","3"
"2019","7","2","10","50","臺中市","北屯區","0","1","0","8","1","5","50","14","7","1","5","4","5","7","4","4","9","4","4","2","16","4","2","7","3","4","C03","7","9","3","18","2","11","","4","4","1","22","8","C03","24.161541","120.713752","2"
"2019","7","2","10","54","臺中市","中區","0","2","0","8","1","5","50","3","1","1","5","4","5","7","1","1","5","2","5","2","16","6","3","10","1","1","B03","7","5","1","8","2","6","","6","6","1","21","8","B03","24.142965","120.683652","2"
"2019","7","2","10","55","臺中市","太平區","0","1","0","8","1","5","50","3","1","1","5","4","5","7","1","1","10","5","5","2","13","23","3","10","1","1","B12","7","5","1","8","2","5","","23","23","1","21","8","B12","24.125559","120.713065","2"
"2019","7","2","11","10","臺中市","太平區","0","0","0","8","","","50","","","","","","","","","","","","","","","","","","","","B12","","","1","","2","","","12","","1","21","","B12","24.141686","120.716975","3"
"2019","7","2","11","10","臺中市","清水區","0","0","0","8","1","5","40","14","9","1","5","4","5","7","4","4","10","5","5","2","14","12","3","10","1","1","B03","7","2","1","8","2","3","","12","12","1","5","1","B03","24.272006","120.547331","3"
"2019","7","2","11","17","臺中市","東區","0","0","0","8","","","40","","","","","","","","","","","","","","","","","","","","B03","","","1","","2","","","4","","1","","","B03","24.142628","120.695868","3"
"2019","7","2","11","17","臺中市","沙鹿區","0","1","0","8","1","5","40","14","8","1","5","4","5","7","4","4","1","4","1","1","13","16","2","9","1","1","C03","7","9","3","18","2","11","","16","16","1","5","8","C03","24.226066","120.575293","2"
"2019","7","2","11","37","臺中市","北區","0","0","0","8","","","50","","","","","","","","","","","","","","","","","","","","B12","","","1","","2","","","42","","1","10","","B12","24.172436","120.675815","3"
"2019","7","2","11","38","臺中市","龍井區","0","0","0","8","","","40","","","","","","","","","","","","","","","","","","","","A12","","","1","","9","","","23","","1","10","","A12","24.220616","120.532515","3"
"2019","7","2","11","39","臺中市","北屯區","0","0","0","8","","","50","","","","","","","","","","","","","","","23","3","","","","A02","","","1","1","2","","","23","23","1","21","","A02","24.182575","120.665814","3"
"2019","7","2","11","41","臺中市","南屯區","0","0","0","8","","","50","","","","","","","","","","","","","","","","","","","","C03","","","1","","2","","","23","","1","21","","C03","24.148809","120.651126","3"
"2019","7","2","11","45","臺中市","北區","0","0","0","8","","","50","","","","","","","","","","","","","","","","","","","","B03","","","1","","2","","","23","","","22","","B03","24.16323","120.67822","3"
"2019","7","2","11","47","臺中市","南屯區","0","0","0","8","","","50","","","","","","","","","","","","","","","","","","","","B12","","","1","","9","","","4","","2","","","B12","24.14879","120.61185","3"
"2019","7","2","11","48","臺中市","龍井區","0","2","0","8","1","5","40","3","1","1","5","4","5","7","4","4","10","5","5","2","16","6","2","9","1","1","C03","7","9","1","10","2","13","","23","6","1","21","8","C03","24.189679","120.538305","2"
"2019","7","2","11","57","臺中市","沙鹿區","0","1","0","8","","","40","","","","","","","","","","","","","","","","","","","","B11","","","1","","2","","","12","","1","3","","B11","24.244489","120.561725","3"
"2019","7","2","11","59","臺中市","西屯區","0","1","0","8","1","5","50","4","1","1","5","4","5","7","3","1","1","3","5","1","16","6","2","8","1","1","C03","7","11","1","10","2","12","","6","6","1","4","8","C03","24.19567","120.647946","2"
"2019","7","2","12","1","臺中市","中區","0","1","0","8","1","5","50","4","1","1","5","4","5","7","1","1","10","5","5","2","16","8","3","10","1","1","C03","7","5","1","10","2","13","","8","8","1","21","8","C03","24.147178","120.678815","2"
"2019","7","2","12","3","臺中市","和平區","0","0","0","8","","","30","","","","","","","","","","","","","","","5","","","","","A11","","","1","","2","","","5","5","1","10","","A11","24.2971","121.283","3"
"2019","7","2","12","5","臺中市","烏日區","0","0","0","8","","","40","","","","","","","","","","","","","","","","","","","","B12","","","1","","2","","","17","","1","22","","B12","24.091279","120.654366","3"
"2019","7","2","12","7","臺中市","潭子區","0","0","0","8","","","50","","","","","","","","","","","","","","","","","","","","B03","","","1","","2","","","23","","","21","","B03","24.202341","120.70644","3"
"2019","7","2","12","11","臺中市","西區","0","0","0","8","","","50","","","","","","","","","","","","","","","","","","","","B03","","","1","","2","","","23","","1","","","B03","24.155957","120.665763","4"
"2019","7","2","12","21","臺中市","霧峰區","0","1","0","7","1","5","50","4","2","1","5","4","5","7","3","1","5","5","5","1","13","16","2","7","1","1","C03","7","9","4","8","2","11","","16","16","1","22","9","C03","24.069595","120.69717","2"
"2019","7","2","12","24","臺中市","東勢區","0","0","0","8","","","50","","","","","","","","","","","","","","","","","","","","B03","","","1","","2","","","23","","1","22","","B03","24.268452","120.823418","3"
"2019","7","2","12","27","臺中市","南屯區","0","0","0","8","","","50","","","","","","","","","","","","","","","","","","","","B12","","","1","","2","","","16","","1","10","","B12","24.150541","120.646974","4"
"2019","7","2","12","28","臺中市","潭子區","0","0","0","8","","","50","","","","","","","","","","","","","","","","","","","","B12","","","1","","2","","","16","","1","22","","B12","24.219645","120.722967","3"
"2019","7","2","12","28","臺中市","大雅區","0","0","0","8","","","50","","","","","","","","","","","","","","","","","","","","C03","","","1","","2","","","23","","1","","","C03","24.224589","120.645656","3"
"2019","7","2","12","41","臺中市","北區","0","0","0","8","","","50","","","","","","","","","","","","","","","","","","","","B03","","","1","","2","","","23","","1","22","","B03","24.17302","120.678034","3"
"2019","7","2","12","46","臺中市","沙鹿區","0","3","0","8","1","5","50","3","2","1","5","4","5","7","4","4","10","5","5","2","16","6","2","9","1","1","C03","7","9","1","10","2","11","","23","6","2","9","9","C03","24.233375","120.560045","2"
"2019","7","2","13","1","臺中市","西屯區","0","1","0","8","1","5","40","4","1","1","5","4","5","7","4","4","5","5","5","2","16","6","2","9","3","4","B03","7","9","1","8","2","2","","6","6","1","22","8","B03","24.186661","120.635335","2"
"2019","7","2","13","3","臺中市","潭子區","0","0","0","8","1","5","50","14","22","1","5","4","5","7","4","4","4","4","4","2","14","","","","","","A02","","","1","","2","","","12","","1","22","","A02","24.207317","120.680713","3"
"2019","7","2","13","15","臺中市","北區","0","0","0","8","","","50","","","","","","","","","","","","","","","","","","","","B03","","","1","","2","","","6","","","22","","B03","24.14638","120.68192","3"
"2019","7","2","13","17","臺中市","北區","0","2","0","8","1","5","40","5","2","1","5","4","5","7","1","1","5","5","4","2","16","5","2","8","1","1","C03","7","5","6","18","3","12","","5","5","1","21","8","C03","24.155785","120.670646","2"
"2019","7","2","13","32","臺中市","梧棲區","0","1","0","8","1","5","50","3","2","1","5","4","5","7","2","1","10","5","5","2","16","10","2","9","1","1","C04","7","11","1","8","2","14","","10","10","1","21","8","C04","24.25917","120.5354","2"
"2019","7","2","13","34","臺中市","南屯區","0","0","0","8","","","50","","","","","","","","","","","","","","","","","","","","B03","","","1","","2","","","16","","1","5","","B03","24.141514","120.640718","3"
"2019","7","2","13","34","臺中市","梧棲區","0","0","0","8","","","40","","","","","","","","","","","","","","","","","","","","B02","","","1","","2","","","42","","1","","","B02","24.262414","120.532759","4"
"2019","7","2","13","41","臺中市","西區","0","0","0","8","","","50","","","","","","","","","","","","","","","","","","","","B03","","","1","","2","","","12","","1","21","","B03","24.147419","120.672667","4"
"2019","7","2","13","46","臺中市","東區","0","1","0","8","1","5","50","4","1","1","5","4","5","7","4","4","9","4","4","2","18","23","2","9","1","1","C03","7","9","1","10","2","12","","23","23","1","18","8","C03","24.132273","120.68834","2"
"2019","7","2","14","10","臺中市","東區","0","0","0","8","","","50","","","","","","","","","","","","","","","","","","","","A31","","","1","","2","","","42","","1","","","A31","24.13052","120.698875","3"
"2019","7","2","14","11","臺中市","大安區","0","0","0","8","","","90","","","","","","","","","","","","","","","7","","","","","A41","","","1","","2","","","7","7","1","10","","A41","24.379562","120.586781","3"
"2019","7","2","14","12","臺中市","西屯區","0","0","0","8","","","50","","","","","","","","","","","","","","","","","","","","B03","","","1","","2","","","7","","1","22","","B03","24.172863","120.633985","3"
"2019","7","2","14","25","臺中市","西屯區","0","1","0","8","1","5","50","14","7","1","5","4","5","7","4","4","5","4","4","2","16","1","2","9","1","1","C03","7","1","1","10","2","12","","1","1","1","22","8","C03","24.175515","120.667226","2"
"2019","7","2","14","30","臺中市","西屯區","0","0","0","8","","","50","","","","","","","","","","","","","","","23","","","","","B03","","","1","","1","","","23","23","1","22","","B03","24.169678","120.642225","3"
"2019","7","2","14","32","臺中市","北區","0","0","0","8","","","50","","","","","","","","","","","","","","","","","","","","B03","","","1","","2","","","19","","1","22","","B03","24.158024","120.695217","3"
"2019","7","2","14","35","臺中市","神岡區","0","0","0","8","","","50","","","","","","","","","","","","","","","","","","","","B12","","","1","","2","","","23","","1","21","","B12","24.247268","120.685253","3"
"2019","7","2","14","40","臺中市","神岡區","0","0","0","8","","","50","","","","","","","","","","","","","","","","","","","","B03","","","1","","2","","","42","","1","21","","B03","24.236207","120.695627","3"
"2019","7","2","14","43","臺中市","外埔區","0","1","0","8","1","5","50","14","12","1","5","4","5","7","4","4","4","3","4","1","9","38","3","10","1","1","H02","7","19","8","20","10","16","","60","38","1","22","9","H02","24.342958","120.638161","2"
"2019","7","2","14","45","臺中市","西屯區","0","1","0","8","1","5","35","11","9","1","5","4","5","7","4","4","6","5","5","2","18","42","2","9","1","1","C03","7","6","1","10","2","12","","42","42","1","21","8","C03","24.173336","120.633063","2"
"2019","7","2","14","46","臺中市","北區","0","0","0","8","","","40","","","","","","","","","","","","","","","","","","","","B03","","","1","","2","","","12","","1","","","B03","24.163162","120.683621","3"
"2019","7","2","14","46","臺中市","后里區","0","2","0","8","1","5","50","4","1","1","5","4","5","7","4","4","9","5","5","1","12","23","3","10","3","4","B03","7","9","1","8","2","8","","23","23","1","22","8","B03","24.307998","120.720928","2"
"2019","7","2","14","50","臺中市","潭子區","0","1","0","8","1","5","50","4","7","1","5","4","5","7","1","1","1","4","4","1","21","23","2","3","1","1","B03","7","9","6","8","8","1","","23","23","1","21","8","B03","24.215866","120.691325","2"
"2019","7","2","14","51","臺中市","大雅區","0","0","0","8","","","50","","","","","","","","","","","","","","","","","","","","B03","","","1","","2","","","16","","1","","","B03","24.23801","120.633307","3"
"2019","7","2","14","54","臺中市","西屯區","0","1","0","8","1","5","80","14","7","1","5","4","5","7","4","4","9","4","5","1","13","23","3","10","1","1","B03","7","9","1","10","2","1","","23","23","1","22","9","B03","24.1562","120.625148","2"
"2019","7","2","15","0","臺中市","大甲區","0","1","0","8","1","5","50","4","1","1","5","4","5","7","4","4","10","5","5","2","15","6","3","10","1","1","B12","7","9","1","8","2","5","","6","6","1","5","8","B12","24.405493","120.643901","2"
"2019","7","2","15","5","臺中市","霧峰區","0","0","0","8","","","40","","","","","","","","","","","","","","","","","","","","B03","","","1","","2","","","12","","1","5","","B03","24.037699","120.671071","4"
"2019","7","2","15","6","臺中市","南區","0","2","0","8","1","5","50","4","1","1","5","4","5","7","4","4","10","5","5","2","16","6","3","10","1","1","B03","7","5","1","8","2","5","","6","6","1","21","8","B03","24.11409","120.667418","2"
"2019","7","2","15","8","臺中市","南屯區","0","0","0","8","","","40","","","","","","","","","","","","","","","","","","","","B03","","","1","","2","","","10","","1","22","","B03","24.139271","120.590589","3"
"2019","7","2","15","8","臺中市","太平區","0","0","0","8","","","50","","","","","","","","","","","","","","","","","","","","B12","","","1","","2","","","37","","1","","","B12","24.11863","120.723034","3"
"2019","7","2","15","30","臺中市","清水區","0","0","0","8","","","50","","","","","","","","","","","","","","","","","","","","B12","","","1","","2","","","12","","","5","","B12","24.2683052","120.5757958","3"
"2019","7","2","15","31","臺中市","沙鹿區","0","0","0","8","","","50","","","","","","","","","","","","","","","","","","","","B12","","","1","","2","","","9","","1","21","","B12","24.229727","120.568721","3"
"2019","7","2","15","36","臺中市","潭子區","0","0","0","8","1","5","60","4","2","1","5","4","5","7","1","1","1","3","4","1","13","","","","","","B03","","","1","","2","","","23","","1","22","","B03","24.217815","120.7058","3"
"2019","7","2","15","40","臺中市","北屯區","0","0","0","8","","","40","","","","","","","","","","","","","","","26","","","","","B03","","","1","","2","","","26","26","1","22","","B03","24.19365","120.661733","3"
"2019","7","2","15","47","臺中市","南區","0","0","0","8","","","5","","","","","","","","","","","","","","","","","","","","C03","","","1","","2","","","12","","1","3","","C03","24.12139","120.649388","3"
"2019","7","2","15","50","臺中市","西區","0","0","0","8","1","5","50","4","1","1","5","4","5","7","4","4","10","","5","2","16","","","","","","B03","","","1","","2","","","6","","1","20","","B03","24.151158","120.670381","3"
"2019","7","2","15","50","臺中市","烏日區","0","1","0","8","1","5","40","4","1","1","5","4","5","5","4","4","10","5","5","2","15","6","3","10","1","1","C03","7","9","1","10","2","11","","6","6","1","22","8","C03","24.10907","120.64023","2"
"2019","7","2","15","51","臺中市","東區","0","1","0","8","1","5","50","4","1","1","5","4","5","7","4","4","10","5","5","2","17","6","2","9","1","1","C03","7","15","1","10","2","12","","6","6","1","20","8","C03","24.137","120.705738","2"
"2019","7","2","15","55","臺中市","南屯區","0","2","0","8","1","5","50","4","1","1","5","4","5","7","2","1","10","5","5","2","16","6","3","10","3","4","A12","7","6","1","7","2","2","","6","6","1","22","9","A12","24.150932","120.6498","2"
"2019","7","2","15","59","臺中市","大雅區","0","0","0","8","","","40","","","","","","","","","","","","","","","","","","","","B12","","","1","","2","","","6","","1","21","","B12","24.230493","120.673","3"
"2019","7","2","16","0","臺中市","西區","0","0","0","8","1","5","50","13","9","1","5","4","5","7","4","4","10","5","5","2","12","","","","","","B03","","","1","","2","","","17","","1","22","","B03","24.153088","120.662275","3"
"2019","7","2","16","5","臺中市","梧棲區","0","1","0","8","1","5","50","4","1","1","5","4","5","7","1","1","10","5","5","2","15","25","3","10","1","1","B03","7","9","1","5","2","1","","25","25","1","12","8","B03","24.235759","120.535384","2"
"2019","7","2","16","17","臺中市","沙鹿區","0","1","0","8","1","5","70","3","1","1","5","4","5","7","1","1","10","5","5","2","16","26","3","10","1","1","B03","7","6","1","8","2","5","","26","26","1","21","9","B03","24.209707","120.581247","2"
"2019","7","2","16","24","臺中市","霧峰區","0","1","0","8","1","5","70","3","1","1","5","4","5","7","1","1","10","5","5","2","14","12","3","10","1","1","B12","7","2","1","8","2","3","","12","12","1","22","8","B12","24.061135","120.695316","2"
"2019","7","2","16","28","臺中市","南區","0","1","0","8","1","5","50","14","7","1","5","4","5","7","4","4","1","4","4","2","13","23","3","10","1","1","B12","7","9","1","8","2","1","","23","23","1","21","8","B12","24.110458","120.660148","2"
"2019","7","2","16","30","臺中市","西屯區","0","1","0","8","1","5","50","14","9","1","5","4","5","7","4","4","9","4","5","2","18","23","2","9","3","4","C03","7","9","1","10","2","11","","23","23","1","22","8","C03","24.189228","120.6413","2"
"2019","7","2","16","35","臺中市","沙鹿區","0","2","0","8","1","5","50","4","1","1","5","4","5","7","3","1","10","5","5","2","15","6","3","10","2","1","B03","7","9","1","8","2","1","","6","6","1","9","8","B03","24.236899","120.561887","2"
"2019","7","2","16","36","臺中市","北區","0","0","0","8","","","50","","","","","","","","","","","","","","","","","","","","B03","","","1","","2","","","19","","1","20","","B03","24.157673","120.683961","3"
"2019","7","2","16","38","臺中市","西區","0","0","0","8","","","50","","","","","","","","","","","","","","","","","","","","","","","7","","11","","","67","","2","","","","24.134922","120.672219","3"
"2019","7","2","16","39","臺中市","北區","0","1","0","7","1","5","50","14","8","1","5","4","5","7","4","4","8","3","4","2","13","23","2","9","1","1","C03","7","9","1","8","3","11","","23","23","1","22","8","C03","24.157307","120.694307","2"
"2019","7","2","16","40","臺中市","神岡區","0","0","0","8","","","50","","","","","","","","","","","","","","","","","","","","B12","","","1","","2","","","16","","1","21","","B12","24.250885","120.656626","3"
"2019","7","2","16","47","臺中市","潭子區","0","1","0","8","1","5","60","4","1","1","5","4","5","7","1","1","10","5","5","1","16","6","3","10","1","1","B03","7","6","1","8","2","2","","6","6","1","21","8","B03","24.215925","120.691425","2"
"2019","7","2","16","50","臺中市","大甲區","0","0","0","8","","","50","","","","","","","","","","","","","","","","","","","","C03","","","1","","2","","","23","","1","4","","C03","24.355193","120.625968","3"
"2019","7","2","16","50","臺中市","豐原區","0","0","0","8","1","5","50","5","9","1","5","4","5","7","1","1","5","5","5","1","10","","","","","","B03","","","1","","7","","","21","","1","22","","B03","24.244946","120.72803","3"
"2019","7","2","16","55","臺中市","太平區","0","1","0","8","1","5","50","3","1","1","5","4","5","7","4","4","5","5","5","1","16","26","3","10","1","1","B12","7","5","1","8","2","5","","26","26","1","21","8","B12","24.100124","120.7207","2"
"2019","7","2","16","59","臺中市","梧棲區","0","0","0","8","","","50","","","","","","","","","","","","","","","","","","","","B03","","","1","","2","","","18","","1","20","","B03","24.246826","120.541153","3"
"2019","7","2","17","2","臺中市","南區","0","1","0","8","1","5","50","11","5","1","5","4","5","7","4","4","3","5","5","2","16","23","3","10","1","1","B03","7","9","1","8","2","1","","23","23","1","4","5","B03","24.118706","120.679258","2"
"2019","7","2","17","12","臺中市","大雅區","0","1","0","8","1","5","50","14","9","1","5","4","5","7","4","4","5","5","5","1","13","23","2","9","1","1","C03","7","9","1","9","2","11","","23","23","1","22","9","C03","24.215638","120.645478","2"
"2019","7","2","17","14","臺中市","東勢區","0","2","0","8","1","5","60","14","9","1","5","4","5","7","4","4","1","4","5","1","16","26","2","9","1","1","C03","7","5","1","10","2","14","","26","26","1","4","8","C03","24.249358","120.82891","2"
"2019","7","2","17","15","臺中市","龍井區","0","1","0","8","1","5","50","11","9","1","5","4","5","1","4","4","5","5","5","2","18","23","2","9","1","1","C03","7","6","1","10","2","12","","23","23","1","20","8","C03","24.196164","120.574915","2"
"2019","7","2","17","22","臺中市","清水區","0","0","0","8","","","60","","","","","","","","","","","","","","","","","","","","C03","","","1","","2","","","23","","1","18","","C03","24.292597","120.551964","3"