"年","月","日","時","分","縣市","區","死","受傷","2-30","天候","光線","道路類別","速限","道路型態","事故位置","路面鋪裝","路面狀態","路面缺陷","障礙物","視距","號誌種類","號誌動作","分向設施","快車道或一般車道間","快慢車道間","路面邊線","事故類型及型態","主要肇因","受傷程度","主要傷處","保護裝備","行動電話","當事者區分_類別","車輛用途","當事者行動狀態","駕駛資格情形","駕駛執照種類","飲酒情形","車輛撞擊部位最初","車輛撞擊部位其他","肇事因素個別","肇事因素主要","肇事逃逸","職業","旅次目的","車種","GPS座標_緯度","GPS座標_經度","事故類別"
"2019","7","2","17","22","臺中市","大雅區","0","0","0","8","","","40","","","","","","","","","","","","","","","","","","","","C03","","","1","","2","","","16","","1","","","C03","24.222535","120.64512","3"
"2019","7","2","17","28","臺中市","沙鹿區","0","0","0","8","","","50","","","","","","","","","","","","","","","","","","","","C03","","","1","","2","","","43","","1","","","C03","24.236759","120.564774","3"
"2019","7","2","17","31","臺中市","豐原區","0","0","0","","","","","","","","","","","","","","","","","","","8","","","","","C03","","","1","","2","","","23","8","","","","C03","24.239441","120.709723","3"
"2019","7","2","17","36","臺中市","南區","0","1","0","8","1","5","50","14","7","1","5","4","5","7","4","4","1","3","4","2","13","16","2","9","1","1","C03","7","9","1","10","2","11","","16","16","1","21","8","C03","24.124686","120.679534","2"
"2019","7","2","17","40","臺中市","潭子區","0","1","0","8","1","5","60","4","4","1","5","4","5","7","4","4","1","4","5","1","17","23","3","10","1","1","C03","7","9","1","10","11","15","","23","23","2","22","9","C03","24.215451","120.705231","2"
"2019","7","2","17","44","臺中市","大雅區","0","1","0","8","1","5","40","5","1","1","5","4","5","7","4","4","10","5","5","1","16","6","3","10","1","1","B12","7","5","1","7","2","8","","23","6","1","22","9","B12","24.231247","120.645166","2"
"2019","7","2","17","49","臺中市","大里區","0","0","0","8","","","50","","","","","","","","","","","","","","","","","","","","B03","","","1","","2","","","16","","1","22","","B03","24.086535","120.69628","3"
"2019","7","2","17","54","臺中市","東區","0","0","0","8","","","50","","","","","","","","","","","","","","","","3","","","","A12","","","1","","2","","","23","","1","21","","A12","24.139871","120.691695","3"
"2019","7","2","17","55","臺中市","東區","0","0","0","","","","","","","","","","","","","","","","","","","","","","","","A02","","","1","","2","","","12","","1","","","A02","24.142283","120.687608","3"
"2019","7","2","17","59","臺中市","西屯區","0","0","0","8","","","50","","","","","","","","","","","","","","","","","","","","B03","","","1","","2","","","23","","1","22","","B03","24.206419","120.652016","3"
"2019","7","2","18","0","臺中市","西屯區","0","1","0","8","1","5","50","4","9","1","5","4","5","7","3","1","5","5","5","2","9","23","3","10","3","4","C03","7","6","1","10","2","11","","23","23","1","22","8","C03","24.190721","120.642693","2"
"2019","7","2","18","5","臺中市","北屯區","0","0","0","8","","","50","","","","","","","","","","","","","","","","","","","","B12","","","1","","2","","","1","","1","","","B12","24.17587","120.719273","3"
"2019","7","2","18","13","臺中市","梧棲區","0","0","0","8","","","40","","","","","","","","","","","","","","","","","","","","B03","","","1","","2","","","23","","1","3","","B03","24.244541","120.524856","4"
"2019","7","2","18","13","臺中市","神岡區","0","0","0","8","","","50","","","","","","","","","","","","","","","","","","","","B03","","","1","","2","","","23","","1","22","","B03","24.251107","120.700057","3"
"2019","7","2","18","18","臺中市","清水區","0","1","0","8","1","5","50","3","1","1","5","4","5","7","3","1","10","5","5","2","11","6","3","10","1","1","B03","7","5","1","8","2","8","","6","6","1","21","8","B03","24.2643372","120.574808","2"
"2019","7","2","18","18","臺中市","潭子區","0","0","0","8","1","5","50","4","1","1","5","4","3","7","1","1","10","5","5","2","16","","","","","","B12","","","1","","2","","","23","","1","22","","B12","24.194318","120.69646","3"
"2019","7","2","18","20","臺中市","潭子區","0","1","0","8","1","5","40","3","1","1","5","4","5","7","4","4","10","5","5","1","16","6","3","10","1","1","B03","7","6","1","8","2","8","","6","6","1","22","9","B03","24.205308","120.713602","2"
"2019","7","2","18","22","臺中市","北區","0","1","0","8","3","5","50","3","1","1","5","4","5","7","1","1","10","5","5","2","16","6","3","10","1","4","B03","7","6","1","8","2","5","","6","6","1","21","8","B03","24.160462","120.67548","2"
"2019","7","2","18","24","臺中市","南區","0","0","0","8","","","50","","","","","","","","","","","","","","","","","","","","B03","","","1","","2","","","6","","1","2","","B03","24.119508","120.663104","3"
"2019","7","2","18","25","臺中市","神岡區","0","0","0","8","","","50","","","","","","","","","","","","","","","23","","","","","B03","","","1","","2","","","23","23","1","21","","B03","24.248645","120.696326","3"
"2019","7","2","18","25","臺中市","大雅區","0","0","0","8","","","40","","","","","","","","","","","","","","","","","","","","B01","","","1","","2","","","16","","","","","B01","24.224222","120.653595","3"
"2019","7","2","18","27","臺中市","北屯區","0","0","0","8","","","50","","","","","","","","","","","","","","","","","","","","C03","","","1","","2","","","23","","1","","","C03","24.182248","120.710661","3"
"2019","7","2","18","30","臺中市","東區","0","1","0","8","2","5","50","4","1","1","5","4","5","7","1","1","10","5","5","2","12","43","3","10","1","1","B03","7","9","1","8","2","6","","43","43","1","22","8","B03","24.138899","120.701446","2"
"2019","7","2","18","38","臺中市","太平區","0","1","0","8","2","5","50","3","2","1","5","4","5","7","4","4","4","5","5","1","12","7","3","10","1","1","F01","7","7","8","20","2","16","","7","7","1","8","7","F01","24.125908","120.713627","2"
"2019","7","2","18","55","臺中市","沙鹿區","0","0","0","8","","","40","","","","","","","","","","","","","","","","","","","","B12","","","1","","2","","","12","","1","21","","B12","24.209154","120.562935","3"
"2019","7","2","18","57","臺中市","潭子區","0","0","0","8","","","80","","","","","","","","","","","","","","","","","","","","B03","","","1","","2","","","16","","1","22","","B03","24.200463","120.710445","3"
"2019","7","2","19","4","臺中市","東區","0","0","0","8","","","50","","","","","","","","","","","","","","","","3","","","","C03","","","1","","2","","","23","","1","21","","C03","24.14788","120.696398","3"
"2019","7","2","19","8","臺中市","大雅區","0","2","0","8","3","5","50","4","1","1","5","4","5","7","3","1","10","5","5","2","2","23","2","9","1","1","C03","7","9","1","10","2","12","","23","23","1","22","9","C03","24.238489","120.671348","2"
"2019","7","2","19","17","臺中市","北屯區","0","0","0","8","","","50","","","","","","","","","","","","","","","19","","","","","B01","","","1","","2","","","44","19","1","22","","B01","24.179116","120.685895","3"
"2019","7","2","19","20","臺中市","西屯區","0","1","0","8","3","5","50","4","1","1","5","4","5","7","1","1","10","5","5","2","16","26","3","10","1","1","B02","7","6","1","8","2","6","","26","26","1","21","8","B02","24.178542","120.624308","2"
"2019","7","2","19","24","臺中市","北屯區","0","0","0","8","","","50","","","","","","","","","","","","","","","","","","","","B03","","","1","","2","","","16","","1","22","","B03","24.175971","120.722051","3"
"2019","7","2","19","25","臺中市","新社區","0","0","0","8","","","50","","","","","","","","","","","","","","","","","","","","B03","","","1","","2","","","23","","1","22","","B03","24.266565","120.797856","3"
"2019","7","2","19","31","臺中市","西區","0","0","0","8","3","5","50","14","9","1","5","4","5","7","4","4","5","2","5","2","17","","","","","","C03","","","1","","2","","","1","","1","3","","C03","24.152396","120.665354","3"
"2019","7","2","19","38","臺中市","后里區","0","1","0","8","3","5","50","3","9","1","5","4","5","7","4","4","10","4","4","1","12","6","3","10","1","1","B03","7","9","1","8","2","8","","6","6","1","20","5","B03","24.310283","120.697975","2"
"2019","7","2","19","52","臺中市","霧峰區","0","0","0","8","","","40","","","","","","","","","","","","","","","","","","","","B03","","","1","","2","","","12","","1","3","","B03","24.064356","120.69778","3"
"2019","7","2","19","53","臺中市","西屯區","0","1","0","8","3","5","40","14","8","1","5","4","5","7","4","4","1","4","1","2","13","23","2","9","1","1","C03","7","9","1","10","2","11","","23","23","1","18","8","C03","24.158516","120.656395","2"
"2019","7","2","20","10","臺中市","南屯區","0","1","0","8","3","5","50","14","9","1","5","4","5","7","4","4","1","4","5","2","12","1","3","10","1","1","C03","7","4","1","10","2","12","","1","1","1","22","8","C03","24.146811","120.615806","2"
"2019","7","2","20","11","臺中市","清水區","0","0","0","8","","","40","","","","","","","","","","","","","","","12","","","","","B12","","","1","","2","","","12","12","1","12","","B12","24.28521","120.580363","3"
"2019","7","2","20","13","臺中市","西屯區","0","1","0","8","3","5","50","4","9","1","5","4","5","7","1","1","5","5","5","2","18","43","2","9","3","4","C03","7","5","1","10","2","14","","43","43","1","22","8","C03","24.168564","120.592988","2"
"2019","7","2","20","29","臺中市","北區","0","0","0","8","","","50","","","","","","","","","","","","","","","","","","","","B03","","","1","","2","","","23","","1","5","","B03","24.151827","120.677232","3"
"2019","7","2","20","35","臺中市","大甲區","0","0","0","8","","","60","","","","","","","","","","","","","","","","","","","","B03","","","1","","2","","","42","","","21","","B03","24.361182","120.692323","3"
"2019","7","2","20","42","臺中市","西屯區","0","0","0","8","3","5","50","14","9","5","5","4","5","7","1","1","9","4","4","2","29","23","3","10","3","4","A11","7","9","1","1","9","5","","33","23","1","22","9","A11","24.19987","120.643623","3"
"2019","7","2","20","47","臺中市","神岡區","0","1","0","8","3","5","50","14","7","1","5","4","5","7","4","4","8","4","4","2","16","23","2","9","1","1","C03","7","9","1","10","2","11","","23","23","1","22","8","C03","24.257782","120.666299","2"
"2019","7","2","20","55","臺中市","清水區","0","0","0","8","","","50","","","","","","","","","","","","","","","","","","","","B12","","","1","","2","","","23","","1","20","","B12","24.2706792","120.5748294","3"
"2019","7","2","21","4","臺中市","西屯區","0","0","0","8","","","50","","","","","","","","","","","","","","","","","","","","B03","","","1","","2","","","23","","1","","","B03","24.184049","120.608714","3"
"2019","7","2","21","13","臺中市","梧棲區","0","0","0","8","","","50","","","","","","","","","","","","","","","","","","","","B03","","","1","","2","","","43","","1","9","","B03","24.261771","120.539388","3"
"2019","7","2","21","16","臺中市","南區","0","0","0","8","","","50","","","","","","","","","","","","","","","6","3","","","","B03","","","1","8","2","","","6","6","","21","","B03","24.114701","120.648401","3"
"2019","7","2","21","17","臺中市","大肚區","0","0","0","8","","","50","","","","","","","","","","","","","","","","","","","","B01","","","1","","2","","","23","","1","","","B01","24.153705","120.541821","3"
"2019","7","2","21","23","臺中市","南屯區","0","1","0","8","3","5","50","4","1","1","5","4","5","7","1","1","10","5","5","2","13","23","3","10","1","1","B03","7","9","1","8","2","8","","23","23","1","22","8","B03","24.13849","120.611723","2"
"2019","7","2","21","35","臺中市","東區","0","0","0","","","","","","","","","","","","","","","","","","","23","","","","","B01","","","1","1","2","","","23","23","1","5","","B01","24.132753","120.693163","3"
"2019","7","2","21","40","臺中市","東區","0","0","0","8","","","40","","","","","","","","","","","","","","","23","","","","","C03","","","1","10","2","","","23","23","1","5","","C03","24.148431","120.705741","3"
"2019","7","2","21","45","臺中市","潭子區","0","0","0","8","","","40","","","","","","","","","","","","","","","43","","","","","C03","","","1","","9","","","44","43","1","22","","C03","24.214372","120.700545","3"
"2019","7","2","22","12","臺中市","清水區","0","3","0","8","4","5","50","4","1","1","5","4","5","7","3","1","10","5","5","1","17","19","2","9","1","1","A12","7","1","1","3","2","4","","19","19","1","12","8","A12","24.269204","120.569887","2"
"2019","7","2","22","20","臺中市","西屯區","0","2","0","8","3","5","40","4","1","1","5","4","5","7","1","1","10","5","5","2","12","43","3","10","1","1","B01","7","9","1","8","2","5","","43","43","1","21","8","B01","24.156233","120.643688","2"
"2019","7","2","23","4","臺中市","沙鹿區","0","2","0","8","3","5","50","4","1","1","5","4","5","7","3","1","10","5","5","2","17","43","2","9","1","1","C03","7","6","1","10","2","12","","43","43","1","21","8","C03","24.222363","120.573317","2"
"2019","7","2","23","8","臺中市","西屯區","0","0","0","8","3","5","50","14","7","1","5","4","5","7","4","4","10","4","4","2","16","43","3","10","3","4","B12","7","9","1","8","2","7","","43","43","1","22","9","B12","24.163759","120.649902","3"
"2019","7","3","0","5","臺中市","西屯區","0","1","0","7","3","5","50","4","9","1","5","4","5","7","1","1","5","4","5","2","12","23","3","10","1","1","B03","7","9","1","8","2","2","","23","23","1","22","9","B03","24.165601","120.652746","2"
"2019","7","3","0","9","臺中市","北區","0","0","0","8","3","5","50","14","9","1","5","4","5","7","4","4","5","4","5","2","17","23","3","10","1","1","C03","7","9","1","10","8","12","","23","23","1","21","8","C03","24.151471","120.677658","3"
"2019","7","3","0","28","臺中市","北區","0","1","0","8","3","5","50","4","1","1","5","4","5","7","1","1","5","5","4","2","16","6","3","10","3","4","B01","7","5","1","4","2","4","","6","6","1","22","9","B01","24.150354","120.677716","2"
"2019","7","3","0","45","臺中市","東區","0","2","0","6","3","5","50","3","1","1","4","4","5","7","4","4","5","5","5","2","3","51","2","8","4","5","H01","8","16","8","20","10","16","","51","51","1","4","8","H01","24.122008","120.684923","2"
"2019","7","3","1","1","臺中市","西屯區","0","1","0","6","3","5","40","4","1","1","4","4","5","7","1","1","10","5","5","2","16","26","2","9","1","1","C03","7","5","1","10","2","14","","26","26","1","22","9","C03","24.1783","120.624418","2"
"2019","7","3","2","23","臺中市","北區","0","1","0","7","3","5","50","4","1","1","5","4","5","7","1","1","10","5","5","2","3","26","3","10","1","1","B01","7","5","1","4","2","1","","26","26","1","5","8","B01","24.163023","120.685433","2"
"2019","7","3","3","24","臺中市","北屯區","0","1","0","6","3","5","50","4","1","1","4","4","5","7","1","1","10","5","5","2","15","23","2","9","1","1","C03","7","9","1","10","2","12","","23","23","1","21","8","C03","24.183646","120.687604","2"
"2019","7","3","3","45","臺中市","北區","0","1","0","6","3","5","50","14","7","4","4","4","5","7","1","1","1","4","4","2","20","23","2","9","1","1","C03","7","9","1","10","2","11","","23","23","1","21","8","C03","24.156738","120.676518","2"
"2019","7","3","4","22","臺中市","中區","0","0","0","8","","","50","","","","","","","","","","","","","","","","","","","","","","","7","","11","","","67","","1","","","","24.142128","120.679908","3"
"2019","7","3","5","57","臺中市","太平區","0","1","0","6","2","5","50","4","1","1","4","4","5","7","1","1","10","5","5","2","15","25","3","10","1","1","C03","7","9","1","10","2","14","","25","25","1","5","8","C03","24.101111","120.721388","2"
"2019","7","3","6","9","臺中市","西屯區","0","1","0","7","1","5","40","3","1","1","4","4","5","7","4","4","10","5","5","2","17","43","2","9","1","1","C03","7","9","1","10","2","11","","43","43","1","22","9","C03","24.175119","120.648296","2"
"2019","7","3","6","10","臺中市","南屯區","0","0","0","6","","","40","","","","","","","","","","","","","","","","","","","","A31","","","1","","11","","","11","","2","21","","A31","24.146769","120.649672","3"
"2019","7","3","6","30","臺中市","南屯區","0","1","0","6","1","5","40","14","9","1","4","4","5","7","4","4","10","5","5","2","12","17","3","10","1","1","B03","7","9","1","8","2","2","","17","17","1","22","9","B03","24.140427","120.64015","2"
"2019","7","3","7","0","臺中市","梧棲區","0","0","0","8","","","70","","","","","","","","","","","","","","","","","","","","B03","","","1","","2","","","14","","","","","B03","24.2328","120.546623","3"
"2019","7","3","7","0","臺中市","大雅區","0","2","0","8","1","5","40","11","9","1","5","4","5","1","4","4","10","5","5","2","11","5","2","8","1","1","C03","7","9","2","18","2","14","","5","5","1","21","8","C03","24.237476","120.633086","2"
"2019","7","3","7","2","臺中市","龍井區","0","1","0","7","1","5","40","4","1","1","4","4","5","7","1","1","10","5","5","2","17","6","3","10","1","1","B12","7","5","6","18","2","15","","6","6","1","12","1","B12","24.204983","120.517001","2"
"2019","7","3","7","11","臺中市","北屯區","0","0","0","8","","","50","","","","","","","","","","","","","","","43","3","","","","B03","","","1","8","2","","","43","43","1","21","","B03","24.16445","120.715121","3"
"2019","7","3","7","15","臺中市","龍井區","0","1","0","6","1","5","40","4","1","1","4","4","5","7","1","1","10","5","5","2","18","23","2","9","1","1","C03","7","9","1","10","2","14","","23","23","1","22","8","C03","24.182846","120.592954","2"
"2019","7","3","7","16","臺中市","沙鹿區","0","1","0","7","1","5","50","14","7","1","5","4","5","7","4","4","8","5","4","2","18","42","2","9","1","1","C03","7","9","1","10","2","12","","42","42","1","4","8","C03","24.214378","120.58037","2"
"2019","7","3","7","19","臺中市","西區","0","1","0","8","1","5","50","14","9","1","5","4","5","7","4","4","5","4","5","2","13","16","2","9","1","1","C03","7","9","1","10","2","11","","16","16","1","5","5","C03","24.146703","120.65895","2"
"2019","7","3","7","19","臺中市","外埔區","0","1","0","7","1","5","70","4","1","1","4","4","5","7","1","1","10","5","5","2","16","26","2","7","1","1","C03","7","5","1","10","2","14","","26","26","1","21","8","C03","24.320976","120.652445","2"
"2019","7","3","7","25","臺中市","大里區","0","1","0","6","1","5","50","14","7","1","4","4","5","7","1","1","5","4","5","1","13","23","3","10","1","1","B12","7","9","1","8","2","1","","23","23","1","22","1","B12","24.102396","120.688478","2"
"2019","7","3","7","27","臺中市","西屯區","0","0","0","8","","","50","","","","","","","","","","","","","","","","","","","","B03","","","1","","2","","","12","","1","","","B03","24.169748","120.590175","3"
"2019","7","3","7","28","臺中市","龍井區","0","0","0","","","","","","","","","","","","","","","","","","","","","","","","B12","","","1","","2","","","7","","1","22","","B12","24.185421","120.573736","3"
"2019","7","3","7","29","臺中市","神岡區","0","4","0","7","1","5","40","3","2","1","4","4","5","7","4","4","10","5","5","2","16","6","2","9","1","1","C03","7","6","1","10","2","11","","6","6","1","20","8","C03","24.269731","120.680465","2"
"2019","7","3","7","31","臺中市","太平區","0","1","0","8","1","5","50","4","1","1","5","4","5","7","1","1","10","5","5","2","12","23","3","10","1","1","A02","7","9","1","2","2","5","","44","23","1","10","1","A02","24.1284","120.708397","2"
"2019","7","3","7","31","臺中市","梧棲區","0","0","0","8","","","50","","","","","","","","","","","","","","","","","","","","B03","","","1","","2","","","23","","","","","B03","24.250132","120.553151","3"
"2019","7","3","7","33","臺中市","龍井區","0","0","0","6","","","50","","","","","","","","","","","","","","","","","","","","B03","","","1","","2","","","9","","1","22","","B03","24.17336","120.543306","3"
"2019","7","3","7","33","臺中市","神岡區","0","2","0","8","1","5","50","14","9","1","5","4","5","7","4","4","5","5","5","1","12","19","2","9","1","1","C03","7","1","1","10","2","13","","19","19","1","21","1","C03","24.25123","120.700801","2"
"2019","7","3","7","35","臺中市","西屯區","0","2","0","8","1","5","50","14","8","1","5","4","5","7","4","4","8","4","4","1","16","7","2","7","1","1","C03","7","7","1","10","2","12","","7","7","1","4","8","C03","24.171526","120.612636","2"
"2019","7","3","7","35","臺中市","后里區","0","1","0","7","1","5","50","14","9","1","4","4","5","7","4","4","5","5","5","1","18","42","2","9","1","1","C03","7","9","1","10","2","12","","42","42","1","21","8","C03","24.327343","120.716158","2"
"2019","7","3","7","37","臺中市","南屯區","0","0","0","8","","","50","","","","","","","","","","","","","","","","","","","","B03","","","1","","2","","","23","","1","","","B03","24.152243","120.615945","3"
"2019","7","3","7","40","臺中市","西屯區","0","0","0","8","","","80","","","","","","","","","","","","","","","","","","","","B03","","","1","","2","","","23","","1","22","","B03","24.194475","120.644411","3"
"2019","7","3","7","40","臺中市","大雅區","0","0","0","6","","","50","","","","","","","","","","","","","","","","","","","","B03","","","1","","2","","","16","","1","","","B03","24.219444","120.662301","3"
"2019","7","3","7","45","臺中市","大雅區","0","0","0","8","","","50","","","","","","","","","","","","","","","","","","","","B03","","","1","","2","","","16","","1","","","B03","24.217053","120.661072","3"
"2019","7","3","7","46","臺中市","大雅區","0","1","0","7","1","5","50","3","2","1","5","4","5","7","1","1","1","2","4","1","16","6","3","10","1","1","B03","7","5","1","7","2","2","","6","6","1","22","8","B03","24.219968","120.660032","2"
"2019","7","3","7","50","臺中市","梧棲區","0","0","0","6","","","50","14","8","1","4","4","5","7","4","4","5","4","4","2","17","67","3","10","3","4","B03","7","14","1","8","2","3","","38","67","1","21","8","B03","24.255463","120.531683","3"
"2019","7","3","7","50","臺中市","潭子區","0","0","0","8","","","60","","","","","","","","","","","","","","","","","","","","B03","","","1","","2","","","7","","1","20","","B03","24.19243","120.702428","3"
"2019","7","3","7","50","臺中市","大雅區","0","1","0","8","1","5","50","4","1","1","5","4","5","7","1","1","10","5","5","2","15","25","3","10","1","1","C03","7","9","1","10","2","13","","25","25","1","21","8","C03","24.206256","120.629049","2"
"2019","7","3","7","52","臺中市","潭子區","0","0","0","","","","","","","","","","","","","","","","","","","","","","","","C03","","","1","","2","","","25","","","21","","C03","24.218846","120.691663","3"
"2019","7","3","7","54","臺中市","大雅區","0","1","0","7","1","5","50","14","7","1","4","4","5","7","1","1","1","4","5","1","16","6","3","10","1","1","B03","7","11","1","8","2","8","","6","6","1","22","8","B03","24.217353","120.614635","2"
"2019","7","3","7","56","臺中市","北區","0","1","0","7","1","5","50","4","1","1","4","4","5","7","1","1","10","5","5","2","18","23","2","9","1","1","C03","7","9","1","10","2","12","12","23","23","1","22","9","C03","24.16544","120.677283","2"
"2019","7","3","7","57","臺中市","北屯區","0","0","0","8","","","50","","","","","","","","","","","","","","","","","","","","B03","","","1","","2","","","23","","1","5","","B03","24.187001","120.686363","3"
"2019","7","3","7","57","臺中市","沙鹿區","0","1","0","7","1","5","70","14","7","1","4","4","5","7","4","4","1","3","4","1","18","42","2","9","1","1","C03","7","9","1","10","2","14","","42","42","1","2","9","C03","24.243835","120.615507","2"
"2019","7","3","7","57","臺中市","后里區","0","1","0","7","1","5","40","4","2","1","4","4","5","7","3","1","5","5","5","1","17","40","3","10","2","1","B03","7","13","1","8","2","4","","40","40","1","21","8","B03","24.309046","120.725803","2"
"2019","7","3","8","0","臺中市","西屯區","0","0","0","8","","","50","","","","","","","","","","","","","","","","","","","","B03","","","1","","2","","","16","","1","4","","B03","24.201867","120.656949","3"
"2019","7","3","8","0","臺中市","大甲區","0","0","0","8","","","40","","","","","","","","","","","","","","","","","","","","B03","","","1","","2","","","23","","","","","B03","24.400234","120.640485","3"
"2019","7","3","8","3","臺中市","西屯區","0","1","0","8","1","5","50","3","1","1","5","4","5","7","4","4","10","5","5","2","13","16","2","9","3","4","C03","7","9","1","10","2","11","","16","16","1","22","8","C03","24.186675","120.618555","2"
"2019","7","3","8","10","臺中市","西屯區","0","2","0","6","1","5","40","14","8","1","4","4","5","7","4","4","1","4","1","2","13","16","2","9","1","1","C03","7","9","1","10","2","11","14","16","16","1","21","8","C03","24.184178","120.612258","2"
"2019","7","3","8","10","臺中市","大里區","0","0","0","8","","","40","","","","","","","","","","","","","","","","","","","","B12","","","1","","2","","","43","","1","22","","B12","24.112506","120.689566","4"
"2019","7","3","8","10","臺中市","豐原區","0","0","0","","","","","","","","","","","","","","","","","","","","","","","","B12","","","1","","2","","","16","","","","","B12","24.25014","120.708279","3"
"2019","7","3","8","12","臺中市","清水區","0","1","0","6","1","5","70","3","1","1","4","4","5","7","1","1","10","5","5","2","16","6","3","10","1","1","B03","7","6","1","8","2","6","","6","6","1","21","8","B03","24.287947","120.585504","2"
"2019","7","3","8","12","臺中市","大雅區","0","0","0","8","","","50","","","","","","","","","","","","","","","","","","","","A12","","","1","","2","","","16","","1","","","A12","24.212994","120.649833","4"
"2019","7","3","8","20","臺中市","南屯區","0","2","0","7","1","5","50","14","9","1","5","4","5","7","4","4","5","5","5","2","9","51","2","9","1","1","H01","8","16","8","20","2","16","16","51","51","1","5","1","H01","24.153424","120.610547","2"
"2019","7","3","8","20","臺中市","潭子區","0","2","0","8","1","5","40","4","1","1","5","4","5","7","4","4","5","5","5","2","17","6","2","9","1","1","C03","7","9","1","10","2","11","","6","6","1","22","8","C03","24.210515","120.706813","2"
"2019","7","3","8","21","臺中市","神岡區","0","0","0","8","","","50","","","","","","","","","","","","","","","7","","","","","B03","","","1","","2","","","7","7","1","21","","B03","24.246695","120.683716","3"
"2019","7","3","8","21","臺中市","大雅區","0","0","0","6","","","40","","","","","","","","","","","","","","","","","","","","B12","","","1","","10","","","42","","1","","","B12","24.218639","120.650773","3"
"2019","7","3","8","23","臺中市","北區","0","1","0","8","1","5","40","3","2","1","5","4","5","7","4","4","5","5","5","2","16","4","2","8","1","1","C03","7","5","1","10","2","14","","4","4","1","21","8","C03","24.149597","120.684951","2"
"2019","7","3","8","31","臺中市","清水區","0","1","0","6","1","5","40","14","8","1","4","4","5","7","4","4","10","5","1","1","18","23","2","9","1","1","C03","7","9","1","10","2","12","","23","23","1","21","8","C03","24.277258","120.548386","2"
"2019","7","3","8","34","臺中市","東區","0","1","0","8","1","5","40","4","2","1","5","4","5","7","1","1","1","2","4","2","18","23","2","9","1","1","C03","7","9","3","18","2","15","","23","23","1","22","8","C03","24.127733","120.690385","2"
"2019","7","3","8","35","臺中市","清水區","0","0","0","6","1","5","50","","","","","","","","","","","","","","","23","","","","","B03","","","1","","2","","","23","23","1","22","","B03","24.270847","120.578864","3"
"2019","7","3","8","41","臺中市","西屯區","0","1","0","8","1","5","40","4","9","1","5","4","5","7","1","1","8","3","1","1","29","67","","","","","","","","","","","","","67","67","1","","","","24.158125","120.658218","2"
"2019","7","3","8","45","臺中市","南屯區","0","1","0","6","1","5","50","14","7","1","4","4","5","7","4","4","1","4","4","2","18","42","2","9","1","4","C03","7","9","1","10","2","12","","42","42","1","21","1","C03","24.145753","120.638746","2"
"2019","7","3","8","45","臺中市","大雅區","0","1","0","8","1","5","50","4","1","1","5","4","5","7","1","1","10","5","5","2","16","6","3","10","1","1","C03","7","5","1","10","2","12","","6","6","1","21","8","C03","24.225838","120.648665","2"
"2019","7","3","8","49","臺中市","西屯區","0","2","0","8","1","5","50","14","8","1","5","4","5","7","4","4","3","4","4","2","16","7","3","10","1","1","B03","7","8","1","8","2","2","","7","7","1","22","8","B03","24.172216","120.642995","2"
"2019","7","3","8","49","臺中市","梧棲區","0","0","0","6","","","40","","","","","","","","","","","","","","","","","","","","B03","","","1","","2","","","12","","","","","B03","24.24628","120.546153","3"
"2019","7","3","8","50","臺中市","南屯區","0","2","0","6","1","5","50","14","8","1","4","4","5","7","4","4","1","4","1","2","13","23","2","9","1","1","C03","7","9","1","10","2","11","11","23","23","1","18","2","C03","24.142895","120.598383","2"
"2019","7","3","8","55","臺中市","大里區","0","1","0","7","1","5","50","5","1","1","5","4","5","7","1","1","10","5","5","2","16","23","3","10","1","1","B03","7","5","1","8","2","1","","23","23","1","22","8","B03","24.112953","120.690073","2"
"2019","7","3","9","1","臺中市","西屯區","0","0","0","8","","","50","","","","","","","","","","","","","","","","","","","","B03","","","1","","2","","","23","","1","4","","B03","24.176804","120.594833","3"
"2019","7","3","9","2","臺中市","北屯區","0","0","0","8","","","50","","","","","","","","","","","","","","","","","","","","B03","","","1","","2","","","23","","1","5","","B03","24.161948","120.724998","3"
"2019","7","3","9","5","臺中市","西屯區","0","2","0","8","1","5","50","4","9","1","5","4","5","7","4","4","10","5","5","2","13","23","2","9","3","4","C03","7","9","1","10","2","11","","23","23","1","22","8","C03","24.190703","120.64255","2"
"2019","7","3","9","11","臺中市","西屯區","0","0","0","6","","","40","","","","","","","","","","","","","","","43","","","","","A31","","","1","","2","","","43","43","1","10","","A31","24.195956","120.647651","3"
"2019","7","3","9","17","臺中市","北屯區","0","1","0","8","1","5","50","4","1","1","5","4","5","7","4","4","1","4","5","2","17","6","3","10","3","4","B03","7","6","1","8","2","5","","6","6","1","21","8","B03","24.178323","120.686083","2"
"2019","7","3","9","24","臺中市","南屯區","0","0","0","8","","","50","","","","","","","","","","","","","","","","","","","","B03","","","1","","2","","","7","","1","22","","B03","24.142091","120.64416","3"
"2019","7","3","9","30","臺中市","西屯區","0","0","0","8","","","50","","","","","","","","","","","","","","","","","","","","B12","","","1","","2","","","17","","1","4","","B12","24.201151","120.659595","3"