"年","月","日","時","分","縣市","區","死","受傷","2-30","天候","光線","道路類別","速限","道路型態","事故位置","路面鋪裝","路面狀態","路面缺陷","障礙物","視距","號誌種類","號誌動作","分向設施","快車道或一般車道間","快慢車道間","路面邊線","事故類型及型態","主要肇因","受傷程度","主要傷處","保護裝備","行動電話","當事者區分_類別","車輛用途","當事者行動狀態","駕駛資格情形","駕駛執照種類","飲酒情形","車輛撞擊部位最初","車輛撞擊部位其他","肇事因素個別","肇事因素主要","肇事逃逸","職業","旅次目的","車種","GPS座標_緯度","GPS座標_經度","事故類別"
"2019","7","3","9","35","臺中市","西屯區","0","1","0","8","1","5","40","5","1","1","5","4","5","7","4","4","10","5","5","2","16","14","2","9","1","1","C03","7","9","1","10","2","11","","6","14","1","22","8","C03","24.198046","120.660858","2"
"2019","7","3","9","39","臺中市","北屯區","0","0","0","8","","","60","","","","","","","","","","","","","","","","","","","","B03","","","1","","2","","","23","","1","","","B03","24.162891","120.720458","3"
"2019","7","3","9","50","臺中市","西屯區","0","1","0","8","1","5","50","14","7","1","5","4","5","7","4","4","9","4","5","2","18","23","2","9","1","1","C03","7","9","1","10","2","12","","23","23","1","4","8","C03","24.180859","120.645008","2"
"2019","7","3","9","50","臺中市","梧棲區","0","1","0","6","1","5","50","3","1","1","4","4","5","7","4","4","10","5","5","2","16","16","2","9","3","4","C03","7","11","1","10","2","14","","44","16","1","21","8","C03","24.247687","120.538232","2"
"2019","7","3","9","55","臺中市","西屯區","0","1","0","6","1","5","40","4","1","1","4","4","5","7","2","1","10","5","5","2","18","42","2","9","3","4","C03","7","9","1","10","2","12","","42","42","1","22","8","C03","24.172675","120.645835","2"
"2019","7","3","9","56","臺中市","北區","0","0","0","6","1","5","50","14","9","1","4","4","5","7","1","1","1","5","5","2","17","42","3","10","1","1","C03","7","9","1","10","2","14","","42","42","2","22","9","C03","24.165359","120.68248","3"
"2019","7","3","9","56","臺中市","太平區","0","0","0","8","","","50","","","","","","","","","","","","","","","","","","","","B03","","","1","","2","","","23","","1","","","B03","24.135937","120.713908","3"
"2019","7","3","10","0","臺中市","梧棲區","0","1","0","6","1","5","40","14","9","1","4","4","5","7","4","4","10","5","5","2","14","12","3","10","3","4","B12","7","2","1","8","2","6","","12","12","1","21","8","B12","24.25003","120.530312","2"
"2019","7","3","10","3","臺中市","中區","0","2","0","8","1","5","50","14","9","1","5","4","5","7","4","4","5","4","5","2","13","43","4","11","3","4","","7","21","7","19","11","15","","43","43","2","22","9","","24.136793","120.681543","2"
"2019","7","3","10","17","臺中市","大雅區","0","2","0","7","1","5","40","14","9","1","5","4","5","7","4","4","10","5","5","1","16","19","2","8","1","1","C03","7","1","1","10","2","14","","19","19","1","22","8","C03","24.217343","120.65863","2"
"2019","7","3","10","20","臺中市","龍井區","0","0","0","","","","","","","","","","","","","","","","","","","","","","","","B03","","","6","","2","","","7","","1","22","","B03","24.18489","120.575043","3"
"2019","7","3","10","20","臺中市","潭子區","0","2","0","8","1","5","40","14","9","1","5","4","5","7","4","4","10","5","5","2","16","19","2","9","1","1","C03","7","1","1","10","2","14","","19","19","1","21","8","C03","24.192945","120.723763","2"
"2019","7","3","10","21","臺中市","西區","0","1","0","8","1","5","40","4","1","1","5","4","3","7","4","4","5","5","5","2","15","6","3","10","1","3","B03","7","9","1","8","2","8","","6","6","1","21","8","B03","24.139255","120.664885","2"
"2019","7","3","10","28","臺中市","西屯區","0","0","0","6","","","40","","","","","","","","","","","","","","","23","","","","","B11","","","1","","2","","","23","23","1","10","","B11","24.164021","120.658531","3"
"2019","7","3","10","30","臺中市","南屯區","0","1","0","6","1","5","50","5","1","1","4","4","5","7","1","1","5","4","4","2","16","6","3","10","1","1","B03","7","5","1","8","2","6","","6","6","1","19","8","B03","24.135405","120.654575","2"
"2019","7","3","10","30","臺中市","太平區","0","0","0","8","","","40","","","","","","","","","","","","","","","","","","","","A12","","","1","","2","","","12","","1","","","A12","24.109989","120.732837","3"
"2019","7","3","10","32","臺中市","烏日區","0","1","0","6","1","5","50","14","9","1","4","4","5","7","4","4","1","5","5","2","18","23","2","9","1","1","C03","7","9","1","10","2","14","","23","23","1","21","8","C03","24.10794","120.598231","2"
"2019","7","3","10","43","臺中市","梧棲區","0","2","0","6","1","5","40","3","1","1","4","4","5","7","1","1","10","5","5","1","17","16","2","9","3","4","C03","7","9","1","10","2","11","","16","16","1","21","8","C03","24.246912","120.54425","2"
"2019","7","3","10","52","臺中市","西屯區","0","1","0","8","1","5","40","3","1","1","5","4","5","7","4","4","10","5","5","2","16","6","3","10","1","1","B12","7","6","1","8","2","2","","6","6","1","4","8","B12","24.201611","120.660215","2"
"2019","7","3","10","56","臺中市","太平區","0","0","0","8","","","50","","","","","","","","","","","","","","","","","","","","B03","","","1","","2","","","23","","1","21","","B03","24.154725","120.710131","3"
"2019","7","3","11","0","臺中市","西區","0","0","0","8","1","5","50","4","2","1","5","4","5","7","4","4","1","5","5","2","16","","","","","","A02","","","1","","2","","","23","","1","20","","A02","24.148256","120.673481","3"
"2019","7","3","11","5","臺中市","南屯區","0","0","0","6","","","50","","","","","","","","","","","","","","","","","","","","B12","","","1","","2","","","40","","1","21","","B12","24.152327","120.650516","3"
"2019","7","3","11","5","臺中市","沙鹿區","0","2","0","8","1","5","50","14","9","1","4","4","5","7","4","4","5","5","5","1","3","52","2","9","4","5","H01","8","16","8","20","10","16","","52","52","1","13","8","H01","24.260499","120.59619","2"
"2019","7","3","11","9","臺中市","西區","0","0","0","8","","","50","","","","","","","","","","","","","","","23","3","","","","B03","","","1","","2","","","23","23","","5","","B03","24.139485","120.670102","3"
"2019","7","3","11","10","臺中市","南屯區","0","1","0","7","1","5","50","4","1","1","5","4","5","7","1","1","10","5","5","2","16","19","2","9","1","4","C04","7","1","1","10","2","14","","19","19","1","22","8","C04","24.143641","120.650021","2"
"2019","7","3","11","12","臺中市","清水區","0","0","0","6","","","50","","","","","","","","","","","","","","","","","","","","A12","","","1","","2","","","23","","1","2","","A12","24.2677198","120.5742529","3"
"2019","7","3","11","12","臺中市","大雅區","0","0","0","8","","","40","","","","","","","","","","","","","","","","","","","","B12","","","6","","3","","","16","","2","21","","B12","24.22153","120.669456","3"
"2019","7","3","11","22","臺中市","西屯區","0","0","0","8","","","50","","","","","","","","","","","","","","","","","","","","C03","","","1","","2","","","23","","1","22","","C03","24.172746","120.637936","3"
"2019","7","3","11","25","臺中市","神岡區","0","1","0","8","1","5","40","3","2","1","5","4","5","7","1","1","4","5","4","1","17","6","3","10","1","1","B03","7","5","1","8","2","15","","6","6","1","21","5","B03","24.277936","120.657823","2"
"2019","7","3","11","35","臺中市","清水區","0","0","0","6","1","5","40","","","","","","","","","","","","","","","23","","","","","B12","","","1","","2","","","23","23","1","21","","B12","24.274301","120.546468","3"
"2019","7","3","11","38","臺中市","太平區","0","1","0","7","1","5","50","4","1","1","5","4","5","7","2","1","10","5","5","2","12","9","3","10","1","1","B03","7","6","1","8","2","2","","9","9","1","5","5","B03","24.151852","120.715653","2"
"2019","7","3","11","42","臺中市","北區","0","0","0","","","","","","","","","","","","","","","","","","","","","","","","B03","","","1","","2","","","23","","1","22","","B03","24.169425","120.671899","3"
"2019","7","3","11","48","臺中市","清水區","0","0","0","8","","","40","","","","","","","","","","","","","","","","","","","","B03","","","1","","2","","","17","","1","21","","B03","24.26995","120.606361","4"
"2019","7","3","11","55","臺中市","東區","0","3","0","8","1","5","50","5","1","1","4","4","5","7","1","1","10","5","5","2","16","6","2","9","1","1","C03","7","6","1","10","2","12","","6","6","1","22","8","C03","24.14808","120.692595","2"
"2019","7","3","11","59","臺中市","南屯區","0","0","0","8","","","50","","","","","","","","","","","","","","","","","","","","B12","","","1","","2","","","12","","1","","","B12","24.137468","120.646225","3"
"2019","7","3","12","1","臺中市","太平區","0","1","0","7","1","5","50","3","1","1","5","4","5","7","4","4","10","5","5","2","16","6","3","10","1","1","B03","7","11","1","8","2","2","","6","6","1","21","8","B03","24.140966","120.732208","2"
"2019","7","3","12","3","臺中市","北屯區","0","2","0","8","1","5","40","14","20","1","5","4","5","7","4","4","10","5","5","2","16","19","2","9","1","1","C03","7","1","1","10","2","11","","19","19","1","22","8","C03","24.173288","120.677924","2"
"2019","7","3","12","6","臺中市","太平區","0","1","0","7","1","5","50","14","9","1","5","4","5","7","4","4","5","5","5","1","12","10","3","10","1","1","B03","7","11","1","8","2","8","","10","10","1","9","7","B03","24.133607","120.720413","2"
"2019","7","3","12","6","臺中市","沙鹿區","0","2","0","8","1","5","50","5","1","1","4","4","5","7","2","1","10","5","5","2","15","25","2","9","1","1","C03","7","9","1","10","2","14","","25","25","1","5","8","C03","24.221608","120.579552","2"
"2019","7","3","12","8","臺中市","西屯區","0","1","0","6","1","5","40","14","9","1","4","4","5","7","4","4","9","4","5","2","12","19","3","10","1","1","C03","7","1","1","10","2","13","","19","19","1","22","9","C03","24.18729","120.619643","2"
"2019","7","3","12","8","臺中市","大里區","0","1","0","6","1","5","50","4","1","1","4","4","5","7","1","1","10","5","5","2","17","25","3","10","1","1","C03","7","9","1","10","2","15","","25","25","1","9","9","C03","24.104351","120.70019","2"
"2019","7","3","12","11","臺中市","北區","0","3","0","6","1","5","50","4","1","1","4","4","5","7","1","1","10","5","5","2","3","52","2","9","4","5","H01","8","16","8","20","10","16","16","52","52","1","22","9","H01","24.159193","120.66621","2"
"2019","7","3","12","11","臺中市","西屯區","0","0","0","8","","","40","","","","","","","","","","","","","","","","","","","","B03","","","1","","2","","","17","","1","22","","B03","24.183265","120.648245","3"
"2019","7","3","12","14","臺中市","北區","0","1","0","8","1","5","40","14","8","1","5","4","5","7","4","4","5","5","4","2","13","16","2","7","1","1","C03","7","9","1","10","2","11","","16","16","1","21","8","C03","24.159174","120.679711","2"
"2019","7","3","12","15","臺中市","潭子區","0","1","0","8","1","5","50","14","7","1","5","4","5","7","4","4","5","4","4","1","2","23","3","10","1","1","B03","7","9","1","8","2","5","","23","23","1","22","8","B03","24.210534","120.706759","2"
"2019","7","3","12","22","臺中市","西屯區","0","1","0","8","1","5","40","3","1","1","5","4","5","7","1","1","10","5","5","2","17","43","3","10","1","1","B03","7","6","1","8","2","15","","43","43","2","4","8","B03","24.183874","120.614118","2"
"2019","7","3","12","23","臺中市","北區","0","1","0","6","1","5","50","4","1","1","4","4","5","7","1","1","10","5","5","2","9","52","3","10","4","5","H01","8","18","8","20","10","16","","52","52","1","22","8","H01","24.160146","120.691825","2"
"2019","7","3","12","27","臺中市","西區","0","2","0","8","1","5","50","4","1","1","5","4","5","7","1","1","10","5","5","2","17","26","2","9","1","1","C03","7","9","1","10","2","11","","26","26","1","22","9","C03","24.146656","120.652853","2"
"2019","7","3","12","31","臺中市","西區","0","0","0","8","","","50","","","","","","","","","","","","","","","26","3","","","","C03","","","1","","2","","","26","26","","5","","C03","24.146721","120.656911","3"
"2019","7","3","12","38","臺中市","北區","0","1","0","8","1","5","50","4","1","1","5","4","5","7","1","1","10","5","5","2","16","6","3","10","1","1","B03","7","9","1","8","2","2","2","6","6","1","22","9","B03","24.162837","120.670537","2"
"2019","7","3","12","40","臺中市","南屯區","0","0","0","8","","","60","","","","","","","","","","","","","","","","","","","","B03","","","1","","2","","","42","","1","21","","B03","24.153212","120.624099","3"
"2019","7","3","12","40","臺中市","太平區","0","1","0","8","1","5","50","14","9","1","5","4","5","7","4","4","10","5","5","2","17","10","3","10","1","1","B12","7","11","1","8","2","8","","10","10","1","21","3","B12","24.130087","120.720024","2"
"2019","7","3","13","23","臺中市","西屯區","0","1","0","8","1","5","40","4","1","1","5","4","5","7","2","1","10","5","5","2","17","43","3","10","3","4","B12","7","15","1","8","2","15","","43","43","1","22","8","B12","24.15918","120.65646","2"
"2019","7","3","13","30","臺中市","西區","0","1","0","8","1","5","50","4","2","1","5","4","5","7","1","1","1","4","1","1","16","6","3","10","1","1","B02","7","6","1","8","2","5","","6","6","1","21","8","B02","24.158309","120.657919","2"
"2019","7","3","13","39","臺中市","西屯區","0","1","0","8","1","5","40","14","12","1","5","4","5","7","4","4","1","4","4","2","17","19","3","10","1","1","B03","7","1","1","8","2","4","","19","19","1","21","8","B03","24.162461","120.644905","2"
"2019","7","3","13","51","臺中市","大雅區","0","1","0","8","1","5","50","4","1","1","5","4","5","7","1","1","5","5","4","1","16","6","3","10","1","1","B03","7","5","1","8","2","6","","6","6","1","22","9","B03","24.219112","120.649809","2"
"2019","7","3","14","17","臺中市","神岡區","0","0","0","8","","","50","","","","","","","","","","","","","","","","","","","","B12","","","1","","2","","","42","","1","22","","B12","24.235741","120.698018","3"
"2019","7","3","14","19","臺中市","南區","0","1","0","8","1","5","50","5","1","1","5","4","5","7","2","1","5","4","4","2","12","19","2","9","1","1","C03","7","9","1","10","2","12","","23","19","1","20","5","C03","24.116894","120.668591","2"
"2019","7","3","14","34","臺中市","太平區","0","0","0","8","","","50","","","","","","","","","","","","","","","","","","","","B03","","","1","","1","","","23","","1","","","B03","24.125735","120.712644","3"
"2019","7","3","14","37","臺中市","太平區","0","0","0","8","","","50","","","","","","","","","","","","","","","","","","","","B12","","","1","","2","","","16","","1","20","","B12","24.155691","120.733652","3"
"2019","7","3","14","53","臺中市","西屯區","0","1","0","8","1","5","50","14","9","1","5","4","5","7","4","4","10","3","5","1","13","16","3","10","1","1","B03","7","9","1","8","2","1","","16","16","1","4","8","B03","24.166696","120.652783","2"
"2019","7","3","14","53","臺中市","大甲區","0","0","0","8","","","50","","","","","","","","","","","","","","","","","","","","B12","","","1","","2","","","16","","1","4","","B12","24.343603","120.625874","3"
"2019","7","3","15","0","臺中市","沙鹿區","0","0","0","","","","","","","","","","","","","","","","","","","67","","","","","C03","","","1","","2","","","44","67","1","","","C03","24.2265665","120.574302","3"
"2019","7","3","15","3","臺中市","南區","0","0","0","8","","","40","","","","","","","","","","","","","","","22","3","","","","B12","","","1","","2","","","22","22","","20","","B12","24.127519","120.661436","3"
"2019","7","3","15","3","臺中市","烏日區","0","0","0","8","","","40","","","","","","","","","","","","","","","","","","","","A11","","","1","","2","","","23","","1","","","A11","24.074461","120.65013","3"
"2019","7","3","15","12","臺中市","沙鹿區","0","1","0","8","1","5","50","3","2","1","5","4","5","7","4","4","1","4","4","2","16","6","2","7","1","1","C03","7","6","1","10","2","14","","6","6","1","21","8","C03","24.238584","120.560081","2"
"2019","7","3","15","12","臺中市","石岡區","0","1","0","8","1","5","70","14","8","1","5","4","5","7","4","4","1","4","4","1","16","19","2","9","1","1","C03","7","1","1","10","2","11","","19","19","1","21","8","C03","24.260413","120.815621","2"
"2019","7","3","15","24","臺中市","南屯區","0","1","0","6","1","5","50","14","9","1","4","4","5","7","4","4","1","2","5","2","17","23","2","9","1","1","C03","7","9","1","10","2","14","","23","23","1","22","8","C03","24.129583","120.646206","2"
"2019","7","3","15","28","臺中市","清水區","0","0","0","8","","","60","","","","","","","","","","","","","","","","","","","","B03","","","1","","2","","","23","","1","12","","B03","24.285289","120.549778","3"
"2019","7","3","15","37","臺中市","北屯區","0","1","0","8","1","5","50","4","1","1","5","4","5","7","1","1","10","5","5","2","17","8","2","9","3","4","C03","7","5","1","10","2","14","","8","8","1","21","8","C03","24.174825","120.719099","2"
"2019","7","3","15","47","臺中市","北區","0","0","0","8","","","50","","","","","","","","","","","","","","","","","","","","B03","","","1","","2","","","19","","1","","","B03","24.171618","120.668263","3"
"2019","7","3","15","50","臺中市","太平區","0","0","0","8","","","40","","","","","","","","","","","","","","","12","","","","","B03","","","1","","2","","","12","12","1","21","","B03","24.144458","120.733487","3"
"2019","7","3","15","52","臺中市","西屯區","0","1","0","8","1","5","50","4","1","1","5","4","5","7","1","1","10","5","5","2","12","8","2","9","1","1","C03","7","5","1","10","2","11","","8","8","1","21","8","C03","24.156571","120.650353","2"
"2019","7","3","16","0","臺中市","霧峰區","0","1","0","8","1","5","40","11","9","1","5","4","5","7","4","4","10","5","5","1","18","42","2","9","1","1","C03","7","9","1","10","2","14","","42","42","1","22","8","C03","24.064465","120.663288","2"
"2019","7","3","16","0","臺中市","太平區","0","0","0","8","","","50","","","","","","","","","","","","","","","","","","","","B03","","","1","","1","","","42","","1","21","","B03","24.148181","120.70301","3"
"2019","7","3","16","2","臺中市","南屯區","0","0","0","8","","","50","","","","","","","","","","","","","","","","","","","","B03","","","1","","2","","","7","","1","5","","B03","24.134689","120.644342","3"
"2019","7","3","16","7","臺中市","西區","0","0","0","","","","","","","","","","","","","","","","","","","","","","","","B02","","","1","","2","","","23","","1","21","","B02","24.155131","120.655065","3"
"2019","7","3","16","24","臺中市","西區","0","2","0","8","1","5","50","4","1","1","5","4","5","7","4","4","10","5","5","2","15","6","2","8","1","1","C03","7","9","1","10","2","11","","14","6","1","21","8","C03","24.147858","120.659484","2"
"2019","7","3","16","26","臺中市","南區","0","0","0","8","","","50","","","","","","","","","","","","","","","","","","","","B03","","","1","","2","","","23","","1","3","","B03","24.129261","120.684372","3"
"2019","7","3","16","43","臺中市","西屯區","0","0","0","8","","","50","","","","","","","","","","","","","","","","","","","","B12","","","1","","2","","","42","","1","22","","B12","24.190766","120.613086","3"
"2019","7","3","16","45","臺中市","西屯區","0","1","0","8","1","5","50","14","9","1","5","4","5","7","4","4","1","3","5","2","12","17","2","9","1","1","C03","7","9","1","10","2","14","","17","17","1","21","8","C03","24.172735","120.622368","2"
"2019","7","3","16","48","臺中市","北區","0","2","0","8","1","5","40","14","8","1","5","4","5","7","4","4","3","4","4","2","13","23","3","10","3","4","C03","7","9","1","10","2","11","","23","23","1","5","8","C03","24.163116","120.685754","2"
"2019","7","3","16","49","臺中市","西屯區","0","2","0","8","1","5","80","14","7","1","5","4","5","7","4","4","10","5","5","2","13","23","2","9","1","1","B03","7","9","1","8","2","1","","23","23","1","21","8","B03","24.200567","120.658616","2"
"2019","7","3","16","51","臺中市","清水區","0","1","0","7","1","5","50","4","1","1","5","4","5","7","4","4","9","4","5","2","15","6","2","9","1","1","C03","7","9","2","18","2","14","","6","6","1","22","8","C03","24.275344","120.563128","2"
"2019","7","3","16","53","臺中市","北屯區","0","2","0","8","1","5","50","14","9","1","5","4","5","7","4","4","5","5","5","2","16","19","2","9","1","1","C03","7","1","1","10","2","13","","19","19","1","22","8","C03","24.186486","120.689655","2"
"2019","7","3","16","54","臺中市","南區","0","0","0","8","","","50","","","","","","","","","","","","","","","","","","","","B03","","","1","","2","","","26","","1","3","","B03","24.120666","120.649973","3"
"2019","7","3","16","55","臺中市","梧棲區","0","1","0","8","1","5","50","3","1","1","5","4","5","7","4","4","10","5","5","2","16","23","2","9","1","1","C03","7","9","1","10","2","12","","23","23","1","20","8","C03","24.246733","120.539876","2"
"2019","7","3","17","1","臺中市","大甲區","0","1","0","8","1","5","40","3","1","1","5","4","5","7","4","4","10","5","5","2","16","6","2","8","1","1","C03","7","5","1","10","2","11","","6","6","1","5","8","C03","24.344836","120.617362","2"
"2019","7","3","17","5","臺中市","沙鹿區","0","0","0","8","","","50","","","","","","","","","","","","","","","","","","","","B02","","","1","","2","","","18","","","4","","B02","24.209276","120.565869","3"
"2019","7","3","17","8","臺中市","南屯區","0","2","0","8","1","5","50","4","1","1","5","4","5","7","2","1","10","5","5","2","16","6","2","9","3","4","C03","7","6","1","10","2","12","","6","6","1","22","9","C03","24.138546","120.609679","2"
"2019","7","3","17","8","臺中市","南屯區","0","0","0","8","","","50","","","","","","","","","","","","","","","","","","","","B03","","","1","","2","","","16","","1","","","B03","24.154255","120.597167","3"
"2019","7","3","17","9","臺中市","北區","0","2","0","8","1","5","40","14","8","1","5","4","5","7","1","1","1","4","4","2","12","23","2","8","1","1","C03","7","9","1","10","2","14","","23","23","1","22","8","C03","24.162984","120.669264","2"
"2019","7","3","17","10","臺中市","大肚區","0","0","0","","","","","","","","","","","","","","","","","","","","","","","","F01","","","8","","11","","","23","","1","22","","F01","24.172765","120.583513","3"
"2019","7","3","17","13","臺中市","大雅區","0","0","0","8","","","50","","","","","","","","","","","","","","","","","","","","B03","","","1","","2","","","12","","1","","","B03","24.220321","120.656445","3"
"2019","7","3","17","16","臺中市","大里區","0","2","0","8","1","5","30","11","9","1","5","4","5","7","4","4","9","4","5","1","16","26","2","9","1","1","C03","7","9","2","18","2","11","","26","26","1","3","8","C03","24.099476","120.693868","2"
"2019","7","3","17","17","臺中市","西屯區","0","1","0","8","1","5","50","14","9","1","5","4","5","7","4","4","2","4","5","2","12","23","3","10","1","1","B03","7","9","1","8","2","2","","44","23","1","22","8","B03","24.171113","120.630583","2"
"2019","7","3","17","17","臺中市","梧棲區","0","1","0","8","1","5","50","4","1","1","5","4","5","7","4","4","10","5","5","2","16","9","3","10","1","1","B12","7","6","1","8","2","5","","9","9","1","9","5","B12","24.223656","120.523145","2"
"2019","7","3","17","25","臺中市","沙鹿區","0","0","0","8","","","50","","","","","","","","","","","","","","","","","","","","B03","","","1","","2","","","17","","1","","","B03","24.221291","120.578617","3"
"2019","7","3","17","29","臺中市","西屯區","0","1","0","8","1","5","40","8","9","1","5","4","5","7","4","4","4","3","5","2","13","23","2","9","1","1","C03","7","9","1","10","2","11","","23","23","1","21","8","C03","24.198508","120.634623","2"
"2019","7","3","17","30","臺中市","梧棲區","0","0","0","8","","","40","","","","","","","","","","","","","","","","","","","","C03","","","1","","2","","","25","","1","21","","C03","24.22167","120.524009","3"
"2019","7","3","17","33","臺中市","北區","0","1","0","7","1","5","50","4","1","1","5","4","5","7","4","4","10","5","5","2","16","6","3","10","1","1","B03","7","9","6","8","2","5","","6","6","1","22","8","B03","24.168592","120.677623","2"
"2019","7","3","17","38","臺中市","大雅區","0","1","0","8","1","5","50","3","1","1","5","4","5","7","4","4","5","5","5","1","16","6","3","10","1","1","C03","7","5","1","10","2","12","","6","6","1","22","9","C03","24.224453","120.655162","2"
"2019","7","3","17","42","臺中市","西區","0","0","0","8","","","40","","","","","","","","","","","","","","","","","","","","C03","","","1","","2","","","23","","1","5","","C03","24.152417","120.668242","4"
"2019","7","3","17","49","臺中市","大里區","0","0","0","8","","","40","","","","","","","","","","","","","","","","","","","","C03","","","1","","2","","","23","","1","21","","C03","24.100247","120.693218","3"
"2019","7","3","17","51","臺中市","大雅區","0","2","0","8","1","5","50","11","9","1","5","4","5","7","4","4","5","2","5","1","3","23","2","9","1","1","C03","7","9","1","10","2","11","14","23","23","1","22","9","C03","24.224646","120.644104","2"
"2019","7","3","17","55","臺中市","中區","0","2","0","8","1","5","30","4","1","1","5","4","5","7","1","1","10","5","5","2","16","9","2","9","1","1","C03","7","6","1","10","2","11","","9","9","1","22","8","C03","24.14131","120.676015","2"
"2019","7","3","17","58","臺中市","大甲區","0","2","0","8","1","5","60","3","1","1","5","4","5","7","2","1","10","5","5","2","16","25","2","1","1","1","C03","7","9","1","10","2","11","","25","25","1","20","8","C03","24.343569","120.617542","2"
"2019","7","3","18","4","臺中市","后里區","0","2","0","8","1","5","40","14","9","1","5","4","5","7","4","4","5","4","5","1","12","23","2","9","1","1","C03","7","9","1","10","2","11","","23","23","1","5","5","C03","24.299621","120.717943","2"
"2019","7","3","18","4","臺中市","神岡區","0","2","0","8","1","5","40","5","1","1","5","4","5","7","2","1","5","4","4","2","16","6","2","8","1","1","C03","7","5","1","10","2","12","","6","6","1","22","8","C03","24.258165","120.711558","2"
"2019","7","3","18","19","臺中市","北區","0","0","0","8","1","5","50","","","","","","","","","","","","","","","","","","","","B03","","","1","","2","","","23","","1","5","","B03","24.153513","120.683378","3"
"2019","7","3","18","29","臺中市","南區","0","0","0","8","","","50","","","","","","","","","","","","","","","","","","","","B03","","","1","","2","","","23","","1","10","","B03","24.127549","120.66956","3"
"2019","7","3","18","30","臺中市","中區","0","0","0","","","","","","","","","","","","","","","","","","","","","","","","B03","","","1","","2","","","23","","1","5","","B03","24.143304","120.675078","4"
"2019","7","3","18","53","臺中市","南屯區","0","1","0","8","3","5","50","4","1","1","5","4","5","7","2","1","10","5","5","2","16","6","3","10","3","4","B03","7","6","1","8","2","5","","6","6","1","22","8","B03","24.140346","120.653339","2"
"2019","7","3","18","59","臺中市","沙鹿區","0","1","0","8","3","5","40","15","8","1","5","4","5","7","4","4","1","4","4","2","29","43","2","9","3","4","C04","7","9","1","8","2","12","","43","43","1","19","8","C04","24.21911","120.554462","2"
"2019","7","3","19","13","臺中市","西區","0","1","0","8","3","5","50","3","1","1","5","4","5","7","4","4","10","5","5","2","13","23","3","10","1","1","B03","7","9","1","8","2","4","","23","23","1","22","8","B03","24.143452","120.661435","2"
"2019","7","3","19","13","臺中市","西屯區","0","0","0","8","","","50","","","","","","","","","","","","","","","","","","","","B03","","","1","","2","","","7","","1","22","","B03","24.171816","120.661515","3"
"2019","7","3","19","15","臺中市","烏日區","0","2","0","8","1","5","60","4","1","1","5","4","5","7","2","1","5","4","5","1","16","25","2","9","1","1","C03","7","9","1","10","2","11","","25","25","1","21","8","C03","24.087673","120.644316","2"
"2019","7","3","19","32","臺中市","沙鹿區","0","1","0","8","3","5","40","5","1","1","5","4","5","7","1","1","10","5","5","2","17","43","3","10","1","1","A02","7","6","1","5","2","1","","43","43","1","21","8","A02","24.237097","120.569492","2"
"2019","7","3","19","34","臺中市","南屯區","0","1","0","8","3","5","50","4","1","1","5","4","5","7","1","1","10","5","5","2","16","23","3","10","3","4","B03","7","5","1","8","2","1","","23","23","1","22","9","B03","24.14528","120.614849","2"
"2019","7","3","19","34","臺中市","西屯區","0","0","0","8","","","50","","","","","","","","","","","","","","","19","","","","","B03","","","1","","2","","","19","19","1","","","B03","24.163584","120.642781","3"
"2019","7","3","19","46","臺中市","烏日區","0","1","0","8","3","5","40","4","1","1","5","4","5","7","4","4","10","5","5","2","15","6","3","10","1","1","C03","7","9","1","10","2","11","","23","6","1","21","8","C03","24.10831","120.638031","2"
"2019","7","3","19","56","臺中市","北區","0","1","0","8","1","5","40","14","8","1","5","4","5","7","4","4","1","4","4","2","18","23","2","9","1","1","C03","7","9","1","10","2","14","","23","23","1","21","8","C03","24.163785","120.674142","2"
"2019","7","3","19","58","臺中市","南區","0","2","0","8","3","5","50","4","1","1","5","4","5","7","2","1","1","4","4","2","15","25","2","9","1","1","C04","7","9","1","11","2","11","","25","25","1","5","5","C04","24.123758","120.66037","2"
"2019","7","3","20","10","臺中市","北屯區","0","0","0","8","","","50","","","","","","","","","","","","","","","","","","","","B03","","","1","","2","","","26","","1","21","","B03","24.182891","120.698203","3"
"2019","7","3","20","13","臺中市","大雅區","0","1","0","8","3","5","50","5","1","1","5","4","5","7","1","1","10","5","5","2","11","6","3","10","1","1","B03","7","5","1","8","2","2","","6","6","1","22","9","B03","24.215848","120.667618","2"
"2019","7","3","20","39","臺中市","北區","0","2","0","8","3","5","40","5","18","1","5","4","5","7","1","1","5","4","4","2","3","15","2","7","3","4","C03","7","9","1","10","2","15","","15","15","1","5","8","C03","24.155712","120.675507","2"
"2019","7","3","20","40","臺中市","西屯區","0","0","0","8","3","5","50","3","1","1","5","4","","7","4","4","10","5","5","2","16","10","3","10","3","4","C03","7","11","1","10","2","11","","10","10","1","22","9","C03","24.183803","120.646131","3"
"2019","7","3","20","56","臺中市","南屯區","0","0","0","8","","","50","","","","","","","","","","","","","","","","","","","","B03","","","1","","2","","","26","","1","22","","B03","24.134901","120.641183","3"
"2019","7","3","21","4","臺中市","大雅區","0","3","0","8","3","5","50","3","1","1","5","4","5","1","3","1","5","5","5","1","16","6","2","8","1","1","C03","7","6","1","10","2","14","","6","6","1","21","8","C03","24.217316","120.647546","2"
"2019","7","3","21","9","臺中市","大甲區","0","1","0","8","3","5","60","3","1","1","5","4","5","7","4","4","1","4","5","2","16","6","3","10","1","1","B03","7","6","1","4","2","5","","6","6","1","10","8","B03","24.348576","120.617199","2"