"年","月","日","時","分","縣市","區","死","受傷","2-30","天候","光線","道路類別","速限","道路型態","事故位置","路面鋪裝","路面狀態","路面缺陷","障礙物","視距","號誌種類","號誌動作","分向設施","快車道或一般車道間","快慢車道間","路面邊線","事故類型及型態","主要肇因","受傷程度","主要傷處","保護裝備","行動電話","當事者區分_類別","車輛用途","當事者行動狀態","駕駛資格情形","駕駛執照種類","飲酒情形","車輛撞擊部位最初","車輛撞擊部位其他","肇事因素個別","肇事因素主要","肇事逃逸","職業","旅次目的","車種","GPS座標_緯度","GPS座標_經度","事故類別"
"2019","7","3","21","26","臺中市","西區","0","0","0","8","","","50","","","","","","","","","","","","","","","","","","","","B03","","","1","","2","","","16","","1","5","","B03","24.139711","120.668386","3"
"2019","7","3","21","26","臺中市","東勢區","0","1","0","8","1","5","60","4","1","1","5","4","5","7","1","1","1","4","5","1","15","26","2","9","1","1","C03","7","9","1","10","2","14","","23","26","1","22","8","C03","24.252867","120.826617","2"
"2019","7","3","21","45","臺中市","西屯區","0","1","0","8","1","5","50","3","1","1","5","4","5","7","4","4","10","5","5","2","11","6","3","10","1","1","B03","7","5","1","8","2","1","","6","6","1","21","8","B03","24.172087","120.638852","2"
"2019","7","3","22","4","臺中市","北區","0","0","0","8","","","50","","","","","","","","","","","","","","","","","","","","B03","","","1","","11","","","26","","1","5","","B03","24.145844","120.682527","3"
"2019","7","3","22","25","臺中市","西屯區","0","1","0","8","1","5","50","4","1","1","5","4","5","7","1","1","10","5","5","2","16","43","3","10","1","1","C03","7","1","1","10","2","11","","43","43","2","21","8","C03","24.164456","120.660493","2"
"2019","7","3","23","9","臺中市","北屯區","0","0","0","8","","","50","","","","","","","","","","","","","","","","","","","","B03","","","1","","2","","","23","","1","22","","B03","24.190113","120.661373","3"
"2019","7","3","23","16","臺中市","西屯區","0","0","0","8","","","50","","","","","","","","","","","","","","","","","","","","B03","","","1","","2","","","23","","1","22","","B03","24.162135","120.654401","3"
"2019","7","3","23","19","臺中市","大里區","0","2","0","6","3","5","50","3","1","1","4","4","5","7","4","4","10","5","5","2","16","1","2","8","1","1","C03","7","4","1","10","2","12","","1","1","1","12","8","C03","24.101828","120.690381","2"
"2019","7","4","1","31","臺中市","東區","0","1","0","8","3","5","40","3","1","1","5","4","5","7","4","4","10","5","5","2","29","43","2","1","4","5","F02","7","15","8","20","11","16","","43","43","1","5","8","F02","24.1388","120.699446","2"
"2019","7","4","2","57","臺中市","梧棲區","0","1","0","8","3","5","50","14","9","1","5","4","5","7","4","4","10","2","5","2","12","9","3","10","1","1","B03","7","6","1","8","2","3","","9","9","1","2","8","B03","24.263922","120.533104","2"
"2019","7","4","3","6","臺中市","西區","0","0","0","8","","","50","","","","","","","","","","","","","","","","","","","","A12","","","1","","2","","","19","","1","5","","A12","24.134109","120.661993","3"
"2019","7","4","4","34","臺中市","大雅區","0","1","0","8","2","5","50","5","1","1","5","4","5","7","3","1","3","4","4","1","16","6","2","9","1","1","C03","7","5","1","10","2","15","","6","6","1","21","8","C03","24.212487","120.64982","2"
"2019","7","4","5","54","臺中市","北區","0","0","0","8","1","5","50","14","2","1","5","4","5","7","1","1","1","4","4","2","13","23","3","10","1","1","B03","7","9","1","8","4","1","","23","23","1","21","8","B03","24.168688","120.672728","3"
"2019","7","4","6","40","臺中市","烏日區","0","1","0","8","1","5","50","4","1","1","5","4","5","7","4","4","5","4","4","1","17","10","3","10","1","1","B12","7","11","1","8","2","8","","10","10","1","21","8","B12","24.096277","120.659825","2"
"2019","7","4","7","9","臺中市","大里區","0","0","0","8","","","40","","","","","","","","","","","","","","","","","","","","B03","","","1","","2","","","16","","1","5","","B03","24.100163","120.691518","3"
"2019","7","4","7","19","臺中市","西屯區","0","1","0","8","1","5","50","4","1","1","5","4","5","7","2","1","10","5","5","2","13","16","2","3","1","1","C03","7","9","1","10","2","11","","16","16","1","21","8","C03","24.182278","120.625063","2"
"2019","7","4","7","20","臺中市","清水區","0","1","0","8","1","5","60","5","2","1","5","4","4","7","1","1","1","4","1","1","11","25","2","7","1","1","B12","7","5","1","8","2","2","","25","25","1","5","1","B12","24.268571","120.57512","2"
"2019","7","4","7","25","臺中市","大甲區","0","1","0","8","1","5","50","4","1","1","5","4","5","7","4","4","10","5","5","1","15","6","2","9","1","1","C03","7","9","1","10","2","12","","6","6","1","22","1","C03","24.351428","120.618215","2"
"2019","7","4","7","27","臺中市","西區","0","0","0","8","","","40","","","","","","","","","","","","","","","","","","","","B03","","","1","","2","","","6","","1","","","B03","24.132573","120.671842","3"
"2019","7","4","7","30","臺中市","西屯區","0","0","0","8","","","50","","","","","","","","","","","","","","","","","","","","B03","","","1","","2","","","23","","1","4","","B03","24.20167","120.656917","3"
"2019","7","4","7","35","臺中市","大甲區","0","1","0","8","1","5","50","4","1","1","5","4","5","7","1","1","10","5","5","1","15","25","2","9","1","1","C03","7","9","1","10","2","11","","25","25","1","9","1","C03","24.348897","120.618232","2"
"2019","7","4","7","36","臺中市","南屯區","0","0","0","","","","","","","","","","","","","","","","","","","","","","","","C03","","","1","","2","","","23","","1","22","","C03","24.134913","120.64617","3"
"2019","7","4","7","36","臺中市","大里區","0","0","0","8","","","40","","","","","","","","","","","","","","","","","","","","C03","","","1","","2","","","16","","1","21","","C03","24.086188","120.66405","3"
"2019","7","4","7","40","臺中市","太平區","0","1","0","8","1","5","50","3","1","1","5","4","5","7","4","4","10","5","5","2","12","23","2","7","1","1","C03","7","9","1","10","2","11","","23","23","1","21","9","C03","24.12103","120.720175","2"
"2019","7","4","7","40","臺中市","大肚區","0","3","0","8","1","5","50","3","1","1","5","4","5","7","4","4","10","5","5","2","16","4","2","9","1","1","C03","7","9","1","10","2","11","","4","4","1","22","8","C03","24.174093","120.575677","2"
"2019","7","4","7","40","臺中市","后里區","0","1","0","8","1","5","50","4","1","1","5","4","5","7","1","1","10","5","5","2","16","6","3","10","3","4","B03","7","6","1","8","2","5","","6","6","1","21","8","B03","24.303211","120.694573","2"
"2019","7","4","7","41","臺中市","清水區","0","0","0","8","","","40","","","","","","","","","","","","","","","","","","","","B03","","","1","","2","","","16","","1","12","","B03","24.294019","120.552407","3"
"2019","7","4","7","50","臺中市","龍井區","0","1","0","8","1","5","40","14","8","1","5","4","5","7","4","4","1","5","5","2","13","23","2","9","1","1","C03","7","9","1","10","2","11","","23","23","1","22","8","C03","24.176285","120.57968","2"
"2019","7","4","7","55","臺中市","新社區","0","1","0","8","1","5","50","4","1","1","5","4","5","7","4","4","5","5","4","2","16","6","3","10","1","1","B03","7","5","1","8","2","8","","6","6","1","22","8","B03","24.240323","120.807808","2"
"2019","7","4","7","55","臺中市","神岡區","0","2","0","8","1","5","40","14","9","1","5","4","5","7","4","4","9","5","5","2","16","6","2","9","3","4","C03","7","5","1","10","2","14","","6","6","1","21","1","C03","24.273511","120.66741","2"
"2019","7","4","7","57","臺中市","潭子區","0","0","0","8","","","50","","","","","","","","","","","","","","","","","","","","B03","","","1","","2","","","23","","1","21","","B03","24.200578","120.711695","3"
"2019","7","4","8","0","臺中市","潭子區","0","2","0","8","1","5","50","14","9","1","5","4","5","7","4","4","5","4","5","1","17","26","2","8","1","1","C03","7","11","1","10","2","14","","26","26","1","22","9","C03","24.213003","120.700545","2"
"2019","7","4","8","2","臺中市","北屯區","0","0","0","8","","","50","","","","","","","","","","","","","","","","","","","","B03","","","1","","2","","","42","","1","19","","B03","24.175411","120.711955","3"
"2019","7","4","8","4","臺中市","北區","0","2","0","8","2","5","50","4","1","1","5","4","5","7","1","1","10","5","5","2","16","19","2","9","1","5","F01","7","1","8","20","2","16","","19","19","1","22","9","F01","24.169828","120.679098","2"
"2019","7","4","8","5","臺中市","潭子區","0","0","0","8","1","5","60","14","8","1","5","4","5","7","4","4","1","3","4","2","13","23","3","10","1","1","B03","7","9","1","8","2","1","","23","23","1","5","1","B03","24.221923","120.689787","3"
"2019","7","4","8","9","臺中市","北屯區","0","2","0","8","1","5","50","4","1","1","5","4","5","7","4","4","5","5","5","2","15","6","2","9","1","1","C03","7","9","1","10","2","11","","6","6","1","22","8","C03","24.175475","120.67755","2"
"2019","7","4","8","9","臺中市","西屯區","0","0","0","8","","","40","","","","","","","","","","","","","","","","","","","","B03","","","1","","2","","","23","","1","4","","B03","24.167053","120.641523","3"
"2019","7","4","8","12","臺中市","中區","0","2","0","8","1","5","50","4","1","1","5","4","5","7","1","1","10","5","5","2","17","6","2","9","1","1","C03","7","6","4","8","2","12","","6","6","1","5","5","C03","24.143261","120.676418","2"
"2019","7","4","8","17","臺中市","北區","0","0","0","8","","","50","","","","","","","","","","","","","","","23","","","","","B03","","","1","8","2","","","23","23","1","22","","B03","24.160814","120.664276","3"
"2019","7","4","8","22","臺中市","大里區","0","0","0","8","","","40","","","","","","","","","","","","","","","","","","","","A41","","","1","","2","","","23","","1","10","","A41","24.086616","120.6645","3"
"2019","7","4","8","23","臺中市","北屯區","0","1","0","8","1","5","50","14","7","1","5","4","5","7","4","4","5","5","4","2","13","16","2","8","1","1","C03","7","9","1","10","2","11","","16","16","1","5","8","C03","24.175428","120.691324","2"
"2019","7","4","8","29","臺中市","西屯區","0","0","0","8","","","50","","","","","","","","","","","","","","","","","","","","B03","","","1","","2","","","25","","1","4","","B03","24.190106","120.615852","3"
"2019","7","4","8","29","臺中市","后里區","0","1","0","8","1","5","50","3","2","1","5","4","5","7","4","4","1","4","4","1","12","19","3","10","3","4","B12","7","1","1","8","2","4","","19","19","1","21","8","B12","24.300993","120.723083","2"
"2019","7","4","8","30","臺中市","南屯區","0","0","0","8","1","5","50","4","1","1","5","4","5","7","2","1","10","5","5","2","16","6","3","10","1","1","C03","7","5","1","10","2","12","13","6","6","1","3","1","C03","24.138215","120.641733","3"
"2019","7","4","8","31","臺中市","南屯區","0","0","0","8","","","50","","","","","","","","","","","","","","","","","","","","B12","","","1","","2","","","23","","1","","","B12","24.14103","120.64189","3"
"2019","7","4","8","44","臺中市","南屯區","0","1","0","8","1","5","50","3","1","1","5","4","5","7","4","4","10","5","5","2","16","6","3","10","3","4","B03","7","6","1","8","2","5","","6","6","1","22","8","B03","24.150425","120.637411","2"
"2019","7","4","8","45","臺中市","東區","0","1","0","8","1","5","50","14","8","1","5","4","5","7","4","4","5","5","4","2","17","26","3","10","1","1","B03","7","5","1","8","2","8","","26","26","1","21","8","B03","24.148314","120.706415","2"
"2019","7","4","8","56","臺中市","潭子區","0","0","0","8","","","50","","","","","","","","","","","","","","","","","","","","D03","","","1","","2","","","2","","1","22","","D03","24.200847","120.703346","3"
"2019","7","4","9","0","臺中市","西屯區","0","4","0","8","1","5","50","14","7","1","5","4","5","7","1","1","10","5","5","2","12","43","2","9","1","1","C04","7","1","1","10","2","14","","43","43","1","21","8","C04","24.168557","120.658842","2"
"2019","7","4","9","0","臺中市","霧峰區","0","1","0","8","1","5","50","4","1","1","5","4","5","7","3","1","10","5","5","2","15","6","2","9","1","1","C03","7","9","1","10","2","12","","6","6","1","20","7","C03","24.062126","120.697338","2"
"2019","7","4","9","1","臺中市","北區","0","2","0","8","1","5","50","4","1","1","5","4","5","7","4","4","5","5","5","2","15","6","2","9","1","1","C03","7","9","1","10","2","12","","6","6","1","21","8","C03","24.153091","120.672092","2"
"2019","7","4","9","3","臺中市","西區","0","1","0","8","1","5","50","3","1","1","5","4","1","7","4","4","5","4","5","2","12","17","2","9","1","1","C03","7","7","1","10","2","14","","17","17","1","21","8","C03","24.139319","120.676358","2"
"2019","7","4","9","11","臺中市","南屯區","0","0","0","8","1","5","50","14","9","1","5","4","5","7","4","4","5","4","5","2","17","42","3","10","1","1","A04","7","9","1","2","9","2","","42","42","1","22","8","A04","24.147192","120.638028","3"
"2019","7","4","9","19","臺中市","西區","0","0","0","8","","","50","","","","","","","","","","","","","","","16","","","","","C03","","","1","","2","","","16","16","1","","","C03","24.155991","120.656403","3"
"2019","7","4","9","22","臺中市","新社區","0","0","0","8","","","50","","","","","","","","","","","","","","","","","","","","B12","","","3","","3","","","5","","1","22","","B12","24.242462","120.79893","3"
"2019","7","4","9","25","臺中市","大雅區","0","0","0","8","","","50","","","","","","","","","","","","","","","","","","","","B03","","","1","","2","","","23","","1","22","","B03","24.220894","120.653537","3"
"2019","7","4","9","26","臺中市","沙鹿區","0","0","0","8","","","50","","","","","","","","","","","","","","","42","","","","","B03","","","1","","2","","","43","42","1","","","B03","24.222634","120.556724","3"
"2019","7","4","9","28","臺中市","西區","0","0","0","8","","","40","","","","","","","","","","","","","","","23","3","","","","B03","","","1","","2","","","23","23","","5","","B03","24.148232","120.657672","3"
"2019","7","4","9","30","臺中市","新社區","0","0","0","8","","","50","","","","","","","","","","","","","","","","","","","","C03","","","1","","2","","","26","","1","22","","C03","24.177314","120.820739","3"
"2019","7","4","9","35","臺中市","西屯區","0","1","0","8","1","5","50","4","1","1","5","4","5","7","4","4","10","5","5","2","17","6","2","8","1","1","C03","7","6","1","10","2","12","","6","6","1","21","8","C03","24.170585","120.650436","2"
"2019","7","4","9","37","臺中市","西區","0","0","0","8","","","50","","","","","","","","","","","","","","","","","","","","B03","","","1","","2","","","12","","1","21","","B03","24.131592","120.666796","3"
"2019","7","4","9","37","臺中市","太平區","0","0","0","8","","","50","","","","","","","","","","","","","","","","","","","","B03","","","1","","2","","","16","","1","21","","B03","24.111283","120.703168","3"
"2019","7","4","9","39","臺中市","南區","0","1","0","8","1","5","50","8","9","1","5","4","5","7","2","1","5","4","4","2","18","43","2","9","1","1","C03","7","9","1","10","2","15","","43","43","1","23","1","C03","24.129343","120.677953","2"
"2019","7","4","9","40","臺中市","太平區","0","1","0","8","1","5","50","5","1","1","5","4","5","7","1","1","10","5","5","2","17","25","2","9","1","1","C03","7","15","1","10","2","11","","25","25","1","21","9","C03","24.149637","120.724563","2"
"2019","7","4","9","53","臺中市","北區","0","1","0","8","1","5","50","3","1","1","5","4","5","7","4","4","10","5","5","2","16","6","3","10","1","1","B02","7","5","1","8","2","6","","6","6","1","22","9","B02","24.15315","120.686641","2"
"2019","7","4","10","4","臺中市","大里區","0","0","0","8","","","50","","","","","","","","","","","","","","","","","","","","B12","","","1","","2","","","42","","1","6","","B12","24.079208","120.69879","3"
"2019","7","4","10","6","臺中市","中區","0","0","0","8","","","50","","","","","","","","","","","","","","","","","","","","B03","","","1","","2","","","26","","1","","","B03","24.140204","120.677281","3"
"2019","7","4","10","10","臺中市","太平區","0","0","0","8","","","50","","","","","","","","","","","","","","","","","","","","G03","","","3","","1","","","23","","1","21","","G03","24.129355","120.712526","3"
"2019","7","4","10","14","臺中市","西屯區","0","1","0","8","1","5","50","3","1","1","5","4","5","7","4","4","10","5","5","2","16","6","3","10","1","1","B03","7","5","1","8","2","6","","6","6","1","4","8","B03","24.199595","120.643265","2"
"2019","7","4","10","16","臺中市","后里區","0","1","0","8","1","5","50","4","2","1","5","4","5","7","1","1","1","4","5","1","12","23","3","10","3","4","A41","7","9","4","5","2","1","","23","23","1","21","8","A41","24.30924","120.680163","2"
"2019","7","4","10","19","臺中市","龍井區","0","0","0","","","","","","","","","","","","","","","","","","","","","","","","A12","","","1","","2","","","42","","1","10","","A12","24.176146","120.581004","3"
"2019","7","4","10","19","臺中市","大雅區","0","1","0","8","1","5","40","3","1","1","5","4","5","7","4","4","10","5","5","2","16","6","3","10","1","1","B03","7","5","1","8","2","8","","6","6","1","22","9","B03","24.224258","120.65734","2"
"2019","7","4","10","21","臺中市","西屯區","0","1","0","8","1","5","50","4","1","1","5","4","5","7","1","1","1","1","1","1","16","9","3","10","1","1","B03","7","6","1","8","2","5","","9","9","1","4","7","B03","24.159534","120.656253","2"
"2019","7","4","10","22","臺中市","西區","0","1","0","8","1","5","50","4","1","5","5","4","5","7","2","1","10","5","5","2","16","6","3","10","1","1","B03","7","5","1","8","2","2","","6","6","1","21","8","B03","24.14133","120.675971","2"
"2019","7","4","10","27","臺中市","北區","0","0","0","8","","","50","","","","","","","","","","","","","","","","3","","","","B03","","","1","","2","","","42","","1","22","","B03","24.173372","120.671404","3"
"2019","7","4","10","30","臺中市","北區","0","0","0","8","","","50","","","","","","","","","","","","","","","","","","","","B03","","","1","","2","","","23","","1","21","","B03","24.153439","120.682724","3"
"2019","7","4","10","30","臺中市","沙鹿區","0","3","0","8","1","5","50","4","1","1","5","4","5","7","4","4","10","5","5","2","15","6","3","10","1","1","B03","7","9","1","6","2","1","","6","6","1","21","8","B03","24.22312","120.569713","2"
"2019","7","4","10","34","臺中市","北區","0","2","0","8","1","5","50","4","1","1","5","4","5","7","1","1","10","5","5","2","16","6","3","10","3","4","B03","7","6","1","8","2","2","6","6","6","1","22","9","B03","24.153992","120.682362","2"
"2019","7","4","10","40","臺中市","東區","0","1","0","8","1","5","50","3","1","1","5","4","5","7","4","4","10","5","5","2","17","6","3","10","1","1","B03","7","6","1","8","2","6","","6","6","1","21","8","B03","24.149605","120.699593","2"
"2019","7","4","10","44","臺中市","西屯區","0","1","0","8","1","5","50","14","9","1","5","4","5","7","4","4","1","4","5","2","13","23","2","9","1","1","C03","7","9","3","18","2","11","","23","23","1","4","8","C03","24.15838","120.646727","2"
"2019","7","4","10","51","臺中市","后里區","0","2","0","8","1","5","50","3","1","1","5","4","5","7","4","4","10","5","5","2","16","23","2","7","3","4","C03","7","9","2","18","2","12","","23","23","1","21","8","C03","24.308896","120.72177","2"
"2019","7","4","11","7","臺中市","龍井區","0","0","0","","","","","","","","","","","","","","","","","","","","","","","","B02","","","1","","2","","","23","","1","22","","B02","24.189545","120.579938","3"
"2019","7","4","11","10","臺中市","西區","0","0","0","8","","","50","","","","","","","","","","","","","","","","","","","","B03","","","1","","2","","","6","","1","21","","B03","24.145323","120.657903","3"
"2019","7","4","11","24","臺中市","西屯區","0","0","0","8","","","50","","","","","","","","","","","","","","","","","","","","A12","","","1","","2","","","23","","1","10","","A12","24.179691","120.621551","3"
"2019","7","4","11","25","臺中市","北屯區","0","0","0","8","","","50","","","","","","","","","","","","","","","","","","","","C03","","","6","","2","","","25","","1","5","","C03","24.174134","120.678333","3"
"2019","7","4","11","28","臺中市","南屯區","0","0","0","8","","","50","","","","","","","","","","","","","","","","","","","","B03","","","1","","2","","","42","","1","","","B03","24.154671","120.646388","3"
"2019","7","4","11","35","臺中市","大里區","0","0","0","8","","","40","","","","","","","","","","","","","","","","","","","","B03","","","1","","2","","","16","","1","5","","B03","24.117511","120.70043","3"
"2019","7","4","11","36","臺中市","梧棲區","0","0","0","8","","","40","","","","","","","","","","","","","","","","","","","","B03","","","1","","2","","","6","","1","21","","B03","24.242232","120.545217","3"
"2019","7","4","11","38","臺中市","西屯區","0","1","0","8","1","5","50","4","1","1","5","4","5","7","1","1","10","5","5","2","16","17","3","10","3","4","C03","7","9","1","10","2","12","","17","17","2","22","9","C03","24.176126","120.658656","2"
"2019","7","4","11","40","臺中市","北屯區","0","0","0","8","","","50","","","","","","","","","","","","","","","","","","","","B03","","","4","","2","","","23","","1","","","B03","24.175933","120.720317","3"
"2019","7","4","11","47","臺中市","西屯區","0","2","0","8","1","5","40","4","1","1","5","4","5","7","4","4","10","5","5","1","16","6","2","7","1","1","C03","7","9","1","10","2","12","","6","6","1","4","8","C03","24.181958","120.638266","2"
"2019","7","4","11","56","臺中市","北區","0","0","0","8","","","0","","","","","","","","","","","","","","","","3","","","","C03","","","1","","2","","","17","","1","22","","C03","24.154514","120.684086","3"
"2019","7","4","12","0","臺中市","后里區","0","0","0","8","1","5","40","14","9","1","5","4","5","7","4","4","10","5","5","2","14","","","","","","B03","","","1","","2","","","12","","1","20","","B03","24.316468","120.687431","3"
"2019","7","4","12","0","臺中市","潭子區","0","0","0","8","","","60","","","","","","","","","","","","","","","","","","","","B03","","","1","","2","","","17","","1","22","","B03","24.216098","120.704202","3"
"2019","7","4","12","5","臺中市","北區","0","0","0","8","","","50","","","","","","","","","","","","","","","16","","","","","B03","","","1","8","2","","","16","16","1","","","B03","24.162957","120.670245","3"
"2019","7","4","12","6","臺中市","龍井區","0","0","0","8","","","50","","","","","","","","","","","","","","","","","","","","B12","","","1","","2","","","26","","1","12","","B12","24.219456","120.52309","3"
"2019","7","4","12","11","臺中市","大雅區","0","1","0","7","1","5","40","4","1","1","5","4","5","7","4","4","10","5","5","2","16","6","2","9","1","1","C03","7","9","1","10","2","12","","6","6","1","22","9","C03","24.215874","120.643937","2"
"2019","7","4","12","13","臺中市","南屯區","0","0","0","8","","","50","","","","","","","","","","","","","","","","","","","","B03","","","1","","2","","","23","","1","22","","B03","24.15562","120.608919","3"
"2019","7","4","12","35","臺中市","大甲區","0","1","0","7","1","5","50","11","9","1","5","4","3","7","4","4","5","4","5","1","17","23","3","10","1","1","A12","7","13","1","7","2","7","","38","23","1","10","8","A12","24.341383","120.615141","2"
"2019","7","4","12","36","臺中市","大雅區","0","0","0","8","","","50","","","","","","","","","","","","","","","","","","","","B03","","","1","","2","","","19","","1","","","B03","24.225905","120.656801","3"
"2019","7","4","12","45","臺中市","烏日區","0","1","0","8","1","5","60","4","1","1","5","4","5","7","2","1","10","5","5","2","12","7","3","10","1","1","C03","7","8","1","10","2","13","","7","7","1","21","8","C03","24.105613","120.61791","2"
"2019","7","4","12","52","臺中市","大里區","0","0","0","6","","","50","","","","","","","","","","","","","","","23","","","","","B03","","","1","","2","","","8","23","1","22","","B03","24.09263","120.690328","3"
"2019","7","4","12","54","臺中市","龍井區","0","0","0","6","","","50","","","","","","","","","","","","","","","","","","","","B03","","","1","","2","","","12","","1","9","","B03","24.214839","120.551879","3"
"2019","7","4","12","56","臺中市","太平區","0","0","0","6","","","50","","","","","","","","","","","","","","","","","","","","B12","","","1","","2","","","16","","1","21","","B12","24.150908","120.710876","3"
"2019","7","4","12","57","臺中市","神岡區","0","1","0","7","1","5","50","3","1","1","5","4","5","7","4","4","5","5","5","1","26","23","2","9","1","1","C03","7","9","1","10","2","11","","23","23","1","22","8","C03","24.274205","120.698274","2"
"2019","7","4","13","0","臺中市","北區","0","1","0","6","1","5","50","4","1","1","4","4","5","7","1","1","10","5","5","2","16","19","3","10","1","1","B01","7","1","1","4","2","8","","19","19","1","10","9","B01","24.153414","120.683589","2"
"2019","7","4","13","0","臺中市","西屯區","0","1","0","6","1","5","40","14","8","1","4","4","5","7","4","4","3","4","3","2","16","6","3","10","1","1","B03","7","6","1","8","2","2","","6","6","1","4","8","B03","24.166594","120.642204","2"
"2019","7","4","13","0","臺中市","大甲區","0","1","0","7","1","5","40","3","1","1","5","4","5","5","4","4","10","5","5","2","16","6","2","9","4","5","F01","7","5","8","20","2","16","","6","6","1","16","8","F01","24.344836","120.617362","2"
"2019","7","4","13","1","臺中市","西屯區","0","2","0","8","1","5","40","4","1","1","4","4","5","7","4","4","10","5","5","1","16","6","2","9","1","1","C03","7","9","1","10","2","12","","6","6","1","4","8","C03","24.17533","120.645088","2"
"2019","7","4","13","3","臺中市","西區","0","1","0","6","1","5","50","4","1","1","4","4","5","7","4","4","10","5","5","2","18","42","2","9","1","1","C03","7","9","1","10","2","12","13","42","42","1","5","5","C03","24.154801","120.662055","2"
"2019","7","4","13","8","臺中市","南區","0","1","0","6","1","5","50","4","1","1","4","4","5","7","2","1","5","5","5","2","16","25","2","9","1","1","C03","7","11","1","10","2","12","11","25","25","1","4","5","C03","24.130371","120.683707","2"
"2019","7","4","13","15","臺中市","太平區","0","0","0","8","","","50","","","","","","","","","","","","","","","","","","","","A41","","","1","","1","","","43","","1","21","","A41","24.131812","120.716833","3"
"2019","7","4","13","17","臺中市","大甲區","0","0","0","8","","","40","","","","","","","","","","","","","","","23","","","","","C03","","","1","","2","","","23","23","1","22","","C03","24.346841","120.622864","3"
"2019","7","4","13","20","臺中市","南屯區","0","0","0","6","1","5","50","5","1","1","4","4","5","7","2","1","10","5","5","2","12","17","3","10","1","1","B03","7","9","1","8","2","6","6","17","17","1","5","5","B03","24.14021","120.626117","3"
"2019","7","4","13","20","臺中市","南屯區","0","0","0","6","","","50","","","","","","","","","","","","","","","","","","","","B03","","","1","","2","","","23","","1","","","B03","24.153526","120.640483","3"
"2019","7","4","13","28","臺中市","西屯區","0","3","0","8","1","5","50","14","8","1","5","4","5","7","4","4","5","5","4","2","16","7","2","8","4","5","F01","7","8","8","20","2","16","","7","7","1","4","8","F01","24.165195","120.634673","2"
"2019","7","4","13","30","臺中市","西屯區","0","1","0","6","1","5","50","4","1","1","4","4","5","7","4","4","10","5","5","2","12","23","2","9","1","1","C03","7","9","1","10","2","14","","23","23","1","5","8","C03","24.182593","120.633616","2"
"2019","7","4","13","34","臺中市","西屯區","0","0","0","8","","","50","","","","","","","","","","","","","","","","","","","","B03","","","1","","2","","","16","","1","4","","B03","24.183482","120.630038","3"
"2019","7","4","13","38","臺中市","北屯區","0","0","0","6","","","50","","","","","","","","","","","","","","","23","3","","","","B03","","","1","8","2","","","23","23","1","21","","B03","24.19351","120.671103","3"
"2019","7","4","13","43","臺中市","西屯區","0","1","0","8","1","5","50","4","1","1","5","4","5","7","1","1","1","1","1","1","16","43","2","6","1","1","C03","7","5","1","10","2","14","","43","43","1","4","8","C03","24.169345","120.656421","2"
"2019","7","4","13","51","臺中市","西屯區","0","1","0","6","1","5","50","3","1","1","4","4","5","7","4","4","5","5","5","2","16","6","3","10","1","1","B03","7","6","1","8","2","2","","6","6","1","4","8","B03","24.163651","120.643235","2"
"2019","7","4","13","53","臺中市","北屯區","0","0","0","8","","","50","","","","","","","","","","","","","","","42","","","","","B12","","","1","","2","","","42","42","1","5","","B12","24.180305","120.692216","3"
"2019","7","4","13","58","臺中市","南屯區","0","1","0","6","1","5","50","3","9","1","4","4","5","7","4","4","3","4","5","2","17","40","3","10","1","1","B02","7","13","1","8","2","4","","40","40","1","5","8","B02","24.149931","120.624129","2"
"2019","7","4","14","1","臺中市","西屯區","0","1","0","6","1","5","50","14","9","1","4","4","5","7","4","4","1","2","5","2","18","42","2","9","1","1","C03","7","9","1","10","2","12","","42","42","1","21","8","C03","24.171115","120.644483","2"
"2019","7","4","14","3","臺中市","西屯區","0","0","0","","","","50","","","","","","","","","","","","","","","","","","","","B03","","","1","","2","","","23","","1","4","","B03","24.173422","120.650755","3"
"2019","7","4","14","5","臺中市","南屯區","0","0","0","6","1","5","40","14","8","1","4","4","5","7","4","4","1","2","4","2","14","12","3","10","1","1","B03","7","2","1","8","2","7","7","12","12","1","5","5","B03","24.14344","120.638647","3"
"2019","7","4","14","5","臺中市","北屯區","0","0","0","8","","","50","","","","","","","","","","","","","","","6","","","","","B03","","","1","","2","","","6","6","1","22","","B03","24.165363","120.725371","3"
"2019","7","4","14","8","臺中市","西屯區","0","0","0","8","","","50","","","","","","","","","","","","","","","23","","","","","B03","","","1","","2","","","23","23","1","4","","B03","24.167151","120.649706","3"
"2019","7","4","14","16","臺中市","太平區","0","0","0","8","1","5","50","4","1","1","5","4","5","7","1","1","5","5","5","1","16","43","3","10","1","1","C03","7","10","1","10","2","14","","43","43","2","22","8","C03","24.145537","120.734402","3"
"2019","7","4","14","20","臺中市","西區","0","1","0","8","1","5","50","4","2","1","5","4","5","7","1","1","5","4","4","1","17","14","3","10","1","1","B03","7","11","1","8","2","15","","6","14","1","21","8","B03","24.149603","120.669794","2"
"2019","7","4","14","21","臺中市","龍井區","0","1","0","8","1","5","50","4","1","1","5","4","5","7","2","1","10","5","5","2","18","42","2","8","1","1","C03","7","5","1","10","2","12","","42","42","1","21","8","C03","24.187029","120.583339","2"