"年","月","日","時","分","縣市","區","死","受傷","2-30","天候","光線","道路類別","速限","道路型態","事故位置","路面鋪裝","路面狀態","路面缺陷","障礙物","視距","號誌種類","號誌動作","分向設施","快車道或一般車道間","快慢車道間","路面邊線","事故類型及型態","主要肇因","受傷程度","主要傷處","保護裝備","行動電話","當事者區分_類別","車輛用途","當事者行動狀態","駕駛資格情形","駕駛執照種類","飲酒情形","車輛撞擊部位最初","車輛撞擊部位其他","肇事因素個別","肇事因素主要","肇事逃逸","職業","旅次目的","車種","GPS座標_緯度","GPS座標_經度","事故類別"
"2019","7","4","14","25","臺中市","北區","0","0","0","7","1","5","50","14","22","1","5","4","5","7","4","4","8","3","4","2","17","","","","","","","","","7","","11","","","43","","1","","","","24.151704","120.685016","3"
"2019","7","4","14","25","臺中市","南屯區","0","0","0","8","","","50","","","","","","","","","","","","","","","","","","","","B03","","","1","","2","","","16","","1","","","B03","24.136838","120.650096","3"
"2019","7","4","14","30","臺中市","清水區","0","0","0","8","1","5","50","","","","","","","","","","","","","","","","","","","","B12","","","1","","2","","","23","","2","22","","B12","24.267176","120.575845","3"
"2019","7","4","14","36","臺中市","沙鹿區","0","0","0","8","","","50","","","","","","","","","","","","","","","","","","","","B12","","","1","","2","","","16","","","4","","B12","24.238459","120.56007","3"
"2019","7","4","14","38","臺中市","太平區","0","1","0","8","1","5","50","3","1","1","5","4","5","7","4","4","10","5","5","2","18","23","2","9","1","1","C03","7","9","1","10","2","12","","23","23","1","21","8","C03","24.133661","120.71989","2"
"2019","7","4","14","44","臺中市","西屯區","0","2","0","8","1","5","40","14","8","1","5","4","5","7","4","4","5","5","4","2","1","51","2","8","4","5","H01","8","16","8","20","10","16","","51","51","1","16","8","H01","24.19507","120.643991","2"
"2019","7","4","14","50","臺中市","大里區","0","0","0","8","","","50","","","","","","","","","","","","","","","","","","","","B03","","","1","","2","","","23","","1","4","","B03","24.102431","120.696911","3"
"2019","7","4","14","52","臺中市","西區","0","0","0","8","","","50","","","","","","","","","","","","","","","","","","","","B03","","","1","","2","","","16","","1","","","B03","24.14616","120.67048","3"
"2019","7","4","14","52","臺中市","大雅區","0","1","0","8","1","5","40","4","1","1","5","4","5","7","4","4","10","5","5","2","17","6","3","10","1","1","B12","7","5","1","8","2","1","","6","6","1","22","9","B12","24.224041","120.652919","2"
"2019","7","4","15","21","臺中市","西區","0","2","0","8","1","5","50","4","1","1","5","4","5","7","4","4","10","5","5","2","15","6","2","9","1","1","C03","7","9","1","10","2","11","","6","6","1","22","9","C03","24.152058","120.659425","2"
"2019","7","4","15","24","臺中市","大雅區","0","0","0","8","","","50","","","","","","","","","","","","","","","","","","","","B03","","","1","","2","","","26","","1","","","B03","24.216223","120.649246","3"
"2019","7","4","15","25","臺中市","東區","0","1","0","8","1","5","50","3","1","1","5","4","5","7","4","4","10","5","5","2","17","6","3","10","1","1","B03","7","5","1","8","2","8","","6","6","1","21","8","B03","24.143188","120.701348","2"
"2019","7","4","15","27","臺中市","西屯區","0","0","0","8","","","50","","","","","","","","","","","","","","","","","","","","B03","","","1","","2","","","16","","1","","","B03","24.170418","120.657326","3"
"2019","7","4","15","29","臺中市","北區","0","2","0","8","1","5","50","4","1","1","5","4","5","7","1","1","5","4","4","2","16","27","2","9","1","1","C03","7","9","1","10","2","11","","23","27","1","5","8","C03","24.17162","120.67587","2"
"2019","7","4","15","38","臺中市","北屯區","0","1","0","8","1","5","40","14","8","1","5","4","3","7","4","4","2","2","4","2","17","23","2","7","1","1","C03","7","9","1","10","2","11","","23","23","1","18","8","C03","24.162764","120.689394","2"
"2019","7","4","15","40","臺中市","東區","0","1","0","8","1","5","50","14","7","1","5","4","5","7","4","4","1","4","4","2","5","23","3","10","1","1","B03","7","9","1","8","2","2","","23","23","1","5","8","B03","24.152178","120.694451","2"
"2019","7","4","15","45","臺中市","西區","0","1","0","8","1","5","50","14","9","1","5","4","5","7","4","4","5","4","5","2","11","23","2","9","1","1","C03","7","9","1","10","2","11","","23","23","1","5","1","C03","24.139695","120.676771","2"
"2019","7","4","15","45","臺中市","西屯區","0","0","0","8","","","50","","","","","","","","","","","","","","","","","","","","B12","","","1","","9","","","23","","2","","","B12","24.17997","120.641795","3"
"2019","7","4","15","48","臺中市","北屯區","0","0","0","8","","","50","","","","","","","","","","","","","","","","","","","","B03","","","1","","2","","","23","","1","5","","B03","24.172528","120.68351","3"
"2019","7","4","15","54","臺中市","大甲區","0","1","0","8","1","5","50","4","2","1","5","4","5","7","3","1","5","4","5","1","16","6","3","10","1","1","B12","7","6","1","8","2","2","","6","6","1","21","8","B12","24.355956","120.622373","2"
"2019","7","4","15","58","臺中市","大甲區","0","0","0","8","1","5","40","14","9","1","5","4","5","7","4","4","5","5","5","2","14","12","3","10","1","1","B12","7","2","1","8","2","3","","12","12","1","22","8","B12","24.379372","120.653533","3"
"2019","7","4","16","12","臺中市","西區","0","0","0","8","","","50","","","","","","","","","","","","","","","","","","","","C03","","","1","","9","","","6","","2","21","","C03","24.139515","120.684429","3"
"2019","7","4","16","21","臺中市","龍井區","0","1","0","8","1","5","70","3","1","1","5","4","5","7","1","1","10","5","5","2","16","25","3","10","1","1","B03","7","9","1","8","2","2","","25","25","1","21","8","B03","24.188304","120.580989","2"
"2019","7","4","16","32","臺中市","東區","0","0","0","8","","","40","","","","","","","","","","","","","","","","3","","","","B12","","","1","","2","","","12","","1","21","","B12","24.126211","120.691144","3"
"2019","7","4","16","46","臺中市","西屯區","0","0","0","8","","","50","","","","","","","","","","","","","","","","","","","","B03","","","1","","2","","","23","","1","22","","B03","24.199508","120.656356","3"
"2019","7","4","16","50","臺中市","東區","0","0","0","8","1","5","50","14","7","1","5","4","5","7","1","1","5","4","4","2","13","23","3","10","1","1","B03","7","9","1","8","2","1","","23","23","1","22","8","B03","24.14792","120.697626","3"
"2019","7","4","16","50","臺中市","沙鹿區","0","0","0","8","","","50","","","","","","","","","","","","","","","","","","","","C03","","","3","","2","","","16","","1","19","","C03","24.226904","120.575241","3"
"2019","7","4","16","52","臺中市","大肚區","0","1","0","8","1","5","50","14","9","1","5","4","5","7","4","4","9","5","5","1","12","23","3","10","1","1","B03","7","6","1","8","2","2","","23","23","1","21","8","B03","24.166641","120.577985","2"
"2019","7","4","16","52","臺中市","潭子區","0","1","0","8","2","5","50","14","7","1","5","4","5","7","4","4","4","4","5","1","13","23","2","9","1","1","C03","7","9","1","10","2","11","","23","23","1","22","8","C03","24.207293","120.722339","2"
"2019","7","4","16","55","臺中市","西屯區","0","0","0","8","","","50","","","","","","","","","","","","","","","","","","","","C03","","","1","","2","","","7","","1","","","C03","24.191433","120.625244","3"
"2019","7","4","16","58","臺中市","南屯區","0","2","0","8","1","5","40","14","9","1","5","4","5","7","4","4","10","5","5","2","10","5","2","7","1","1","C03","7","9","1","10","2","11","","5","5","1","22","9","C03","24.139127","120.61001","2"
"2019","7","4","17","0","臺中市","北屯區","0","0","0","8","","","50","","","","","","","","","","","","","","","","","","","","B03","","","1","","2","","","23","","1","22","","B03","24.180852","120.696387","3"
"2019","7","4","17","5","臺中市","西屯區","0","0","0","8","","","50","","","","","","","","","","","","","","","","","","","","B03","","","1","","2","","","23","","1","","","B03","24.186923","120.620746","3"
"2019","7","4","17","8","臺中市","南區","0","1","0","8","1","5","50","4","1","1","5","4","5","7","1","1","10","5","5","2","13","23","3","10","1","1","B03","7","9","1","8","2","1","","23","23","1","10","8","B03","24.128344","120.678275","2"
"2019","7","4","17","8","臺中市","豐原區","0","0","0","8","","","50","","","","","","","","","","","","","","","","","","","","C04","","","1","","9","","","23","","2","21","","C04","24.245338","120.71326","3"
"2019","7","4","17","10","臺中市","大甲區","0","2","0","8","1","5","40","14","9","1","5","4","5","7","4","4","5","5","5","1","11","26","2","7","1","1","B03","7","15","1","8","2","8","","26","26","1","9","8","B03","24.340242","120.63097","2"
"2019","7","4","17","16","臺中市","梧棲區","0","0","0","8","","","50","","","","","","","","","","","","","","","","","","","","C03","","","1","","2","","","6","","1","2","","C03","24.230419","120.541201","3"
"2019","7","4","17","20","臺中市","龍井區","0","0","0","8","","","50","","","","","","","","","","","","","","","","","","","","B03","","","1","","2","","","6","","1","12","","B03","24.185152","120.529923","3"
"2019","7","4","17","20","臺中市","神岡區","0","1","0","8","1","5","50","14","7","1","5","4","5","7","4","4","5","4","4","2","16","16","3","10","1","1","C03","7","5","1","8","2","13","","42","16","1","21","1","C03","24.258323","120.663604","2"
"2019","7","4","17","26","臺中市","沙鹿區","0","3","0","8","1","5","50","4","1","1","5","4","5","7","2","1","1","3","5","2","3","23","2","8","1","1","C03","7","9","1","10","2","11","","23","23","1","4","8","C03","24.227196","120.574886","2"
"2019","7","4","17","28","臺中市","沙鹿區","0","0","0","8","","","60","","","","","","","","","","","","","","","","","","","","B12","","","1","","2","","","16","","","4","","B12","24.209426","120.560177","3"
"2019","7","4","17","30","臺中市","西屯區","0","1","0","8","3","5","50","14","9","1","5","4","5","7","4","4","10","5","5","2","11","43","3","10","1","1","C03","7","9","1","10","2","14","","43","43","1","21","8","C03","24.173589","120.64526","2"
"2019","7","4","17","34","臺中市","潭子區","0","0","0","8","1","5","50","14","8","1","5","4","5","7","4","4","8","3","4","2","16","","","","","","B03","","","1","","2","","","17","","1","","","B03","24.20949","120.698816","3"
"2019","7","4","17","40","臺中市","烏日區","0","1","0","8","1","5","60","4","1","1","5","4","5","7","2","1","10","5","5","2","12","26","3","10","1","1","B03","7","4","1","8","2","15","","26","26","1","21","8","B03","24.109421","120.641925","2"
"2019","7","4","17","47","臺中市","北區","0","2","0","8","2","5","50","11","9","1","5","4","5","7","4","4","1","5","5","2","3","51","2","6","4","5","H01","8","16","8","20","10","16","","51","51","1","22","8","H01","24.162647","120.684933","2"
"2019","7","4","17","47","臺中市","太平區","0","1","0","8","1","5","50","3","8","1","5","4","5","7","4","4","5","5","4","1","16","9","3","10","1","1","B03","7","6","1","8","2","5","","9","9","1","5","8","B03","24.126645","120.735275","2"
"2019","7","4","17","54","臺中市","西區","0","0","0","8","","","50","","","","","","","","","","","","","","","","","","","","B03","","","1","","2","","","23","","1","22","","B03","24.141804","120.66579","4"
"2019","7","4","17","59","臺中市","沙鹿區","0","1","0","8","2","5","40","4","18","1","5","4","5","7","1","1","10","5","5","2","3","25","3","10","1","1","C03","7","6","1","10","2","11","","25","25","1","5","5","C03","24.239394","120.564627","2"
"2019","7","4","18","5","臺中市","太平區","0","1","0","8","2","5","40","14","9","1","5","4","5","7","4","4","10","5","5","2","18","23","2","9","1","1","C03","7","9","1","10","2","12","","23","23","1","21","8","C03","24.146313","120.734847","2"
"2019","7","4","18","7","臺中市","北區","0","2","0","8","3","5","50","4","1","1","5","4","5","7","1","1","10","5","5","2","11","6","2","9","1","1","C03","7","5","1","10","2","11","","6","6","1","22","8","C03","24.15093","120.678479","2"
"2019","7","4","18","9","臺中市","北屯區","0","0","0","8","","","50","","","","","","","","","","","","","","","","","","","","B03","","","1","","2","","","26","","1","22","","B03","24.178525","120.700399","3"
"2019","7","4","18","9","臺中市","大雅區","0","1","0","8","2","5","50","14","7","1","5","4","5","7","4","4","1","4","4","1","13","23","2","9","1","1","C03","7","9","1","10","2","11","","23","23","1","22","9","C03","24.219628","120.662554","2"
"2019","7","4","18","11","臺中市","西屯區","0","0","0","8","","","50","","","","","","","","","","","","","","","","","","","","B03","","","1","","2","","","23","","1","22","","B03","24.199535","120.656375","3"
"2019","7","4","18","20","臺中市","西區","0","1","0","8","3","5","50","14","8","1","5","4","5","7","4","4","1","4","4","2","17","6","3","10","1","1","B03","7","8","1","8","2","2","","6","6","1","5","7","B03","24.138953","120.657173","2"
"2019","7","4","18","20","臺中市","大雅區","0","0","0","8","","","50","","","","","","","","","","","","","","","","","","","","B03","","","1","","2","","","26","","1","","","B03","24.21943","120.662599","3"
"2019","7","4","18","24","臺中市","北屯區","0","2","0","8","2","5","50","4","1","1","5","4","5","7","1","1","10","5","5","2","12","42","2","9","1","1","C03","7","9","1","10","2","14","","42","42","1","5","8","C03","24.172486","120.691601","2"
"2019","7","4","18","35","臺中市","龍井區","0","2","0","8","2","5","40","3","1","1","5","4","5","7","4","4","10","5","5","2","16","6","2","8","1","1","C03","7","5","1","10","2","11","","6","6","1","21","8","C03","24.190756","120.594272","2"
"2019","7","4","18","40","臺中市","南屯區","0","1","0","8","3","5","50","14","7","1","5","4","5","7","4","4","1","2","1","2","13","23","3","10","1","1","B03","7","9","1","8","2","1","","23","23","1","22","8","B03","24.148025","120.614861","2"
"2019","7","4","18","42","臺中市","南屯區","0","0","0","8","","","50","","","","","","","","","","","","","","","","","","","","B03","","","1","","2","","","6","","1","","","B03","24.142531","120.64671","3"
"2019","7","4","18","47","臺中市","北區","0","0","0","8","","","50","","","","","","","","","","","","","","","","","","","","B03","","","1","","2","","","16","","1","5","","B03","24.14641","120.68261","3"
"2019","7","4","18","51","臺中市","南區","0","0","0","8","","","40","","","","","","","","","","","","","","","42","3","","","","C03","","","1","","2","","","42","42","","5","","C03","24.122178","120.679781","3"
"2019","7","4","19","0","臺中市","大里區","0","1","0","8","3","5","50","4","1","1","5","4","5","7","1","1","10","5","5","2","15","25","3","10","1","1","B03","7","9","1","8","2","4","","25","25","1","4","8","B03","24.107893","120.671361","2"
"2019","7","4","19","3","臺中市","清水區","0","0","0","8","","","50","","","","","","","","","","","","","","","","","","","","B03","","","1","","2","","","23","","1","21","","B03","24.279077","120.575333","4"
"2019","7","4","19","3","臺中市","大雅區","0","1","0","8","3","5","40","14","9","1","5","4","5","7","3","1","10","5","5","1","11","1","3","10","1","1","C03","7","4","1","10","2","14","","1","1","1","21","8","C03","24.226919","120.660001","2"
"2019","7","4","19","6","臺中市","西屯區","0","1","0","8","3","5","50","14","9","1","5","4","5","7","4","4","10","5","5","2","13","7","2","9","1","1","C03","7","7","1","10","2","11","","7","7","1","21","8","C03","24.171331","120.660239","2"
"2019","7","4","19","10","臺中市","豐原區","0","1","0","7","3","5","50","5","1","1","5","4","5","7","1","1","5","4","4","2","17","8","3","10","1","1","B12","7","5","1","8","2","2","","8","8","1","21","8","B12","24.246075","120.711253","2"
"2019","7","4","19","20","臺中市","北屯區","0","0","0","8","","","50","","","","","","","","","","","","","","","","","","","","C03","","","1","","2","","","16","","1","22","","C03","24.176872","120.719275","3"
"2019","7","4","19","21","臺中市","太平區","0","0","0","8","","","50","","","","","","","","","","","","","","","14","","","","","B01","","","1","","2","","","23","14","1","21","","B01","24.143189","120.715649","3"
"2019","7","4","19","38","臺中市","大雅區","0","0","0","8","","","50","","","","","","","","","","","","","","","","","","","","B03","","","1","","2","","","1","","1","","","B03","24.225371","120.645438","3"
"2019","7","4","19","43","臺中市","西屯區","0","0","0","8","","","40","","","","","","","","","","","","","","","","","","","","B03","","","1","","2","","","12","","1","22","","B03","24.18191","120.647673","3"
"2019","7","4","19","47","臺中市","西屯區","0","0","0","8","3","5","50","","","","","","","","","","","","","","","16","","","","","C03","","","1","","2","11","","16","16","1","22","","C03","24.16915","120.648478","3"
"2019","7","4","19","55","臺中市","大里區","0","1","0","8","3","5","50","14","13","1","5","4","5","7","4","4","9","4","4","1","9","42","3","10","1","1","A04","7","1","1","1","2","6","","42","42","1","10","8","A04","24.104847","120.689243","2"
"2019","7","4","19","55","臺中市","龍井區","0","2","0","8","3","5","40","3","1","1","5","4","5","7","3","1","10","5","5","2","16","6","2","9","1","1","C03","7","5","1","10","2","14","","6","6","1","20","8","C03","24.200761","120.523463","2"
"2019","7","4","20","6","臺中市","南屯區","0","0","0","8","","","50","","","","","","","","","","","","","","","","","","","","B03","","","1","","2","","","23","","1","","","B03","24.140106","120.646912","3"
"2019","7","4","20","19","臺中市","北屯區","0","1","0","8","3","5","50","3","18","1","5","4","5","7","1","1","10","5","5","2","3","15","2","9","4","5","H01","8","16","8","20","10","15","","67","15","1","21","8","H01","24.167166","120.717385","2"
"2019","7","4","20","19","臺中市","梧棲區","0","1","0","8","3","5","50","14","9","1","5","4","5","7","4","4","9","5","5","2","16","10","3","10","1","1","B03","7","11","1","8","2","1","","10","10","1","2","7","B03","24.255063","120.529023","2"
"2019","7","4","20","23","臺中市","西屯區","0","0","0","8","","","50","","","","","","","","","","","","","","","","","","","","B03","","","1","","2","","","16","","1","","","B03","24.169583","120.642153","3"
"2019","7","4","20","30","臺中市","后里區","0","0","0","8","3","5","40","14","9","1","5","4","5","7","4","4","10","5","5","2","14","","","","","","B03","","","1","","2","","","12","","1","5","","B03","24.308271","120.719945","3"
"2019","7","4","20","38","臺中市","北屯區","0","1","0","8","3","5","50","4","2","1","5","4","5","7","1","1","5","5","4","2","12","23","3","10","1","1","F03","7","9","8","20","2","16","","23","23","1","21","8","F03","24.170806","120.687333","2"
"2019","7","4","20","47","臺中市","西區","0","0","0","8","","","50","","","","","","","","","","","","","","","","","","","","A05","","","1","","2","","","12","","1","5","","A05","24.140896","120.666552","4"
"2019","7","4","20","50","臺中市","西區","0","0","0","8","1","5","50","14","7","1","5","4","5","7","2","1","1","4","4","2","13","","","","","","B03","","","1","","2","","","23","","1","20","","B03","24.159808","120.661312","3"
"2019","7","4","21","4","臺中市","北屯區","0","2","0","8","3","5","50","4","7","1","5","4","5","7","1","1","5","4","4","2","16","26","2","8","1","1","F01","7","11","8","20","2","16","","26","26","1","14","8","F01","24.17135","120.729141","2"
"2019","7","4","21","12","臺中市","北區","0","0","0","8","","","50","","","","","","","","","","","","","","","","","","","","H01","","","8","","2","","","51","","1","22","","H01","24.158225","120.680951","3"
"2019","7","4","21","19","臺中市","北屯區","0","1","0","8","3","5","50","5","1","1","5","4","5","7","2","1","10","5","5","2","16","26","2","8","1","1","C03","7","5","1","10","2","14","","26","26","1","21","8","C03","24.176997","120.730246","2"
"2019","7","4","21","20","臺中市","南屯區","0","0","0","8","3","5","50","4","1","1","5","4","5","7","2","1","10","5","5","2","16","6","3","10","1","1","B03","7","5","1","8","2","6","","6","6","1","22","9","B03","24.146215","120.633948","3"
"2019","7","4","21","31","臺中市","西屯區","0","0","0","8","","","60","","","","","","","","","","","","","","","","","","","","B03","","","1","","2","","","23","","1","12","","B03","24.162711","120.649281","4"
"2019","7","4","21","58","臺中市","南屯區","0","0","0","8","3","5","50","4","1","1","5","4","5","7","1","1","5","2","5","2","12","7","3","10","1","1","B12","7","7","1","2","2","8","","7","7","1","22","8","B12","24.133887","120.616662","3"
"2019","7","4","22","1","臺中市","北區","0","2","0","8","3","5","50","5","1","1","5","4","5","7","1","1","10","5","5","2","12","8","2","9","3","4","C03","7","5","1","10","2","14","","8","8","1","5","8","C03","24.167056","120.678304","2"
"2019","7","4","22","9","臺中市","南區","0","0","0","8","","","50","","","","","","","","","","","","","","","42","3","","","","B03","","","1","","2","","","42","42","","4","","B03","24.114233","120.665859","3"
"2019","7","4","22","17","臺中市","烏日區","0","1","0","8","3","5","40","14","9","1","5","4","5","7","4","4","10","5","5","2","14","12","3","10","1","1","B03","7","2","1","8","2","3","","12","12","1","21","8","B03","24.085324","120.639391","2"
"2019","7","4","23","4","臺中市","石岡區","0","1","0","8","3","5","40","3","1","1","5","4","5","7","4","4","1","4","4","1","13","13","2","9","1","1","C03","7","9","1","10","2","11","","13","13","1","5","8","C03","24.266536","120.806373","2"
"2019","7","4","23","5","臺中市","西區","0","2","0","8","3","5","50","4","1","1","5","4","5","7","3","1","10","5","5","2","16","6","2","9","1","1","C04","7","5","1","10","2","13","","6","6","1","22","9","C04","24.14668","120.666471","2"
"2019","7","5","0","6","臺中市","北區","0","1","0","8","3","5","50","3","18","1","5","4","5","7","3","1","1","4","4","2","3","15","3","10","3","4","B03","7","9","1","7","2","1","","15","15","1","5","8","B03","24.156612","120.688457","2"
"2019","7","5","0","22","臺中市","大肚區","0","0","0","6","","","50","","","","","","","","","","","","","","","","","","","","B03","","","1","","2","","","43","","1","20","","B03","24.148521","120.546276","3"
"2019","7","5","0","38","臺中市","后里區","0","2","0","8","3","5","50","5","1","1","5","4","5","7","3","1","10","5","5","2","15","43","2","9","1","1","C03","7","9","1","10","2","11","","43","43","1","21","8","C03","24.31112","120.681276","2"
"2019","7","5","0","47","臺中市","南區","0","2","0","8","3","5","50","5","1","1","5","4","5","7","3","1","10","5","5","2","15","6","2","7","3","4","B03","7","9","4","10","2","2","","6","6","1","5","8","B03","24.12999","120.659375","2"
"2019","7","5","2","12","臺中市","北區","0","0","0","8","","","50","","","","","","","","","","","","","","","","","","","","B03","","","6","","2","","","7","","1","","","B03","24.153692","120.68341","3"
"2019","7","5","3","29","臺中市","北區","0","0","0","8","3","5","50","","","","","","","","","","","","","","","","","","","","B03","","","1","","2","","","23","","1","5","","B03","24.158052","120.682457","3"
"2019","7","5","5","54","臺中市","南屯區","0","1","0","8","1","5","50","4","1","1","5","4","5","7","1","1","10","5","5","2","15","6","3","10","1","1","B03","7","9","1","8","2","4","","6","6","1","22","8","B03","24.136668","120.654623","2"
"2019","7","5","6","20","臺中市","大安區","0","1","0","8","1","5","50","14","13","1","5","3","5","7","4","4","7","5","5","1","17","43","2","9","1","1","C03","7","9","1","10","2","11","","43","43","1","22","8","C03","24.37117","120.601448","2"
"2019","7","5","6","29","臺中市","沙鹿區","0","1","0","8","1","5","1","14","20","1","5","4","5","7","4","4","3","4","4","2","18","43","2","9","1","1","C03","7","9","1","10","8","15","","43","43","1","22","9","C03","24.210172","120.559566","2"
"2019","7","5","7","5","臺中市","大雅區","0","0","0","8","","","50","","","","","","","","","","","","","","","","","","","","B03","","","1","","2","","","7","","1","22","","B03","24.240616","120.630544","3"
"2019","7","5","7","9","臺中市","石岡區","0","1","0","8","1","5","70","14","6","1","5","4","5","7","4","4","8","3","4","1","12","23","3","10","1","1","B03","7","9","1","8","2","8","","23","23","1","22","9","B03","24.276999","120.764732","2"
"2019","7","5","7","14","臺中市","大肚區","0","0","0","","","","","","","","","","","","","","","","","","","","","","","","B03","","","1","","2","","","19","","1","22","","B03","24.171628","120.58017","3"
"2019","7","5","7","17","臺中市","東區","0","1","0","8","1","5","40","3","1","1","5","4","5","7","1","1","10","5","5","2","16","6","3","10","1","1","B03","7","11","1","8","2","8","","6","6","1","21","8","B03","24.1263","120.68563","2"
"2019","7","5","7","23","臺中市","潭子區","0","0","0","8","","","60","","","","","","","","","","","","","","","","","","","","B03","","","1","","2","","","42","","1","22","","B03","24.199775","120.70342","3"
"2019","7","5","7","30","臺中市","西屯區","0","1","0","8","1","5","40","14","8","1","5","4","5","7","4","4","1","4","1","2","12","9","3","10","1","1","B03","7","6","1","8","2","5","","9","9","1","22","9","B03","24.165323","120.643875","2"
"2019","7","5","7","31","臺中市","大雅區","0","0","0","","","","","","","","","","","","","","","","","","","","","","","","B03","","","1","","1","","","7","","","","","B03","24.235061","120.665968","3"
"2019","7","5","7","38","臺中市","西屯區","0","1","0","8","1","5","50","14","8","1","5","4","5","7","4","4","5","4","4","2","12","7","3","10","1","1","B03","7","8","1","8","2","2","","7","7","1","21","8","B03","24.17843","120.637416","2"
"2019","7","5","7","43","臺中市","大里區","0","1","0","8","1","5","50","5","1","1","5","4","5","7","4","4","10","5","5","2","11","42","3","10","1","1","C03","7","6","1","10","2","11","","42","42","1","11","1","C03","24.087448","120.711551","2"
"2019","7","5","7","43","臺中市","烏日區","0","0","0","8","","","60","","","","","","","","","","","","","","","","","","","","B03","","","1","","2","","","16","","1","21","","B03","24.083473","120.643855","3"
"2019","7","5","7","45","臺中市","大甲區","0","1","0","8","1","5","60","14","9","1","5","4","5","7","1","1","5","4","4","1","16","17","2","9","1","4","C03","7","9","1","10","2","14","","17","17","1","21","1","C03","24.350863","120.615111","2"
"2019","7","5","7","49","臺中市","西區","0","1","0","8","1","5","50","4","1","1","5","4","4","7","4","4","10","5","5","2","15","6","2","9","3","4","C03","7","9","1","10","2","11","","6","6","1","21","8","C03","24.154911","120.659437","2"
"2019","7","5","7","50","臺中市","南屯區","0","2","0","8","1","5","40","4","1","1","5","4","5","7","2","1","10","5","5","2","16","42","2","9","1","1","C03","7","9","1","10","2","14","14","42","42","1","3","1","C03","24.132972","120.622442","2"
"2019","7","5","7","50","臺中市","大雅區","0","1","0","8","1","5","50","11","9","1","5","4","5","7","4","4","1","4","5","1","13","16","2","9","1","1","C03","7","9","1","10","2","11","","16","16","1","22","9","C03","24.226942","120.64461","2"
"2019","7","5","7","53","臺中市","南區","0","1","0","8","1","5","50","3","1","1","5","4","5","7","4","4","10","5","5","2","18","23","2","9","1","1","C03","7","5","1","9","2","14","","23","23","1","21","8","C03","24.120121","120.652398","2"
"2019","7","5","7","54","臺中市","外埔區","0","0","0","8","1","5","50","14","","1","5","4","5","7","4","4","5","4","5","1","13","","","","","","B03","","","1","","2","","","16","","1","","","B03","24.331626","120.639333","3"
"2019","7","5","7","55","臺中市","北屯區","0","0","0","8","","","40","","","","","","","","","","","","","","","","","","","","B12","","","1","","2","","","40","","1","5","","B12","24.161822","120.691901","3"
"2019","7","5","7","55","臺中市","西屯區","0","1","0","8","1","5","40","4","1","1","5","4","5","7","4","4","9","4","4","2","16","6","3","10","1","1","B03","7","5","1","8","2","7","","6","6","1","22","9","B03","24.156344","120.656636","2"
"2019","7","5","7","58","臺中市","大里區","0","1","0","8","1","5","50","4","1","1","5","4","5","7","3","1","10","5","5","2","15","6","2","9","1","1","C03","7","9","1","10","2","14","","6","6","1","4","1","C03","24.114161","120.676291","2"
"2019","7","5","8","0","臺中市","潭子區","0","1","0","8","1","5","50","5","1","1","5","4","5","7","1","1","10","5","5","2","16","25","3","10","1","1","B03","7","9","1","8","2","4","","25","25","1","22","8","B03","24.191055","120.717773","2"
"2019","7","5","8","3","臺中市","西屯區","0","1","0","8","1","5","40","14","8","1","5","4","5","7","4","4","5","4","4","2","17","40","3","10","3","1","B03","7","13","1","8","2","4","","40","40","1","21","8","B03","24.180501","120.619723","2"
"2019","7","5","8","10","臺中市","梧棲區","0","1","0","8","1","5","50","3","2","1","5","4","5","7","4","4","10","5","5","2","16","26","3","10","1","1","C03","7","11","1","10","2","14","","26","26","1","12","8","C03","24.248271","120.549022","2"
"2019","7","5","8","12","臺中市","西區","0","2","0","8","1","5","50","14","7","1","5","4","5","7","4","4","1","4","4","2","13","23","2","9","1","1","C03","7","9","1","10","2","11","13","23","23","1","5","5","C03","24.134","120.657367","2"
"2019","7","5","8","12","臺中市","豐原區","0","2","0","8","1","5","50","4","1","1","5","4","5","7","1","1","1","2","5","1","16","8","2","6","1","1","C03","7","9","1","10","2","12","","4","8","1","22","8","C03","24.249293","120.713986","2"
"2019","7","5","8","14","臺中市","潭子區","0","0","0","8","","","60","","","","","","","","","","","","","","","","","","","","B12","","","1","","2","","","7","","1","22","","B12","24.204231","120.704426","3"
"2019","7","5","8","25","臺中市","沙鹿區","0","1","0","8","1","5","60","14","7","1","5","4","5","7","4","4","1","4","4","1","13","23","2","9","1","1","C03","7","9","1","10","2","12","","23","23","1","4","8","C03","24.246415","120.608254","2"
"2019","7","5","8","26","臺中市","西區","0","1","0","","","","","","","","","","","","","","","","","","","","","","","","C03","","","","","","","","","","1","","","C03","","","3"
"2019","7","5","8","30","臺中市","西屯區","0","2","0","8","1","5","50","4","1","1","5","4","5","7","1","1","10","5","5","2","16","7","2","8","1","1","C03","7","8","1","10","2","12","","7","7","1","4","8","C03","24.170128","120.59538","2"
"2019","7","5","8","34","臺中市","太平區","0","0","0","8","","","50","","","","","","","","","","","","","","","","","","","","C03","","","1","","2","","","23","","1","","","C03","24.124875","120.714593","3"