"年","月","日","時","分","縣市","區","死","受傷","2-30","天候","光線","道路類別","速限","道路型態","事故位置","路面鋪裝","路面狀態","路面缺陷","障礙物","視距","號誌種類","號誌動作","分向設施","快車道或一般車道間","快慢車道間","路面邊線","事故類型及型態","主要肇因","受傷程度","主要傷處","保護裝備","行動電話","當事者區分_類別","車輛用途","當事者行動狀態","駕駛資格情形","駕駛執照種類","飲酒情形","車輛撞擊部位最初","車輛撞擊部位其他","肇事因素個別","肇事因素主要","肇事逃逸","職業","旅次目的","車種","GPS座標_緯度","GPS座標_經度","事故類別"
"2019","7","5","8","34","臺中市","潭子區","0","1","0","7","1","5","50","4","1","1","5","4","5","7","1","1","5","2","4","1","11","44","2","8","1","1","C03","7","9","1","10","2","14","","44","44","1","21","9","C03","24.213452","120.70062","2"
"2019","7","5","8","38","臺中市","新社區","0","1","0","8","1","5","40","14","9","1","5","4","5","7","4","4","5","5","5","1","8","43","3","10","1","1","A12","7","9","1","7","2","6","","43","43","1","22","9","A12","24.230986","120.799254","2"
"2019","7","5","8","45","臺中市","太平區","0","0","0","8","","","50","","","","","","","","","","","","","","","","","","","","B03","","","1","","1","","","12","","1","21","","B03","24.133902","120.724396","3"
"2019","7","5","8","45","臺中市","大甲區","0","0","0","","","","","","","","","","","","","","","","","","","42","","","","","B03","","","1","","2","","","42","42","1","","","B03","24.343577","120.617508","3"
"2019","7","5","8","50","臺中市","龍井區","0","0","0","","","","","","","","","","","","","","","","","","","","","","","","A12","","","1","","2","","","23","","1","10","","A12","24.181495","120.592601","3"
"2019","7","5","8","53","臺中市","烏日區","0","1","0","8","1","5","70","3","1","1","5","4","5","7","2","1","10","5","5","2","13","23","3","10","1","1","B03","7","9","1","8","2","1","","23","23","1","21","8","B03","24.107441","120.610855","2"
"2019","7","5","8","57","臺中市","西屯區","0","2","0","8","1","5","50","5","1","1","5","4","5","7","4","4","10","5","5","2","16","8","2","8","1","1","C03","7","5","1","10","2","12","","8","8","1","21","8","C03","24.177211","120.619115","2"
"2019","7","5","8","59","臺中市","西區","0","1","0","8","1","5","50","4","1","1","5","4","5","7","2","1","10","5","5","2","16","6","3","10","1","1","B03","7","6","1","8","2","5","","6","6","1","21","8","B03","24.133551","120.675427","2"
"2019","7","5","9","5","臺中市","霧峰區","0","1","0","8","1","5","40","14","9","1","5","4","5","7","4","4","10","5","5","1","18","43","2","9","1","1","C03","7","9","4","8","2","14","","43","43","1","20","5","C03","24.037976","120.693788","2"
"2019","7","5","9","12","臺中市","龍井區","0","1","0","8","1","5","50","4","1","1","5","4","5","7","1","1","10","5","5","2","16","23","3","10","1","1","B12","7","9","1","7","2","5","","23","23","1","22","8","B12","24.174761","120.581378","2"
"2019","7","5","9","13","臺中市","大里區","0","0","0","8","","","40","","","","","","","","","","","","","","","","","","","","B03","","","1","","2","","","12","","1","4","","B03","24.106769","120.681337","3"
"2019","7","5","9","22","臺中市","西屯區","0","1","0","8","1","5","50","4","1","1","5","4","5","7","1","1","1","1","1","1","16","23","2","7","1","1","C03","7","9","1","10","2","11","","23","23","1","4","8","C03","24.170341","120.632041","2"
"2019","7","5","9","25","臺中市","東區","0","3","0","8","1","5","50","4","1","1","5","4","5","7","1","1","10","5","5","2","16","8","2","7","1","1","C03","7","5","3","18","2","12","","8","8","1","5","8","C03","24.132971","120.698783","2"
"2019","7","5","9","35","臺中市","南區","0","1","0","8","1","5","40","3","1","1","5","4","5","7","4","4","10","5","5","2","17","23","3","10","1","1","B03","7","6","1","8","2","5","","23","23","1","5","8","B03","24.120144","120.662741","2"
"2019","7","5","9","44","臺中市","西區","0","0","0","8","","","40","","","","","","","","","","","","","","","","","","","","B03","","","1","","2","","","16","","1","","","B03","24.15486","120.663392","3"
"2019","7","5","9","50","臺中市","北屯區","0","0","0","8","","","50","","","","","","","","","","","","","","","7","","","","","B03","","","1","8","2","","","7","7","1","21","","B03","24.200948","120.684798","3"
"2019","7","5","9","51","臺中市","東區","0","2","0","8","1","5","50","3","1","1","5","4","5","7","1","1","10","5","5","2","17","7","2","9","1","1","C03","7","9","1","9","2","11","","44","7","1","21","8","C03","24.119758","120.652173","2"
"2019","7","5","9","52","臺中市","沙鹿區","0","1","0","8","1","5","60","5","9","1","5","4","5","7","2","1","10","5","4","1","17","9","3","10","1","1","B03","7","6","1","8","2","5","","9","9","1","4","8","B03","24.204162","120.566846","2"
"2019","7","5","9","55","臺中市","南屯區","0","0","0","8","","","40","","","","","","","","","","","","","","","","","","","","B03","","","1","","2","","","23","","1","","","B03","24.133359","120.648728","3"
"2019","7","5","10","0","臺中市","東區","0","1","0","8","1","5","50","3","1","1","5","4","5","7","4","4","9","5","5","2","16","6","3","10","1","1","C03","7","5","1","10","2","11","","6","6","1","5","5","C03","24.134878","120.686298","2"
"2019","7","5","10","7","臺中市","大里區","0","0","0","8","","","50","","","","","","","","","","","","","","","","","","","","A12","","","1","","2","","","18","","1","6","","A12","24.095443","120.698556","3"
"2019","7","5","10","7","臺中市","潭子區","0","0","0","8","","","50","","","","","","","","","","","","","","","","","","","","B12","","","1","","9","","","23","","1","22","","B12","24.208243","120.700873","3"
"2019","7","5","10","18","臺中市","烏日區","0","0","0","8","","","50","","","","","","","","","","","","","","","23","","","","","B03","","","1","","2","","","23","23","1","22","","B03","24.10925","120.629652","3"
"2019","7","5","10","24","臺中市","南屯區","0","1","0","8","1","5","50","3","1","1","5","4","5","7","4","4","10","5","5","2","16","6","3","10","1","1","B03","7","5","1","8","2","5","","6","6","1","22","9","B03","24.136232","120.636956","2"
"2019","7","5","10","25","臺中市","潭子區","0","0","0","8","","","50","","","","","","","","","","","","","","","","","","","","B12","","","1","","2","","","6","","1","22","","B12","24.193301","120.701186","3"
"2019","7","5","10","30","臺中市","大里區","0","0","0","8","","","60","","","","","","","","","","","","","","","","","","","","A12","","","1","","2","","","7","","1","11","","A12","24.090418","120.652718","3"
"2019","7","5","10","44","臺中市","北屯區","0","0","0","8","","","40","","","","","","","","","","","","","","","","","","","","B03","","","1","","2","","","23","","1","5","","B03","24.189811","120.73915","3"
"2019","7","5","10","45","臺中市","西區","0","0","0","8","","","40","","","","","","","","","","","","","","","","","","","","B03","","","1","","9","","","23","","1","21","","B03","24.139943","120.66068","3"
"2019","7","5","10","47","臺中市","南屯區","0","2","0","7","1","5","50","14","7","1","5","4","5","7","4","4","5","4","4","2","13","23","2","9","1","1","C03","7","9","1","10","2","11","","23","23","1","22","9","C03","24.149276","120.635569","2"
"2019","7","5","10","55","臺中市","潭子區","0","2","0","7","1","5","60","4","1","1","5","4","5","7","2","1","10","5","5","2","15","25","2","8","1","1","C03","7","1","1","9","2","11","","25","25","1","22","8","C03","24.210051","120.705396","2"
"2019","7","5","11","0","臺中市","西屯區","0","1","0","6","1","5","50","3","1","1","4","4","5","7","4","4","1","4","5","2","16","9","3","10","1","1","B12","7","6","1","8","2","2","","9","9","1","21","8","B12","24.196928","120.648203","2"
"2019","7","5","11","9","臺中市","沙鹿區","0","1","0","6","1","5","50","4","18","1","4","4","5","7","1","1","10","5","5","2","3","15","3","10","1","1","B03","7","5","1","8","2","4","","15","15","1","19","5","B03","24.239064","120.564636","2"
"2019","7","5","11","9","臺中市","大雅區","0","0","0","6","","","40","","","","","","","","","","","","","","","","","","","","A12","","","1","","2","","","5","","1","","","A12","24.230633","120.649727","3"
"2019","7","5","11","10","臺中市","南區","0","0","0","","","","","","","","","","","","","","","","","","","","","","","","B12","","","1","","2","","","16","","1","","","B12","24.11672","120.670094","3"
"2019","7","5","11","10","臺中市","龍井區","0","0","0","6","","","60","","","","","","","","","","","","","","","","","","","","A31","","","1","","2","","","43","","1","10","","A31","24.221751","120.529635","3"
"2019","7","5","11","15","臺中市","西屯區","0","1","0","6","1","5","50","14","7","1","4","4","5","7","4","4","5","5","4","2","13","23","2","8","1","1","C03","7","9","1","10","2","11","","23","23","1","4","8","C03","24.17964","120.645045","2"
"2019","7","5","11","22","臺中市","大里區","0","1","0","6","1","5","40","3","1","1","4","4","5","7","4","4","10","5","5","2","16","6","3","10","1","1","B12","7","5","1","8","2","1","","6","6","1","6","3","B12","24.10786","120.69736","2"
"2019","7","5","11","23","臺中市","太平區","0","1","0","6","1","5","50","14","7","1","4","4","5","7","4","4","5","5","4","2","17","12","3","10","1","1","B11","7","2","1","4","2","7","","12","12","1","21","8","B11","24.129136","120.717744","2"
"2019","7","5","11","28","臺中市","中區","0","1","0","8","1","5","40","4","1","1","5","4","5","7","1","1","10","5","5","2","9","12","3","10","3","4","B03","7","2","1","8","9","3","","12","12","2","21","8","B03","24.145048","120.676555","2"
"2019","7","5","11","31","臺中市","北區","0","0","0","6","","","50","","","","","","","","","","","","","","","","3","","","","B12","","","1","","2","","","23","","1","22","","B12","24.166001","120.685041","3"
"2019","7","5","11","34","臺中市","北區","0","0","0","6","1","5","50","14","22","1","4","4","5","7","4","4","8","3","4","2","17","","","","","","","","","7","","11","","","43","","1","","","","24.149342","120.675108","3"
"2019","7","5","11","37","臺中市","大安區","0","1","0","6","1","5","50","11","9","1","4","4","5","7","3","1","10","5","5","2","16","4","3","10","1","1","B03","7","9","1","1","2","1","","4","4","1","10","8","B03","24.382233","120.606081","2"
"2019","7","5","11","40","臺中市","南屯區","0","0","0","6","","","50","","","","","","","","","","","","","","","","","","","","C03","","","1","","2","","","43","","2","21","","C03","24.151054","120.635311","3"
"2019","7","5","11","40","臺中市","大里區","0","0","0","6","","","40","","","","","","","","","","","","","","","","","","","","B12","","","1","","2","","","23","","1","21","","B12","24.113675","120.68873","3"
"2019","7","5","11","40","臺中市","神岡區","0","0","0","6","","","50","","","","","","","","","","","","","","","23","","","","","B12","","","6","","2","","","23","23","1","22","","B12","24.249999","120.677921","3"
"2019","7","5","11","50","臺中市","太平區","0","0","0","6","","","50","","","","","","","","","","","","","","","","","","","","B12","","","1","","2","","","23","","1","21","","B12","24.149157","120.719029","3"
"2019","7","5","11","51","臺中市","南區","0","1","0","6","1","5","50","5","2","1","4","4","5","7","1","1","3","2","4","2","13","43","4","11","3","4","","7","21","7","19","11","15","","43","43","2","22","9","","24.126643","120.678208","2"
"2019","7","5","12","0","臺中市","東區","0","0","0","8","","","50","","","","","","","","","","","","","","","","","","","","B03","","","1","","2","","","10","","1","5","","B03","24.140363","120.702987","3"
"2019","7","5","12","0","臺中市","大雅區","0","1","0","6","1","5","50","14","9","1","4","4","5","7","4","4","4","4","5","1","10","22","2","9","1","1","B03","7","9","1","8","2","1","","22","22","1","22","9","B03","24.215059","120.635492","2"
"2019","7","5","12","1","臺中市","西屯區","0","0","0","6","","","40","","","","","","","","","","","","","","","5","","","","","B12","","","1","","2","","","23","5","1","","","B12","24.18913","120.628508","3"
"2019","7","5","12","2","臺中市","大里區","0","0","0","8","","","50","","","","","","","","","","","","","","","","","","","","B03","","","1","","2","","","9","","1","4","","B03","24.104816","120.681059","3"
"2019","7","5","12","10","臺中市","東區","0","1","0","8","1","5","50","5","1","1","5","4","5","7","4","4","10","5","5","2","17","23","3","10","1","1","C03","7","9","1","10","2","11","","23","23","1","21","8","C03","24.144683","120.697998","2"
"2019","7","5","12","10","臺中市","北屯區","0","1","0","7","1","5","50","4","18","1","5","4","5","7","1","1","10","5","5","2","3","15","3","10","1","1","B03","7","5","1","8","2","8","","15","15","1","5","8","B03","24.18531","120.698103","2"
"2019","7","5","12","13","臺中市","南屯區","0","0","0","8","","","50","","","","","","","","","","","","","","","","","","","","B03","","","1","","2","","","23","","1","22","","B03","24.154628","120.646715","3"
"2019","7","5","12","18","臺中市","南區","0","3","0","7","1","5","40","4","1","1","4","4","5","7","4","4","10","5","5","2","16","6","2","9","1","1","C03","7","5","1","10","2","12","","6","6","1","4","8","C03","24.122344","120.683272","2"
"2019","7","5","12","20","臺中市","沙鹿區","0","1","0","8","1","5","50","4","2","1","1","4","5","7","1","1","10","5","5","2","12","17","2","9","3","4","C03","7","15","4","8","2","14","","17","17","1","22","8","C03","24.250319","120.56603","2"
"2019","7","5","12","25","臺中市","東區","0","1","0","7","1","5","50","4","1","1","4","4","5","7","1","1","10","5","5","2","18","23","2","9","1","1","C03","7","9","1","10","2","14","","23","23","1","21","8","C03","24.134178","120.708398","2"
"2019","7","5","12","35","臺中市","大里區","0","0","0","8","","","60","","","","","","","","","","","","","","","","","","","","B03","","","1","","2","","","23","","1","12","","B03","24.104666","120.682275","3"
"2019","7","5","12","37","臺中市","西區","0","0","0","8","","","50","","","","","","","","","","","","","","","","","","","","B03","","","1","","2","","","10","","1","","","B03","24.150853","120.653916","3"
"2019","7","5","12","40","臺中市","北區","0","0","0","8","1","5","50","14","2","1","5","4","5","7","1","1","1","2","4","2","12","26","3","10","1","1","B03","7","8","1","8","2","5","","26","26","1","22","8","B03","24.162984","120.672431","3"
"2019","7","5","12","41","臺中市","東區","0","0","0","8","","","80","","","","","","","","","","","","","","","","","","","","B03","","","1","","2","","","7","","1","5","","B03","24.135884","120.709368","3"
"2019","7","5","12","55","臺中市","南屯區","0","0","0","8","","","40","","","","","","","","","","","","","","","","","","","","B03","","","1","","9","","","26","","2","","","B03","24.145966","120.636528","3"
"2019","7","5","12","59","臺中市","南屯區","0","0","0","8","","","50","","","","","","","","","","","","","","","","","","","","B03","","","6","","2","","","6","","1","22","","B03","24.131108","120.635836","3"
"2019","7","5","13","10","臺中市","沙鹿區","0","0","0","8","","","40","","","","","","","","","","","","","","","","","","","","B03","","","1","","2","","","42","","1","5","","B03","24.236162","120.570376","3"
"2019","7","5","13","12","臺中市","太平區","0","1","0","8","1","5","50","14","9","1","5","4","5","7","4","4","10","5","5","2","12","23","2","9","1","1","C03","7","9","1","10","2","11","","23","23","1","21","8","C03","24.145654","120.713703","2"
"2019","7","5","13","13","臺中市","大安區","0","1","0","8","1","5","40","14","9","1","5","4","5","7","4","4","10","5","5","1","17","19","2","8","1","1","C03","7","1","1","10","2","14","","19","19","1","9","8","C03","24.34531","120.586333","2"
"2019","7","5","13","17","臺中市","西區","0","0","0","8","","","50","","","","","","","","","","","","","","","23","3","","","","B03","","","1","","2","","","23","23","","5","","B03","24.137958","120.658652","3"
"2019","7","5","13","22","臺中市","烏日區","0","1","0","8","1","5","50","4","2","1","5","4","5","7","1","1","4","3","5","1","17","8","3","10","1","1","B03","7","5","1","8","2","8","","8","8","1","22","8","B03","24.11268","120.628059","2"
"2019","7","5","13","26","臺中市","大里區","0","1","0","7","1","5","40","14","8","1","5","4","5","7","1","1","5","5","1","1","18","42","2","9","1","1","C03","7","12","1","10","2","15","","42","42","1","22","5","C03","24.110538","120.696606","2"
"2019","7","5","13","30","臺中市","北屯區","0","0","0","8","","","50","","","","","","","","","","","","","","","","","","","","C03","","","1","","2","","","23","","1","22","","C03","24.172075","120.681632","3"
"2019","7","5","13","40","臺中市","南屯區","0","0","0","8","","","40","","","","","","","","4","","","","","","","12","3","","","","C03","","","1","","2","","","12","12","1","21","","C03","24.145221","120.617813","3"
"2019","7","5","13","46","臺中市","北區","0","0","0","8","","","50","","","","","","","","","","","","","","","","3","","","","B03","","","1","","2","","","19","","1","22","","B03","24.166873","120.6812","3"
"2019","7","5","13","48","臺中市","后里區","0","0","0","8","1","5","50","4","1","1","5","4","5","7","4","4","1","4","4","1","16","","","","","","B03","","","1","","2","","","7","","1","5","","B03","24.313566","120.723631","3"
"2019","7","5","13","50","臺中市","太平區","0","0","0","8","1","5","40","14","20","1","5","4","5","7","4","4","","","","2","14","","","","","","B03","","","","","","","","","","1","","","B03","24.129972","120.719519","3"
"2019","7","5","13","55","臺中市","西區","0","0","0","8","","","50","","","","","","","","","","","","","","","26","","","","","B03","","","1","","2","","","12","26","1","","","B03","24.154992","120.655312","3"
"2019","7","5","14","2","臺中市","南區","0","1","0","8","1","5","50","3","1","1","5","4","5","7","4","4","10","5","5","2","17","26","2","9","1","1","C03","7","5","1","10","2","11","","26","26","1","5","8","C03","24.124691","120.657936","2"
"2019","7","5","14","8","臺中市","大甲區","0","0","0","8","","","50","","","","","","","","","","","","","","","44","","","","","A12","","","1","","2","","","44","44","1","3","","A12","24.34026","120.625145","3"
"2019","7","5","14","10","臺中市","北區","0","1","0","8","1","5","50","4","1","1","5","4","5","7","1","1","10","5","5","2","18","23","2","9","1","1","C03","7","9","1","10","2","14","","23","23","1","22","8","C03","24.166218","120.680658","2"
"2019","7","5","14","13","臺中市","烏日區","0","0","0","8","","","40","","","","","","","","","","","","","","","","","","","","B01","","","1","","2","","","23","","1","10","","B01","24.120076","120.619078","3"
"2019","7","5","14","18","臺中市","西屯區","0","0","0","8","","","50","","","","","","","","","","","","","","","","","","","","B12","","","1","","2","","","12","","1","","","B12","24.166294","120.636025","3"
"2019","7","5","14","21","臺中市","北區","0","0","0","8","","","50","","","","","","","","","","","","","","","","","","","","B03","","","1","","2","","","19","","1","","","B03","24.155245","120.681578","3"
"2019","7","5","14","23","臺中市","西屯區","0","1","0","8","1","5","40","14","8","1","5","4","5","7","4","4","3","4","3","2","16","6","3","10","1","1","B12","7","6","1","8","2","2","","6","6","1","4","8","B12","24.1845","120.636167","2"
"2019","7","5","14","27","臺中市","北區","0","2","0","8","1","5","50","14","9","1","5","4","5","7","4","4","1","5","5","2","12","7","3","10","1","1","B03","7","8","1","8","2","5","","7","7","1","22","8","B03","24.165343","120.685666","2"
"2019","7","5","14","39","臺中市","北區","0","0","0","8","","","50","","","","","","","","","","","","","","","23","3","","","","B03","","","1","","2","","","23","23","1","22","","B03","24.163362","120.677788","3"
"2019","7","5","14","41","臺中市","南區","0","3","0","8","1","5","40","14","8","1","5","4","5","7","4","4","3","4","4","2","17","42","2","9","1","1","C03","7","9","1","10","2","12","","42","42","1","21","8","C03","24.122514","120.679301","2"
"2019","7","5","14","45","臺中市","大里區","0","0","0","8","","","30","","","","","","","","","","","","","","","23","","","","","B03","","","1","","2","","","23","23","1","10","","B03","24.075756","120.691511","3"
"2019","7","5","14","45","臺中市","東勢區","0","0","0","8","","","50","","","","","","","","","","","","","","","","","","","","B03","","","1","","2","","","23","","1","9","","B03","24.245293","120.83542","3"
"2019","7","5","14","48","臺中市","北區","0","1","0","8","1","5","50","4","1","1","5","4","5","7","4","4","10","5","5","2","15","6","2","8","1","1","C03","7","9","1","10","2","12","","6","6","1","22","8","C03","24.158","120.6775","2"
"2019","7","5","14","50","臺中市","大里區","0","0","0","8","","","40","","","","","","","","","","","","","","","","","","","","B12","","","1","","2","","","12","","1","4","","B12","24.081183","120.674109","3"
"2019","7","5","14","55","臺中市","霧峰區","0","0","0","8","","","50","","","","","","","","","","","","","","","","","","","","B03","","","1","","2","","","23","","1","5","","B03","24.063328","120.677651","3"
"2019","7","5","14","59","臺中市","西區","0","0","0","8","","","50","","","","","","","","","","","","","","","","","","","","B03","","","1","","2","","","9","","1","22","","B03","24.158075","120.660383","3"
"2019","7","5","15","0","臺中市","神岡區","0","0","0","8","1","","50","","","","","","","","","","","","","","","16","","","","","B11","","","1","","2","","","16","16","1","21","","B11","24.248537","120.6963","3"
"2019","7","5","15","7","臺中市","北區","0","1","0","8","1","5","50","3","1","1","5","4","5","7","4","4","10","5","5","2","16","6","3","10","1","1","B12","7","6","1","8","2","5","","6","6","1","22","8","B12","24.162825","120.667326","2"
"2019","7","5","15","10","臺中市","西區","0","2","0","8","1","5","50","4","1","1","5","4","5","7","4","4","10","5","5","2","15","6","2","9","1","1","C03","7","9","1","10","2","11","","6","6","1","22","9","C03","24.151981","120.660901","2"
"2019","7","5","15","10","臺中市","南屯區","0","1","0","8","1","5","50","4","1","1","5","4","5","7","1","1","10","5","5","2","16","6","3","10","1","1","B03","7","6","1","8","2","2","","6","6","1","22","9","B03","24.140399","120.620481","2"
"2019","7","5","15","10","臺中市","清水區","0","0","0","8","1","5","50","4","","","","","","","","","","","","","","42","","","","","A12","","","1","","9","","","42","42","1","21","","A12","24.266822","120.536695","3"
"2019","7","5","15","15","臺中市","太平區","0","0","0","8","","","50","","","","","","","","","","","","","","","","","","","","B02","","","1","","2","","","16","","1","21","","B02","24.145915","120.712613","3"
"2019","7","5","15","28","臺中市","大里區","0","1","0","8","1","5","50","3","1","1","5","4","5","7","4","4","10","5","5","2","16","6","2","8","1","1","C03","7","5","1","10","2","11","","6","6","1","20","8","C03","24.109189","120.690232","2"
"2019","7","5","15","40","臺中市","西區","0","0","0","8","","","50","","","","","","","","","","","","","","","","","","","","C03","","","1","","2","","","23","","1","5","","C03","24.154136","120.663156","4"
"2019","7","5","15","40","臺中市","后里區","0","2","0","8","1","5","50","4","8","1","5","4","5","7","4","4","5","4","4","1","15","23","2","9","1","1","C04","7","9","1","10","2","11","","23","23","1","19","8","C04","24.309068","120.720113","2"
"2019","7","5","15","43","臺中市","北區","0","2","0","8","1","5","50","3","1","1","5","4","5","7","4","4","10","5","5","2","13","16","2","8","1","1","C03","7","9","1","10","2","11","","16","16","1","22","9","C03","24.15516","120.691431","2"
"2019","7","5","15","45","臺中市","清水區","0","0","0","8","","","40","","","","","","","","","","","","","","","","","","","","A12","","","1","","2","","","19","","1","21","","A12","24.292074","120.581927","3"
"2019","7","5","15","45","臺中市","沙鹿區","0","0","0","8","","","50","","","","","","","","","","","","","","","23","","","","","B03","","","1","","2","","","23","23","","","","B03","24.225029","120.568991","3"
"2019","7","5","15","50","臺中市","外埔區","0","1","0","8","1","5","50","4","8","1","5","4","5","7","4","4","4","5","4","1","16","8","2","9","1","1","C03","7","5","1","10","2","11","","8","8","1","4","8","C03","24.309266","120.72032","2"
"2019","7","5","15","51","臺中市","西屯區","0","2","0","8","1","5","70","3","7","1","5","4","5","7","2","1","9","4","1","2","13","23","3","10","1","1","B03","7","9","1","8","2","1","","23","23","1","21","8","B03","24.181193","120.619313","2"
"2019","7","5","15","55","臺中市","沙鹿區","0","0","0","8","","","50","","","","","","","","","","","","","","","","","","","","B03","","","1","","2","","","3","","1","","","B03","24.23784","120.559753","3"
"2019","7","5","15","59","臺中市","北區","0","0","0","8","","","50","","","","","","","","","","","","","","","","","","","","B03","","","1","","2","","","23","","1","5","","B03","24.163121","120.67599","3"
"2019","7","5","16","0","臺中市","北區","0","0","0","8","","","50","","","","","","","","","","","","","","","","","","","","B12","","","1","","2","","","23","","1","22","","B12","24.1628","120.6704","3"
"2019","7","5","16","0","臺中市","大里區","0","0","0","8","","","50","","","","","","","","","","","","","","","","","","","","B03","","","1","","2","","","19","","1","5","","B03","24.095771","120.685966","3"
"2019","7","5","16","0","臺中市","潭子區","0","0","0","8","","","50","","","","","","","","","","","","","","","","","","","","B12","","","1","","2","","","23","","1","22","","B12","24.226673","120.690308","3"
"2019","7","5","16","2","臺中市","太平區","0","1","0","8","1","5","50","4","1","1","5","4","5","7","2","1","10","5","5","2","15","25","3","10","1","1","B12","7","9","1","8","2","1","","25","25","1","5","8","B12","24.133263","120.73603","2"
"2019","7","5","16","5","臺中市","南屯區","0","0","0","8","","","50","","","","","","","","","","","","","","","","","","","","B03","","","1","","2","","","43","","1","22","","B03","24.132781","120.646583","3"
"2019","7","5","16","8","臺中市","東勢區","0","1","0","8","1","5","50","14","9","1","5","4","5","7","4","4","5","5","5","1","16","6","3","10","1","1","B03","7","5","1","8","2","5","","6","6","1","9","8","B03","24.261523","120.824013","2"
"2019","7","5","16","18","臺中市","南屯區","0","1","0","8","1","5","50","4","2","1","5","4","5","7","2","1","1","2","5","2","13","23","3","10","3","4","B03","7","1","1","8","2","1","","23","23","1","22","9","B03","24.141435","120.640875","2"
"2019","7","5","16","24","臺中市","烏日區","0","0","0","8","","","50","","","","","","","","","","","","","","","","","","","","B03","","","1","","2","","","6","","1","21","","B03","24.107583","120.6002","3"
"2019","7","5","16","30","臺中市","北區","0","4","0","8","1","5","50","3","1","1","5","4","5","7","4","4","10","5","5","2","16","6","2","7","1","1","C03","7","5","1","10","2","11","","6","6","1","22","8","C03","24.148592","120.679367","2"
"2019","7","5","16","32","臺中市","潭子區","0","1","0","8","1","5","50","14","7","1","5","4","5","7","4","4","5","4","4","2","13","16","2","9","1","1","C03","7","9","1","10","2","11","","16","16","1","22","8","C03","24.207266","120.702675","2"
"2019","7","5","16","35","臺中市","西屯區","0","0","0","8","","","50","","","","","","","","","","","","","","","","","","","","B03","","","1","","2","","","7","","1","4","","B03","24.166656","120.640097","3"
"2019","7","5","16","40","臺中市","西區","0","1","0","8","1","5","40","4","1","1","5","4","5","7","1","1","10","5","5","2","13","7","2","9","3","4","C03","7","7","1","10","2","11","","7","7","1","21","8","C03","24.150849","120.653855","2"
"2019","7","5","16","40","臺中市","外埔區","0","2","0","8","1","5","50","14","9","1","5","4","5","7","4","4","1","4","5","1","12","7","2","9","1","1","C03","7","7","1","10","2","13","","7","7","1","4","8","C03","24.321336","120.651831","2"
"2019","7","5","16","43","臺中市","后里區","0","0","0","","","","","","","","","","","","","","","","","","","42","","","","","A12","","","1","","2","","","42","42","1","10","","A12","24.306433","120.707919","3"
"2019","7","5","16","45","臺中市","西區","0","2","0","8","1","5","60","14","7","1","5","4","5","7","4","4","1","4","1","2","13","23","3","10","1","1","B03","7","9","1","8","2","1","","23","23","1","21","8","B03","24.157985","120.65792","2"
"2019","7","5","16","53","臺中市","大里區","0","1","0","8","2","5","50","4","3","1","5","4","5","7","1","1","10","5","5","2","12","23","3","10","1","1","C03","7","9","1","10","2","11","","23","23","1","18","8","C03","24.110204","120.683191","2"
"2019","7","5","16","54","臺中市","潭子區","0","1","0","8","1","5","50","4","1","1","5","4","5","7","2","1","10","5","5","2","16","6","3","10","1","1","B03","7","6","1","8","2","2","","6","6","1","22","8","B03","24.21598","120.687643","2"
"2019","7","5","16","55","臺中市","南區","0","1","0","8","1","5","50","4","1","1","5","4","5","7","1","1","10","5","5","2","11","6","3","10","1","1","B03","7","5","1","8","2","2","","6","6","1","22","8","B03","24.124211","120.679601","2"
"2019","7","5","16","55","臺中市","北屯區","0","0","0","8","","","50","","","","","","","","","","","","","","","23","","","","","B03","","","6","","2","","","23","23","1","21","","B03","24.1745","120.7157","3"
"2019","7","5","16","56","臺中市","南屯區","0","0","0","","","","","","","","","","","","","","","","","","","","","","","","B03","","","1","","2","","","23","","1","20","","B03","24.117716","120.630123","3"
"2019","7","5","16","57","臺中市","西屯區","0","0","0","8","","","50","","","","","","","","","","","","","","","","","","","","B12","","","1","","2","","","23","","1","22","","B12","24.1821","120.602408","3"
"2019","7","5","17","5","臺中市","北屯區","0","0","0","8","","","50","","","","","","","","","","","","","","","23","","","","","B12","","","1","","2","","","23","23","1","5","","B12","24.202602","120.686375","3"
"2019","7","5","17","7","臺中市","西屯區","0","0","0","8","","","40","","","","","","","","","","","","","","","","","","","","B03","","","1","","2","","","43","","1","4","","B03","24.162966","120.63511","3"
"2019","7","5","17","8","臺中市","西屯區","0","0","0","8","","","50","","","","","","","","","","","","","","","","","","","","B03","","","1","","2","","","16","","1","","","B03","24.159685","120.640223","3"
"2019","7","5","17","10","臺中市","南屯區","0","0","0","8","","","40","","","","","","","","","","","","","","","","","","","","B03","","","7","","11","","","43","","2","22","","B03","24.13691","120.637607","3"
"2019","7","5","17","10","臺中市","神岡區","0","1","0","8","1","5","50","14","9","1","5","4","5","7","4","4","9","5","5","1","16","17","3","10","1","1","B03","7","4","1","8","2","2","","17","17","1","21","8","B03","24.256329","120.661751","2"