"年","月","日","時","分","縣市","區","死","受傷","2-30","天候","光線","道路類別","速限","道路型態","事故位置","路面鋪裝","路面狀態","路面缺陷","障礙物","視距","號誌種類","號誌動作","分向設施","快車道或一般車道間","快慢車道間","路面邊線","事故類型及型態","主要肇因","受傷程度","主要傷處","保護裝備","行動電話","當事者區分_類別","車輛用途","當事者行動狀態","駕駛資格情形","駕駛執照種類","飲酒情形","車輛撞擊部位最初","車輛撞擊部位其他","肇事因素個別","肇事因素主要","肇事逃逸","職業","旅次目的","車種","GPS座標_緯度","GPS座標_經度","事故類別"
"2019","7","5","17","11","臺中市","沙鹿區","0","0","0","8","","","50","","","","","","","","","","","","","","","","","","","","A41","","","1","","2","","","30","","1","10","","A41","24.212047","120.570289","3"
"2019","7","5","17","20","臺中市","霧峰區","0","0","0","8","","","40","","","","","","","","","","","","","","","","","","","","C03","","","1","","2","","","23","","1","20","","C03","24.072241","120.66242","3"
"2019","7","5","17","20","臺中市","大甲區","0","1","0","8","1","5","50","14","9","1","5","4","5","7","4","4","9","5","5","2","18","23","2","9","1","1","F01","7","9","8","20","2","16","","23","23","1","22","9","F01","24.363971","120.636958","2"
"2019","7","5","17","25","臺中市","大雅區","0","1","0","8","1","5","50","3","1","1","5","4","5","7","1","1","3","4","5","1","16","25","2","9","1","1","F03","7","9","8","20","2","16","","25","25","1","21","8","F03","24.240042","120.673389","2"
"2019","7","5","17","29","臺中市","潭子區","0","0","0","8","","","50","","","","","","","","","","","","","","","","","","","","B03","","","1","","2","","","16","","1","","","B03","24.199053","120.721931","3"
"2019","7","5","17","30","臺中市","太平區","0","0","0","8","","","50","","","","","","","","","","","","","","","23","","","","","B03","","","1","","2","","","23","23","1","23","","B03","24.138417","120.710499","3"
"2019","7","5","17","30","臺中市","烏日區","0","1","0","8","1","5","50","4","1","1","5","4","5","7","4","4","10","5","5","1","16","8","3","10","1","1","B03","7","5","1","8","2","4","","8","8","1","21","8","B03","24.102988","120.622008","2"
"2019","7","5","17","30","臺中市","后里區","0","0","0","8","","","50","","","","","","","","","","","","","","","","","","","","B03","","","1","","2","","","16","","1","","","B03","24.312888","120.701","3"
"2019","7","5","17","34","臺中市","南屯區","0","1","0","8","1","5","40","4","1","1","5","4","5","7","4","4","10","5","5","2","15","6","2","9","1","1","C03","7","9","1","10","2","14","","6","6","1","22","8","C03","24.148366","120.613213","2"
"2019","7","5","17","35","臺中市","沙鹿區","0","0","0","8","","","50","","","","","","","","","","","","","","","","","","","","C03","","","1","","2","","","42","","1","4","","C03","24.224738","120.576505","3"
"2019","7","5","17","38","臺中市","南區","0","2","0","7","1","5","40","4","1","1","5","4","5","7","1","1","9","4","4","2","16","8","2","9","1","1","C03","7","5","1","10","2","14","","8","8","1","18","8","C03","24.126326","120.679175","2"
"2019","7","5","17","40","臺中市","大雅區","0","0","0","8","","","50","","","","","","","","","","","","","","","","","","","","B03","","","1","","2","","","9","","1","21","","B03","24.226946","120.649298","3"
"2019","7","5","17","43","臺中市","沙鹿區","0","0","0","8","","","50","","","","","","","","","","","","","","","","","","","","C03","","","1","","3","","","42","","1","3","","C03","24.221057","120.556187","3"
"2019","7","5","17","44","臺中市","太平區","0","1","0","8","2","5","50","4","1","1","5","4","5","7","1","1","10","5","5","2","15","6","3","10","1","1","C03","7","9","1","10","2","14","","6","6","1","21","8","C03","24.142071","120.723975","2"
"2019","7","5","17","49","臺中市","潭子區","0","1","0","8","1","5","50","14","9","1","5","4","5","7","4","4","8","4","5","1","17","16","2","9","1","1","C03","7","9","1","10","2","12","","16","16","1","22","1","C03","24.21225","120.690271","2"
"2019","7","5","17","50","臺中市","北屯區","0","0","0","","","","","","","","","","","","","","","","","","","","","","","","B03","","","1","","2","","","12","","1","21","","B03","24.175445","120.690193","3"
"2019","7","5","17","50","臺中市","龍井區","0","1","0","8","1","5","50","4","1","1","5","4","5","7","1","1","10","5","5","2","16","23","2","8","1","1","C03","7","9","1","10","2","11","","23","23","1","22","8","C03","24.184098","120.58506","2"
"2019","7","5","17","55","臺中市","外埔區","0","1","0","8","1","5","50","4","7","1","5","4","5","7","3","1","5","4","4","1","11","21","2","9","1","1","C03","7","9","6","18","8","11","","21","21","1","4","8","C03","24.341101","120.641398","2"
"2019","7","5","17","57","臺中市","龍井區","0","1","0","8","1","5","50","4","1","1","5","4","5","7","2","1","10","5","5","2","12","9","3","10","1","1","C03","7","6","1","10","2","12","","9","9","1","21","8","C03","24.185932","120.585816","2"
"2019","7","5","18","0","臺中市","大里區","0","1","0","8","2","5","40","14","8","1","5","4","5","7","4","4","1","4","5","1","13","23","2","7","1","1","C03","7","9","1","10","2","11","","23","23","1","12","8","C03","24.105504","120.672054","2"
"2019","7","5","18","2","臺中市","西區","0","0","0","8","","","50","","","","","","","","","","","","","","","","","","","","B02","","","1","","2","","","23","","1","5","","B02","24.138103","120.658021","4"
"2019","7","5","18","5","臺中市","北區","0","1","0","8","1","5","50","5","1","1","5","4","5","7","1","1","10","5","5","2","17","23","3","10","1","1","B01","7","9","1","3","2","1","","23","23","1","10","4","B01","24.15721","120.666912","2"
"2019","7","5","18","6","臺中市","南屯區","0","1","0","8","1","5","50","14","9","1","5","4","5","7","1","1","5","2","5","2","17","40","3","10","1","1","B03","7","13","1","8","2","4","","40","40","1","5","8","B03","24.13699","120.653071","2"
"2019","7","5","18","10","臺中市","西屯區","0","1","0","8","1","5","50","14","9","1","5","4","5","7","4","4","9","5","5","2","16","19","3","10","1","1","B03","7","1","1","8","2","1","","19","19","1","21","8","B03","24.174065","120.634873","2"
"2019","7","5","18","10","臺中市","西屯區","0","2","0","8","3","5","50","14","7","1","5","4","5","7","4","4","5","5","4","2","13","16","2","8","1","1","C03","7","9","1","10","2","11","","16","16","1","4","8","C03","24.182676","120.615239","2"
"2019","7","5","18","10","臺中市","大雅區","0","2","0","8","1","5","50","4","2","1","5","4","5","7","4","4","5","5","5","1","17","26","2","8","1","1","C03","7","11","1","10","2","12","","26","26","1","21","8","C03","24.215398","120.66786","2"
"2019","7","5","18","12","臺中市","南區","0","0","0","8","","","40","","","","","","","","","","","","","","","","","","","","B03","","","1","","2","","","23","","1","4","","B03","24.121644","120.666078","3"
"2019","7","5","18","15","臺中市","西區","0","0","0","8","","","50","","","","","","","","","","","","","","","","","","","","B02","","","1","","2","","","7","","1","21","","B02","24.147081","120.673038","3"
"2019","7","5","18","19","臺中市","北屯區","0","0","0","8","","","50","","","","","","","","","","","","","","","","","","","","C03","","","1","","2","","","7","","1","18","","C03","24.176","120.6903","3"
"2019","7","5","18","19","臺中市","龍井區","0","0","0","","","","","","","","","","","","","","","","","","","","","","","","B03","","","1","","1","","","23","","1","","","B03","24.182008","120.583904","3"
"2019","7","5","18","19","臺中市","神岡區","0","1","0","8","1","5","50","4","1","1","5","4","5","7","1","1","5","5","5","2","16","42","3","10","1","1","B11","7","1","1","8","2","2","","42","42","1","5","8","B11","24.275342","120.705404","2"
"2019","7","5","18","40","臺中市","潭子區","0","0","0","8","","","50","","","","","","","","","","","","","","","","","","","","C03","","","1","","2","","","1","","1","","","C03","24.199256","120.721996","3"
"2019","7","5","18","50","臺中市","大安區","0","1","0","8","1","5","50","4","1","1","5","4","5","7","1","1","10","5","5","2","17","9","3","10","1","1","B03","7","6","1","8","2","2","","9","9","1","22","9","B03","24.361033","120.603485","2"
"2019","7","5","18","58","臺中市","北屯區","0","0","0","8","","","50","","","","","","","","","","","","","","","","","","","","B01","","","1","","2","","","7","","1","10","","B01","24.179916","120.667408","3"
"2019","7","5","19","3","臺中市","西區","0","1","0","8","3","5","40","4","1","1","5","4","5","7","4","4","10","5","5","2","16","6","3","10","1","1","C03","7","5","1","10","2","12","","6","6","1","5","5","C03","24.149825","120.665294","2"
"2019","7","5","19","12","臺中市","沙鹿區","0","0","0","8","","","60","","","","","","","","","","","","","","","17","","","","","B03","","","1","","2","","","17","17","","","","B03","24.240293","120.562361","3"
"2019","7","5","19","31","臺中市","北屯區","0","0","0","8","","","50","","","","","","","","","","","","","","","","","","","","B12","","","1","","2","","","23","","1","22","","B12","24.17875","120.737387","3"
"2019","7","5","19","33","臺中市","北區","0","0","0","8","","","50","","","","","","","","","","","","","","","","","","","","B03","","","1","","2","","","7","","1","5","","B03","24.163131","120.670249","3"
"2019","7","5","19","43","臺中市","中區","0","0","0","8","","","50","","","","","","","","","","","","","","","","","","","","B12","","","1","","2","","","19","","1","22","","B12","24.142083","120.678308","3"
"2019","7","5","19","44","臺中市","太平區","0","1","0","8","3","5","50","3","1","1","5","4","5","7","1","1","10","5","5","2","16","43","3","10","1","1","C03","7","9","2","18","3","11","","43","43","1","16","8","C03","24.149844","120.725977","2"
"2019","7","5","19","46","臺中市","梧棲區","0","0","0","8","","","50","","","","","","","","","","","","","","","14","","","","","B03","","","1","","2","","","14","14","","","","B03","24.256505","120.531258","3"
"2019","7","5","19","50","臺中市","大安區","0","2","0","8","3","5","50","14","9","1","5","4","5","7","4","4","5","5","5","1","1","23","2","9","1","1","C03","7","9","1","10","2","11","","23","23","1","22","8","C03","24.345785","120.586751","2"
"2019","7","5","19","58","臺中市","北區","0","2","0","8","3","5","50","14","7","1","5","4","5","7","4","4","9","4","4","2","16","10","3","10","1","1","B03","7","11","1","8","2","1","","10","10","1","22","8","B03","24.1558","120.6774","2"
"2019","7","5","20","0","臺中市","北屯區","0","1","0","8","3","5","50","3","2","1","5","4","5","7","4","4","5","5","4","2","12","1","3","10","1","1","B03","7","4","1","8","2","2","","1","1","1","4","8","B03","24.1764","120.6736","2"
"2019","7","5","20","10","臺中市","烏日區","0","0","0","8","","","50","","","","","","","","","","","","","","","","","","","","B03","","","1","","2","","","23","","1","22","","B03","24.113962","120.618804","3"
"2019","7","5","20","14","臺中市","大雅區","0","0","0","8","","","50","","","","","","","","","","","","","","","","","","","","B03","","","1","","2","","","12","","1","","","B03","24.234798","120.636649","3"
"2019","7","5","20","15","臺中市","大雅區","0","2","0","8","3","5","50","4","20","4","5","4","5","7","4","4","1","5","5","2","2","23","2","8","1","1","C03","7","9","1","10","2","11","","23","23","1","21","8","C03","24.235664","120.613967","2"
"2019","7","5","20","35","臺中市","西屯區","0","1","0","8","1","5","40","4","1","1","5","4","5","7","2","1","10","5","5","2","16","19","3","10","3","4","B01","7","1","1","4","2","8","","19","19","1","22","8","B01","24.173381","120.64682","2"
"2019","7","5","21","9","臺中市","清水區","0","1","0","8","3","5","50","4","1","1","5","4","5","7","4","4","10","5","5","2","15","6","2","9","1","1","C03","7","9","1","10","2","12","","6","6","1","21","8","C03","24.275857","120.562096","2"
"2019","7","5","21","15","臺中市","大雅區","0","1","0","8","3","5","40","3","1","1","5","4","5","7","3","1","10","5","5","1","17","6","3","10","1","1","B03","7","5","1","8","2","5","","6","6","1","22","9","B03","24.23127","120.67313","2"
"2019","7","5","21","18","臺中市","烏日區","0","0","0","8","","","50","","","","","","","","","","","","","","","","","","","","B03","","","1","","2","","","23","","1","","","B03","24.102082","120.624209","3"
"2019","7","5","21","20","臺中市","清水區","0","1","0","8","3","5","50","5","2","1","5","4","5","7","1","1","1","4","4","1","12","25","3","10","1","1","B03","7","9","1","8","2","6","","25","25","1","5","7","B03","24.275416","120.57746","2"
"2019","7","5","21","23","臺中市","南屯區","0","1","0","8","3","5","50","14","9","1","5","4","5","7","4","4","9","5","5","2","13","16","2","7","1","1","C03","7","9","1","10","2","14","","16","16","1","22","9","C03","24.140944","120.628713","2"
"2019","7","5","21","38","臺中市","大里區","0","1","0","8","3","5","60","4","2","1","5","4","5","7","1","1","10","5","5","2","16","25","2","9","1","1","C03","7","9","6","2","9","12","","25","25","1","5","8","C03","24.07818","120.686666","2"
"2019","7","5","21","39","臺中市","清水區","0","0","0","8","","","50","","","","","","","","","","","","","","","","","","","","B03","","","1","","2","","","6","","1","21","","B03","24.272931","120.5612","3"
"2019","7","5","22","21","臺中市","大雅區","0","0","0","8","","","50","","","","","","","","","","","","","","","43","","","","","B03","","","1","","11","","","44","43","1","21","","B03","24.225382","120.650988","3"
"2019","7","5","22","24","臺中市","大里區","0","1","0","8","3","5","50","4","1","1","5","4","5","7","1","1","10","5","5","2","17","42","3","10","1","1","C03","7","15","1","10","11","15","","42","42","1","21","9","C03","24.110072","120.689937","2"
"2019","7","5","22","40","臺中市","潭子區","0","0","0","8","","","50","","","","","","","","","","","","","","","","","","","","B03","","","3","","2","","","23","","1","","","B03","24.195681","120.69794","3"
"2019","7","5","22","50","臺中市","北屯區","0","0","0","8","","","50","","","","","","","","","","","","","","","","","","","","B03","","","1","","2","","","23","","1","21","","B03","24.180488","120.704126","3"
"2019","7","5","23","2","臺中市","西區","0","1","0","8","3","5","50","4","1","1","5","4","5","7","4","4","10","5","5","2","15","6","3","10","1","1","C03","7","9","1","10","2","11","","6","6","1","17","9","C03","24.152444","120.653854","2"
"2019","7","5","23","13","臺中市","西區","0","1","0","8","3","5","50","3","1","1","5","4","5","7","4","4","3","4","4","2","16","7","3","10","1","1","B03","7","8","1","8","2","7","","7","7","1","21","8","B03","24.154688","120.657978","2"
"2019","7","5","23","15","臺中市","南屯區","0","2","0","8","3","5","40","4","1","1","5","4","5","7","3","1","10","5","5","2","15","6","2","9","3","4","B03","7","9","1","8","2","5","","6","6","1","22","8","B03","24.132032","120.649921","2"
"2019","7","5","23","52","臺中市","北區","0","0","0","8","3","5","50","","","","","","","","","","","","","","","","","","","","B03","","","1","","2","","","23","","1","5","","B03","24.163855","120.684975","3"
"2019","7","6","2","18","臺中市","沙鹿區","1","0","0","8","3","5","40","14","8","1","5","4","5","7","4","4","1","4","4","1","19","13","1","3","1","1","C03","7","9","1","10","2","12","","13","13","1","5","8","C03","24.224115","120.55741","1"
"2019","7","6","2","45","臺中市","北屯區","0","1","0","8","3","5","50","14","9","1","5","4","5","7","4","4","5","5","5","2","12","7","3","10","1","1","B03","7","7","1","8","2","4","","7","7","1","21","8","B03","24.170335","120.70831","2"
"2019","7","6","5","7","臺中市","梧棲區","0","1","0","8","2","5","50","4","1","1","5","4","5","7","3","1","10","5","5","2","15","6","2","8","3","4","C03","7","9","1","10","2","14","","6","6","1","21","1","C03","24.258943","120.547042","2"
"2019","7","6","5","29","臺中市","東區","0","4","0","8","2","5","50","3","1","1","5","4","5","7","4","4","5","5","4","2","16","7","2","9","1","1","C03","7","9","1","10","2","11","","23","7","1","21","8","C03","24.138897","120.702662","2"
"2019","7","6","6","20","臺中市","沙鹿區","0","1","0","7","2","5","50","14","9","1","5","4","5","7","4","4","5","5","5","1","8","42","3","10","1","1","C03","7","1","1","10","2","11","","42","42","1","20","8","C03","24.238789","120.559068","2"
"2019","7","6","6","50","臺中市","烏日區","0","0","0","8","","","50","","","","","","","","","","","","","","","","","","","","B03","","","1","","2","","","6","","1","","","B03","24.10839","120.597915","3"
"2019","7","6","7","0","臺中市","沙鹿區","0","2","0","8","1","5","40","14","9","1","5","4","5","7","4","4","10","5","5","2","10","17","3","10","1","1","B03","7","9","6","3","2","8","","17","17","1","9","8","B03","24.251357","120.570557","2"
"2019","7","6","7","5","臺中市","大雅區","0","2","0","7","1","5","50","4","1","1","5","4","5","7","1","1","10","5","5","1","15","25","2","9","1","1","C03","7","9","1","10","2","14","","25","25","1","22","1","C03","24.226622","120.648277","2"
"2019","7","6","7","10","臺中市","東區","0","2","0","8","1","5","50","3","1","1","5","4","5","7","1","1","10","5","5","2","16","25","2","7","1","1","B12","7","5","1","3","2","5","","25","25","1","22","8","B12","24.136721","120.687748","2"
"2019","7","6","7","17","臺中市","太平區","0","1","0","8","1","5","50","14","9","1","5","4","5","7","4","4","5","5","5","1","11","43","2","9","1","1","B12","7","9","1","8","2","4","","43","43","1","4","8","B12","24.156316","120.730949","2"
"2019","7","6","7","35","臺中市","南屯區","0","0","0","7","1","5","50","4","2","1","5","4","5","7","4","4","1","4","5","2","17","43","3","10","1","1","B12","7","9","1","8","2","3","3","43","43","1","3","3","B12","24.148521","120.623873","3"
"2019","7","6","7","37","臺中市","西區","0","1","0","8","1","5","50","14","12","1","5","4","5","7","4","4","5","5","4","2","16","42","3","10","1","1","B03","7","8","1","8","2","7","","42","42","1","21","8","B03","24.133643","120.658382","2"
"2019","7","6","7","40","臺中市","霧峰區","0","2","0","8","1","5","50","5","1","1","5","4","5","7","3","1","9","2","5","1","16","9","2","9","1","1","C03","7","6","1","10","2","14","","9","9","1","22","8","C03","24.064793","120.679411","2"
"2019","7","6","7","43","臺中市","西屯區","0","1","0","7","1","5","40","14","9","1","5","4","5","7","4","4","10","5","5","2","16","23","2","8","1","1","C03","7","9","1","10","2","11","","23","23","1","21","8","C03","24.196498","120.640645","2"
"2019","7","6","7","59","臺中市","北區","0","0","0","8","","","50","","","","","","","","","","","","","","","67","","","","","B03","","","1","","2","","","38","67","1","","","B03","24.159086","120.669697","3"
"2019","7","6","8","0","臺中市","北區","0","1","0","8","1","5","50","4","1","1","5","4","5","7","1","1","10","5","5","2","16","6","3","10","1","1","B03","7","5","1","8","2","7","","6","6","1","22","8","B03","24.149426","120.677516","2"
"2019","7","6","8","13","臺中市","西屯區","0","1","0","8","1","5","50","4","9","1","5","4","5","7","1","1","5","5","5","2","18","43","2","9","3","4","C03","7","9","1","10","2","12","","43","43","1","22","8","C03","24.172355","120.660602","2"
"2019","7","6","8","16","臺中市","新社區","0","2","0","8","1","5","50","4","1","1","5","4","5","7","4","4","10","5","5","2","16","6","2","9","1","1","C03","7","5","3","18","2","14","","6","6","1","22","8","C03","24.219386","120.799748","2"
"2019","7","6","8","19","臺中市","南屯區","0","0","0","6","","","50","","","","","","","","","","","","","","","","3","","","","C03","","","1","","2","","","6","","1","22","","C03","24.140314","120.644931","3"
"2019","7","6","8","28","臺中市","北區","0","2","0","7","1","5","50","3","2","1","4","4","5","7","4","4","10","5","5","2","12","3","2","9","1","4","C03","7","9","1","10","2","13","","3","3","1","21","8","C03","24.160445","120.673851","2"
"2019","7","6","8","32","臺中市","新社區","0","1","0","7","1","5","50","11","13","1","5","4","5","1","4","4","5","5","5","1","29","23","2","9","1","1","C03","7","9","1","10","11","11","","23","23","1","2","8","C03","24.209695","120.784833","2"
"2019","7","6","8","45","臺中市","北區","0","1","0","8","1","5","50","14","7","1","5","4","5","7","1","1","1","4","5","2","17","25","3","10","1","1","B12","7","9","1","8","2","4","","25","25","1","21","8","B12","24.161489","120.662935","2"
"2019","7","6","8","45","臺中市","大甲區","0","1","0","6","1","5","50","14","22","1","4","4","5","7","4","4","5","4","5","1","17","8","3","10","1","1","B03","7","5","1","8","2","6","","8","8","1","21","8","B03","24.351548","120.627768","2"
"2019","7","6","8","48","臺中市","西屯區","0","0","0","8","","","40","","","","","","","","","","","","","","","","","","","","B03","","","1","","2","","","12","","1","","","B03","24.160501","120.654113","3"
"2019","7","6","8","51","臺中市","西屯區","0","1","0","7","1","5","40","4","1","1","4","4","5","7","3","1","5","2","5","2","16","6","3","10","3","4","B03","7","9","1","8","2","5","","6","6","1","22","8","B03","24.198745","120.634598","2"
"2019","7","6","9","0","臺中市","南屯區","0","1","0","7","1","5","50","14","9","1","5","4","5","7","4","4","10","5","5","2","16","18","3","10","3","4","B03","7","3","1","8","2","8","","18","18","1","22","8","B03","24.141164","120.64404","2"
"2019","7","6","9","32","臺中市","西區","0","0","0","6","","","40","","","","","","","","","","","","","","","","","","","","B03","","","1","","2","","","42","","1","","","B03","24.156729","120.660648","3"
"2019","7","6","9","56","臺中市","東區","0","1","0","6","1","5","50","3","1","1","4","4","5","7","1","1","10","5","5","2","16","6","3","10","1","1","B03","7","5","1","8","2","2","","6","6","1","18","8","B03","24.124877","120.70198","2"
"2019","7","6","10","2","臺中市","神岡區","0","1","0","6","1","5","50","3","2","1","4","4","5","7","4","4","4","5","4","2","16","26","2","9","1","1","C03","7","11","1","10","2","11","","26","26","1","21","8","C03","24.256653","120.670275","2"
"2019","7","6","10","5","臺中市","太平區","0","2","0","8","1","5","50","4","2","1","5","4","5","7","4","4","5","5","4","1","16","19","2","9","1","1","C03","7","1","1","10","2","14","","19","19","1","21","8","C03","24.111491","120.7306","2"
"2019","7","6","10","10","臺中市","北區","0","0","0","6","","","50","","","","","","","","","","","","","","","19","3","","","","B03","","","3","18","2","8","","19","19","","21","","B03","24.1542","120.682221","3"
"2019","7","6","10","10","臺中市","沙鹿區","0","2","0","7","1","5","50","14","7","1","4","4","5","7","4","4","1","4","4","2","12","23","3","10","1","1","B03","7","9","1","8","2","2","","23","23","1","21","8","B03","24.209573","120.568973","2"
"2019","7","6","10","10","臺中市","后里區","0","0","0","6","","","50","","","","","","","","","","","","","","","","","","","","G03","","","7","","2","","","6","","1","22","","G03","24.308129","120.706339","3"
"2019","7","6","10","12","臺中市","南屯區","0","1","0","7","1","5","50","4","1","1","4","4","5","7","4","4","10","5","5","2","3","15","3","10","3","4","B03","7","5","1","8","2","5","","15","15","1","22","8","B03","24.152389","120.632109","2"
"2019","7","6","10","15","臺中市","神岡區","0","0","0","6","","","50","","","","","","","","","","","","","","","","","","","","B03","","","1","","2","","","16","","1","21","","B03","24.248361","120.669054","3"
"2019","7","6","10","16","臺中市","西屯區","0","0","0","6","","","50","","","","","","","","","","","","","","","","","","","","B01","","","1","","2","","","19","","1","","","B01","24.164788","120.643273","3"
"2019","7","6","10","19","臺中市","神岡區","0","0","0","6","","","50","","","","","","","","","","","","","","","","","","","","B03","","","1","","1","","","19","","1","21","","B03","24.154816","120.665588","3"
"2019","7","6","10","22","臺中市","太平區","0","0","0","8","","","50","","","","","","","","","","","","","","","","","","","","B03","","","2","","2","","","43","","1","21","","B03","24.148805","120.716634","3"
"2019","7","6","10","28","臺中市","北區","0","2","0","7","1","5","50","3","1","1","5","4","5","7","4","4","10","5","5","2","17","6","2","9","1","1","C03","7","5","1","10","2","12","","6","6","1","21","8","C03","24.161388","120.6625","2"
"2019","7","6","10","29","臺中市","東區","0","0","0","8","","","50","","","","","","","","","","","","","","","1","","","","","B01","","","1","","2","","","1","1","1","10","","B01","24.124161","120.683736","3"
"2019","7","6","10","39","臺中市","沙鹿區","0","2","0","6","1","5","50","4","1","1","4","4","5","7","1","1","10","5","5","2","15","25","2","9","3","4","C04","7","9","1","10","2","15","","25","25","1","22","9","C04","24.240271","120.562421","2"
"2019","7","6","10","44","臺中市","南區","0","0","0","8","","","50","","","","","","","","","","","","","","","","3","","","","B03","","","1","","2","","","12","","1","21","","B03","24.135676","120.689704","3"
"2019","7","6","10","45","臺中市","沙鹿區","0","0","0","6","","","50","","","","","","","","","","","","","","","","","","","","B03","","","1","","2","","","23","","1","4","","B03","24.235275","120.558914","3"
"2019","7","6","10","48","臺中市","潭子區","0","1","0","6","1","5","50","14","8","1","4","4","5","7","4","4","5","5","4","2","16","26","3","10","1","1","B12","7","11","1","8","2","5","","26","26","1","22","8","B12","24.207401","120.680788","2"
"2019","7","6","10","49","臺中市","北區","0","1","0","7","1","5","30","14","9","4","5","4","5","7","3","1","10","4","5","2","18","23","2","9","1","1","C03","7","9","1","10","2","12","","23","23","1","22","8","C03","24.157121","120.667878","2"
"2019","7","6","10","50","臺中市","大里區","0","1","0","7","1","5","50","3","2","1","5","4","5","7","4","4","4","5","4","1","12","42","2","9","1","1","C03","7","15","1","10","2","14","","42","42","1","12","5","C03","24.101882","120.69949","2"
"2019","7","6","10","52","臺中市","南區","0","0","0","6","1","5","50","14","8","1","4","4","5","7","4","4","5","4","4","2","17","42","3","10","1","1","B03","7","8","1","8","2","2","","42","42","1","5","8","B03","24.133966","120.681939","3"
"2019","7","6","10","53","臺中市","新社區","0","0","0","8","","","50","","","","","","","","","","","","","","","","","","","","B12","","","1","","2","","","12","","1","5","","B12","24.228234","120.79869","3"
"2019","7","6","10","54","臺中市","大雅區","0","1","0","6","1","5","40","4","1","1","4","4","5","7","4","4","10","5","5","2","15","6","3","10","1","1","B03","7","9","1","8","2","5","","6","6","1","22","9","B03","24.238079","120.666221","2"
"2019","7","6","10","59","臺中市","北屯區","0","0","0","8","","","50","","","","","","","","","","","","","","","","","","","","B03","","","1","","11","","","42","","1","5","","B03","24.182884","120.697433","3"
"2019","7","6","11","6","臺中市","西區","0","2","0","6","1","5","40","4","1","1","4","4","5","7","4","4","10","5","5","2","15","6","2","9","1","1","C03","7","9","1","10","2","11","","6","6","1","21","8","C03","24.13729","120.658827","2"
"2019","7","6","11","6","臺中市","南區","0","1","0","6","1","5","10","14","9","1","4","4","3","7","4","4","10","5","5","2","17","19","3","10","1","1","B03","7","1","1","8","2","1","","19","19","1","5","8","B03","24.11885","120.667816","2"
"2019","7","6","11","9","臺中市","烏日區","0","1","0","6","1","5","70","3","1","1","4","4","5","7","2","1","10","5","5","2","16","6","3","10","1","1","B03","7","6","1","8","2","5","","6","6","1","21","8","B03","24.107699","120.611309","2"
"2019","7","6","11","10","臺中市","北屯區","0","1","0","6","1","5","50","3","1","1","4","4","5","7","4","4","10","5","5","2","18","23","2","9","1","1","C03","7","9","1","10","2","11","","23","23","1","22","8","C03","24.167458","120.705496","2"
"2019","7","6","11","12","臺中市","南屯區","0","1","0","6","1","5","50","3","7","1","4","4","5","7","4","4","1","4","4","2","16","19","3","10","1","1","B03","7","1","1","7","2","4","","19","19","1","22","9","B03","24.136274","120.636986","2"
"2019","7","6","11","20","臺中市","大里區","0","0","0","6","","","50","","","","","","","","","","","","","","","","","","","","B03","","","3","","2","","","23","","1","22","","B03","24.091843","120.691216","3"
"2019","7","6","11","20","臺中市","霧峰區","0","0","0","8","","","40","","","","","","","","","","","","","","","","","","","","B12","","","1","","2","","","12","","1","22","","B12","24.070269","120.668098","3"
"2019","7","6","11","24","臺中市","太平區","0","1","0","6","1","5","40","3","1","1","4","4","5","7","4","4","10","5","5","2","16","6","3","10","1","1","B12","7","5","1","8","2","8","","6","6","1","5","8","B12","24.095496","120.730205","2"
"2019","7","6","11","25","臺中市","西區","0","1","0","6","1","5","40","14","8","1","4","4","5","7","4","4","5","5","4","2","17","23","2","9","1","1","C03","7","9","1","10","2","12","","23","23","1","5","5","C03","24.143142","120.670748","2"
"2019","7","6","11","25","臺中市","北屯區","0","1","0","6","1","5","40","14","12","1","4","4","5","7","4","4","5","5","4","2","17","40","3","10","3","4","B03","7","14","1","8","2","4","","40","40","1","21","8","B03","24.181306","120.688873","2"
"2019","7","6","11","26","臺中市","北屯區","0","0","0","6","","","40","","","","","","","","","","","","","","","19","","","","","B03","","","1","","2","","","19","19","1","5","","B03","24.185341","120.698344","3"
"2019","7","6","11","30","臺中市","北區","0","0","0","6","","","50","","","","","","","","","","","","","","","19","3","","","","B03","","","1","8","2","4","","19","19","","21","","B03","24.17093","120.672093","3"
"2019","7","6","11","30","臺中市","大雅區","0","0","0","6","","","50","","","","","","","","","","","","","","","","","","","","B03","","","1","","2","","","23","","1","","","B03","24.224387","120.647285","3"
"2019","7","6","11","34","臺中市","烏日區","0","1","0","6","1","5","40","3","1","1","4","4","5","7","2","2","10","5","5","2","18","23","2","9","1","1","C03","7","9","1","10","2","11","","23","23","1","21","8","C03","24.102616","120.618318","2"
"2019","7","6","11","36","臺中市","西屯區","0","0","0","6","","","50","","","","","","","","","","","","","","","","","","","","A02","","","1","","2","","","8","","1","22","","A02","24.198733","120.63468","3"
"2019","7","6","11","37","臺中市","西區","0","0","0","6","","","50","","","","","","","","","","","","","","","","","","","","B03","","","1","","2","","","12","","1","21","","B03","24.157615","120.657542","4"
"2019","7","6","11","37","臺中市","大里區","0","0","0","8","","","50","","","","","","","","","","","","","","","26","","","","","C03","","","1","","2","","","23","26","1","4","","C03","24.106398","120.688967","3"