"年","月","日","時","分","縣市","區","死","受傷","2-30","天候","光線","道路類別","速限","道路型態","事故位置","路面鋪裝","路面狀態","路面缺陷","障礙物","視距","號誌種類","號誌動作","分向設施","快車道或一般車道間","快慢車道間","路面邊線","事故類型及型態","主要肇因","受傷程度","主要傷處","保護裝備","行動電話","當事者區分_類別","車輛用途","當事者行動狀態","駕駛資格情形","駕駛執照種類","飲酒情形","車輛撞擊部位最初","車輛撞擊部位其他","肇事因素個別","肇事因素主要","肇事逃逸","職業","旅次目的","車種","GPS座標_緯度","GPS座標_經度","事故類別"
"2019","7","6","11","38","臺中市","大里區","0","1","0","6","1","5","50","4","1","1","4","4","5","7","1","1","10","5","5","2","17","6","3","10","1","1","B03","7","6","1","8","2","15","","6","6","1","5","3","B03","24.082491","120.697818","2"
"2019","7","6","11","43","臺中市","太平區","0","0","0","6","1","5","50","14","9","1","4","4","5","7","4","4","5","","","","17","42","3","10","1","1","B03","7","9","6","14","2","","","42","42","1","21","8","B03","24.157839","120.705087","3"
"2019","7","6","11","44","臺中市","潭子區","0","0","0","6","","","50","","","","","","","","","","","","","","","","","","","","B12","","","1","","2","","","23","","1","22","","B12","24.207634","120.710665","3"
"2019","7","6","11","45","臺中市","太平區","0","0","0","6","","","50","","","","","","","","","","","","","","","","","","","","B12","","","1","","2","","","4","","1","4","","B12","24.14099","120.711748","3"
"2019","7","6","11","50","臺中市","南區","0","0","0","6","1","5","50","3","1","1","5","4","5","7","4","4","10","5","5","2","13","23","3","10","1","1","B01","7","6","1","4","2","1","","23","23","1","9","8","B01","24.127771","120.656118","3"
"2019","7","6","11","53","臺中市","北區","0","1","0","6","1","5","50","3","1","1","4","4","5","7","4","4","10","5","5","2","17","9","3","10","1","1","B03","7","6","1","8","2","2","","9","9","1","21","8","B03","24.153055","120.686666","2"
"2019","7","6","11","54","臺中市","北區","0","2","0","6","1","5","50","4","1","1","4","4","5","7","1","1","10","5","5","2","11","6","2","9","1","1","C03","7","5","1","10","2","14","","6","6","1","22","8","C03","24.150031","120.676403","2"
"2019","7","6","11","54","臺中市","西屯區","0","0","0","6","","","40","","","","","","","","","","","","","","","","","","","","B03","","","1","","2","","","12","","1","","","B03","24.184455","120.621101","3"
"2019","7","6","11","55","臺中市","清水區","0","0","0","6","1","5","70","","","","","","","","","","","","","","","23","","","","","B03","","","1","","2","","","23","23","1","21","","B03","24.281728","120.581118","3"
"2019","7","6","11","55","臺中市","梧棲區","0","1","0","6","1","5","50","5","1","1","4","4","5","7","4","4","10","5","5","2","15","23","3","10","1","1","B12","7","9","1","8","2","5","","6","23","1","5","8","B12","24.242481","120.544571","2"
"2019","7","6","11","59","臺中市","西屯區","0","1","0","6","1","5","40","14","8","1","4","4","5","7","4","4","5","5","4","2","13","23","2","9","3","4","C03","7","9","1","10","2","11","","23","23","1","22","8","C03","24.162154","120.654466","2"
"2019","7","6","12","5","臺中市","北屯區","0","0","0","6","","","50","","","","","","","","","","","","","","","","","","","","B03","","","1","","2","","","23","","1","5","","B03","24.164963","120.696248","3"
"2019","7","6","12","8","臺中市","龍井區","0","1","0","6","1","5","40","3","1","1","4","4","5","7","2","1","10","5","5","2","13","23","2","9","1","1","C03","7","9","1","10","2","11","","23","23","1","21","8","C03","24.192319","120.580025","2"
"2019","7","6","12","8","臺中市","清水區","0","0","0","6","","","50","","","","","","","","","","","","","","","","","","","","B12","","","1","","9","","","7","","2","22","","B12","24.2684757","120.5661512","3"
"2019","7","6","12","15","臺中市","南屯區","0","1","0","6","1","5","50","3","2","1","4","4","5","7","4","4","10","5","5","2","16","6","2","9","1","1","C03","7","5","1","10","2","12","","6","6","1","21","8","C03","24.146415","120.608506","2"
"2019","7","6","12","17","臺中市","大里區","0","0","0","6","","","10","","","","","","","","","","","","","","","","","","","","B03","","","1","","2","","","12","","1","4","","B03","24.114969","120.676261","3"
"2019","7","6","12","17","臺中市","豐原區","0","0","0","6","","","50","","","","","","","","","","","","","","","6","","","","","B03","","","1","","2","","","6","6","1","4","","B03","24.250323","120.708482","3"
"2019","7","6","12","20","臺中市","西屯區","0","0","0","6","","","80","","","","","","","","","","","","","","","","","","","","B03","","","1","","2","","","42","","1","22","","B03","24.200993","120.66173","3"
"2019","7","6","12","21","臺中市","西屯區","0","1","0","6","1","5","50","4","1","1","4","4","5","7","1","1","10","5","5","2","16","43","3","10","1","1","B03","7","5","1","8","2","1","","43","43","1","21","8","B03","24.18225","120.642546","2"
"2019","7","6","12","25","臺中市","南屯區","0","0","0","6","1","5","50","4","1","1","4","4","5","7","4","4","10","5","5","2","16","6","3","10","1","1","B02","7","6","1","8","2","5","5","6","6","1","3","3","B02","24.148791","120.639497","3"
"2019","7","6","12","27","臺中市","西屯區","0","0","0","6","","","40","","","","","","","","","","","","","","","","","","","","B12","","","1","","2","","","12","","1","","","B12","24.19357","120.617518","3"
"2019","7","6","12","28","臺中市","西區","0","0","0","6","","","40","","","","","","","","","","","","","","","","","","","","B03","","","1","","2","","","40","","1","21","","B03","24.156957","120.664707","3"
"2019","7","6","12","28","臺中市","沙鹿區","0","0","0","6","","","40","","","","","","","","","","","","","","","","","","","","A11","","","1","","2","","","18","","1","10","","A11","24.21215","120.578194","3"
"2019","7","6","12","31","臺中市","大雅區","0","0","0","6","","","40","","","","","","","","","","","","","","","","","","","","B03","","","1","","1","","","17","","","","","B03","24.226933","120.652379","3"
"2019","7","6","12","35","臺中市","北屯區","0","0","0","8","","","50","","","","","","","","","","","","","","","","","","","","B03","","","1","","2","","","42","","1","5","","B03","24.162699","120.693096","3"
"2019","7","6","12","35","臺中市","大雅區","0","2","0","6","1","5","50","14","8","1","4","4","5","6","4","4","3","4","4","1","17","40","3","10","1","1","B12","7","13","1","8","2","4","","40","40","1","21","8","B12","24.211089","120.650509","2"
"2019","7","6","12","36","臺中市","北屯區","0","0","0","6","","","50","","","","","","","","","","","","","","","23","","","","","B03","","","1","","2","","","23","23","1","21","","B03","24.194012","120.681956","3"
"2019","7","6","12","38","臺中市","神岡區","0","0","0","","","","","","","","","","","","","","","","","","","","","","","","B12","","","1","","2","","","17","","1","21","","B12","","","3"
"2019","7","6","12","39","臺中市","潭子區","0","0","0","6","","","40","","","","","","","","","","","","","","","","","","","","A12","","","1","","2","","","42","","","","","A12","24.200011","120.707225","3"
"2019","7","6","12","40","臺中市","大雅區","0","2","0","6","1","5","50","14","7","1","4","4","5","7","4","4","4","4","4","1","12","23","2","9","1","1","C03","7","9","1","8","2","12","","23","23","1","22","9","C03","24.21569","120.635655","2"
"2019","7","6","12","42","臺中市","西屯區","0","0","0","6","","","40","","","","","","","","","","","","","","","","","","","","B03","","","1","","2","","","23","","1","22","","B03","24.163928","120.657762","3"
"2019","7","6","12","46","臺中市","西屯區","0","3","0","8","1","5","60","4","1","1","5","4","5","7","1","1","1","4","1","2","16","9","2","9","3","4","B03","7","6","1","8","2","2","","9","9","1","22","8","B03","24.162567","120.649351","2"
"2019","7","6","12","47","臺中市","西屯區","0","1","0","6","1","5","30","4","1","1","4","4","5","7","2","1","10","5","5","2","15","23","2","8","1","1","C03","7","9","1","10","2","11","14","23","23","1","21","8","C03","24.155813","120.647128","2"
"2019","7","6","12","48","臺中市","南區","0","0","0","8","","","50","","","","","","","","","","","","","","","","","","","","B03","","","1","","2","","","6","","1","3","","B03","24.115669","120.665725","3"
"2019","7","6","12","52","臺中市","西屯區","0","0","0","6","","","50","","","","","","","","","","","","","","","","","","","","B03","","","1","","2","","","16","","1","22","","B03","24.174926","120.639038","3"
"2019","7","6","12","53","臺中市","東區","0","1","0","6","1","5","50","14","9","1","4","4","5","7","4","4","9","5","5","2","2","23","3","10","1","1","B03","7","9","1","8","2","2","","23","23","1","22","8","B03","24.134298","120.689383","2"
"2019","7","6","12","58","臺中市","潭子區","0","1","0","6","1","5","50","14","9","1","4","4","5","7","2","1","8","4","5","2","11","6","3","10","1","1","C03","7","5","1","10","2","15","","6","6","1","22","1","C03","24.206628","120.711178","2"
"2019","7","6","13","1","臺中市","潭子區","0","1","0","6","1","5","60","14","9","1","4","4","3","7","4","4","10","4","4","2","17","19","3","10","1","1","B03","7","1","1","8","2","15","","19","19","1","21","8","B03","24.190345","120.702539","2"
"2019","7","6","13","3","臺中市","北屯區","0","1","0","7","1","5","50","4","2","1","4","4","5","7","2","1","10","5","5","2","17","25","3","10","1","1","B03","7","5","1","8","11","15","","25","25","1","5","8","B03","24.164824","120.694053","2"
"2019","7","6","13","15","臺中市","沙鹿區","0","0","0","8","","","50","","","","","","","","","","","","","","","","","","","","B03","","","1","","2","","","8","","1","22","","B03","24.250452","120.565105","3"
"2019","7","6","13","15","臺中市","大雅區","0","0","0","6","","","50","","","","","","","","","","","","","","","","","","","","B03","","","1","","2","","","40","","1","21","","B03","24.222371","120.646721","3"
"2019","7","6","13","19","臺中市","南屯區","0","0","0","6","","","50","","","","","","","","","","","","","","","","","","","","B03","","","1","","2","","","23","","1","22","","B03","24.152177","120.633603","3"
"2019","7","6","13","38","臺中市","西屯區","0","1","0","7","1","5","50","5","1","1","4","4","5","7","4","4","10","5","5","2","16","6","3","10","1","1","B03","7","5","6","18","3","8","","6","6","1","21","8","B03","24.171726","120.646223","2"
"2019","7","6","13","38","臺中市","西屯區","0","1","0","6","1","5","50","4","1","1","4","4","5","7","1","1","1","4","4","2","11","8","3","10","3","4","B03","7","5","1","8","2","5","","8","8","1","22","8","B03","24.172385","120.660638","2"
"2019","7","6","13","39","臺中市","外埔區","0","0","0","6","","","40","","","","","","","","","","","","","","","","","","","","B12","","","1","","2","","","42","","1","","","B12","24.345744","120.667631","4"
"2019","7","6","13","40","臺中市","南屯區","0","1","0","6","1","5","40","14","8","1","4","4","5","7","4","4","1","4","1","2","17","19","3","10","1","1","B12","7","1","1","8","2","4","","19","19","1","21","8","B12","24.154479","120.623953","2"
"2019","7","6","13","43","臺中市","東區","0","3","0","8","1","5","50","4","1","1","5","4","5","7","4","4","10","5","5","2","15","6","2","9","1","1","C03","7","9","1","10","2","11","","6","6","1","22","8","C03","24.143393","120.689258","2"
"2019","7","6","13","44","臺中市","西屯區","0","0","0","6","","","40","","","","","","","","","","","","","","","","","","","","B03","","","1","","2","","","16","","1","22","","B03","24.166123","120.647216","3"
"2019","7","6","13","46","臺中市","南屯區","0","0","0","8","","","50","","","","","","","","","","","","","","","","3","","","","B12","","","1","","2","","","23","","1","22","","B12","24.142467","120.637226","3"
"2019","7","6","13","50","臺中市","北區","0","1","0","7","1","5","50","14","8","1","4","4","5","7","4","4","1","4","4","2","17","7","3","10","1","4","B03","7","8","1","8","2","2","","7","7","1","21","8","B03","24.162584","120.664716","2"
"2019","7","6","13","56","臺中市","北區","0","0","0","6","","","40","","","","","","","","","","","","","","","","","","","","B03","","","1","","2","","","23","","1","","","B03","24.171649","120.668252","3"
"2019","7","6","14","0","臺中市","南屯區","0","0","0","6","","","50","","","","","","","","","","","","","","","","","","","","B03","","","1","","2","","","19","","1","22","","B03","24.140949","120.649916","3"
"2019","7","6","14","10","臺中市","神岡區","0","0","0","","","","","","","","","","","","","","","","","","","","","","","","B03","","","1","","2","","","19","","1","21","","B03","","","3"
"2019","7","6","14","15","臺中市","北區","0","0","0","6","","","50","","","","","","","","","","","","","","","23","3","","","","B03","","","1","8","2","2","","23","23","","21","","B03","24.157676","120.669171","3"
"2019","7","6","14","20","臺中市","大甲區","0","0","0","6","","","70","","","","","","","","","","","","","","","","","","","","A12","","","1","","2","","","12","","1","10","","A12","24.382698","120.651943","3"
"2019","7","6","14","26","臺中市","北屯區","0","1","0","6","1","5","50","4","1","1","4","4","5","7","1","1","10","5","5","2","12","17","3","10","1","1","B12","7","9","1","8","2","2","","17","17","1","22","8","B12","24.173453","120.667213","2"
"2019","7","6","14","30","臺中市","梧棲區","0","1","0","8","1","5","40","4","1","1","5","4","5","7","3","3","10","5","5","2","15","6","2","8","1","1","C03","7","9","1","10","2","12","","6","6","1","19","8","C03","24.234546","120.540078","2"
"2019","7","6","14","37","臺中市","北屯區","0","0","0","6","","","50","","","","","","","","","","","","","","","","","","","","B12","","","1","","2","","","23","","1","20","","B12","24.1629","120.6929","3"
"2019","7","6","14","40","臺中市","北區","0","0","0","6","","","50","","","","","","","","","","","","","","","","","","","","B12","","","6","","2","","","23","","1","22","","B12","24.152062","120.685146","3"
"2019","7","6","14","45","臺中市","北區","0","1","0","6","1","5","50","14","7","1","4","4","5","7","4","4","5","4","5","2","18","23","2","9","1","1","C04","7","9","1","10","2","14","","23","23","1","21","8","C04","24.171666","120.668333","2"
"2019","7","6","14","49","臺中市","潭子區","0","2","0","6","1","5","50","14","9","1","4","4","3","7","4","4","10","4","5","1","15","23","2","9","1","1","C03","7","9","1","10","2","11","","23","23","1","22","1","C03","24.215053","120.69085","2"
"2019","7","6","14","50","臺中市","北區","0","1","0","6","1","5","50","5","1","1","4","4","5","7","1","1","10","5","5","2","16","25","3","10","1","1","B03","7","5","1","8","2","2","","25","25","1","22","8","B03","24.154805","120.68632","2"
"2019","7","6","14","53","臺中市","沙鹿區","0","1","0","7","1","5","50","14","7","1","5","4","5","7","4","4","9","5","4","2","17","10","3","10","1","1","B01","7","11","1","2","2","15","","10","10","1","21","8","B01","24.21293","120.580167","2"
"2019","7","6","14","56","臺中市","北區","0","0","0","6","","","50","","","","","","","","","","","","","","","23","3","","","","B12","","","1","8","2","8","","23","23","","21","","B12","24.165307","120.685113","3"
"2019","7","6","15","10","臺中市","大甲區","0","1","0","6","1","5","50","4","1","1","4","4","5","7","4","4","10","5","5","2","17","6","3","10","1","1","B03","7","9","1","8","2","1","","6","6","1","22","6","B03","24.349499","120.620959","2"
"2019","7","6","15","11","臺中市","龍井區","0","1","0","6","1","5","50","3","1","1","4","4","5","7","4","4","10","5","5","2","17","42","2","7","1","1","C03","7","9","1","10","2","14","","42","42","1","21","8","C03","24.180752","120.589099","2"
"2019","7","6","15","17","臺中市","沙鹿區","0","0","0","8","","","40","","","","","","","","","","","","","","","","","","","","B03","","","1","","2","","","23","","1","5","","B03","24.25046","120.597406","3"
"2019","7","6","15","18","臺中市","西區","0","1","0","6","1","5","50","3","1","1","4","4","5","7","4","4","5","4","5","2","14","12","3","10","1","1","B03","7","2","1","8","2","3","","12","12","1","21","5","B03","24.153115","120.661712","2"
"2019","7","6","15","19","臺中市","北區","0","0","0","6","","","50","","","","","","","","","","","","","","","","","","","","B03","","","6","","2","","","23","","1","22","","B03","24.162651","120.669081","3"
"2019","7","6","15","21","臺中市","西區","0","1","0","7","1","5","50","3","1","1","4","4","5","7","3","1","1","4","4","2","16","9","3","10","1","1","B03","7","6","1","8","2","2","","9","9","1","22","8","B03","24.15422","120.657731","2"
"2019","7","6","15","25","臺中市","北區","0","1","0","6","1","5","50","4","1","1","4","4","5","7","1","1","10","5","5","2","16","6","3","10","1","1","C03","7","7","1","10","2","13","","6","6","1","5","8","C03","24.152161","120.679823","2"
"2019","7","6","15","40","臺中市","南區","0","2","0","6","1","5","50","5","1","1","4","4","5","7","2","1","10","5","5","2","12","25","3","10","1","1","B03","7","9","1","8","2","8","","25","25","1","22","8","B03","24.126377","120.677706","2"
"2019","7","6","15","43","臺中市","南屯區","0","1","0","6","1","5","50","4","1","1","4","4","5","7","4","4","10","5","5","2","15","6","2","9","1","1","C03","7","9","1","10","2","12","","6","6","1","22","8","C03","24.143832","120.653949","2"
"2019","7","6","15","45","臺中市","后里區","0","1","0","6","1","5","60","4","1","1","4","4","5","7","1","1","10","5","5","2","16","8","2","9","1","1","C03","7","5","1","10","2","14","","8","8","1","21","8","C03","24.314651","120.67993","2"
"2019","7","6","16","10","臺中市","西屯區","0","0","0","8","","","50","","","","","","","","","","","","","","","","","","","","B03","","","1","","2","","","23","","1","","","B03","24.170565","120.63793","3"
"2019","7","6","16","10","臺中市","沙鹿區","0","2","0","8","1","5","50","14","7","1","5","4","5","7","4","4","3","4","4","2","16","43","2","9","2","5","F01","7","9","8","20","8","15","","43","43","1","22","9","F01","24.247453","120.56324","2"
"2019","7","6","16","17","臺中市","北區","0","0","0","8","","","50","","","","","","","","","","","","","","","","","","","","C03","","","1","","2","","","6","","1","22","","C03","24.1592","120.6662","3"
"2019","7","6","16","20","臺中市","清水區","0","0","0","","","","70","","","","","","","","","","","","","","","23","","","","","B03","","","1","","2","","","23","23","1","5","","B03","24.264335","120.56327","3"
"2019","7","6","16","20","臺中市","清水區","0","0","0","","","","50","","","","","","","","","","","","","","","6","","","","","B03","","","1","","2","","","6","6","1","5","","B03","24.264335","120.56327","3"
"2019","7","6","16","21","臺中市","西屯區","0","0","0","8","","","50","","","","","","","","","","","","","","","","","","","","B03","","","1","","2","","","6","","1","4","","B03","24.160519","120.645405","3"
"2019","7","6","16","21","臺中市","潭子區","0","0","0","6","","","50","","","","","","","","","","","","","","","","","","","","F03","","","1","","2","","","23","","1","","","F03","24.204238","120.726761","3"
"2019","7","6","16","26","臺中市","北區","0","1","0","6","2","5","50","3","1","1","4","4","5","7","2","1","10","5","5","2","17","26","3","10","1","1","B03","7","11","1","8","2","15","","26","26","1","22","8","B03","24.1552","120.6817","2"
"2019","7","6","16","28","臺中市","中區","0","1","0","7","1","5","50","3","1","1","4","4","5","7","4","4","10","5","5","2","17","7","3","10","3","4","B03","7","8","1","8","2","15","","7","7","1","21","8","B03","24.136317","120.681723","2"
"2019","7","6","16","34","臺中市","北區","0","0","0","6","","","50","","","","","","","","","","","","","","","23","","","","","B03","","","1","","2","","","38","23","1","5","","B03","24.164424","120.684953","3"
"2019","7","6","16","40","臺中市","南屯區","0","0","0","8","","","40","","","","","","","","","","","","","","","","","","","","B03","","","1","","2","","","6","","1","22","","B03","24.145086","120.612092","3"
"2019","7","6","16","49","臺中市","北區","0","0","0","8","","","50","","","","","","","","","","","","","","","","","","","","B03","","","1","","2","","","23","","1","22","","B03","24.16554","120.676633","3"
"2019","7","6","16","56","臺中市","北區","0","0","0","6","","","50","","","","","","","","","","","","","","","","","","","","B03","","","1","","2","","","23","","1","22","","B03","24.161905","120.680939","3"
"2019","7","6","17","8","臺中市","西屯區","0","1","0","7","2","5","50","14","9","1","4","4","5","7","4","4","10","5","5","2","12","6","3","10","1","1","B03","7","6","1","8","2","2","","6","6","1","21","8","B03","24.181271","120.624538","2"
"2019","7","6","17","10","臺中市","東勢區","0","0","0","6","","","60","","","","","","","","","","","","","","","","","","","","B03","","","1","","2","","","12","","1","","","B03","24.281881","120.810481","3"
"2019","7","6","17","18","臺中市","北區","0","1","0","6","1","5","50","4","1","1","4","4","5","7","1","1","10","5","5","2","16","6","3","10","1","1","C03","7","5","1","10","2","13","","6","6","1","5","8","C03","24.154328","120.668031","2"
"2019","7","6","17","18","臺中市","南屯區","0","1","0","7","1","5","50","4","2","1","5","4","5","7","2","1","9","4","4","2","12","6","3","10","1","1","B03","7","6","1","8","2","2","","6","6","1","22","8","B03","24.151193","120.640478","2"
"2019","7","6","17","18","臺中市","西屯區","0","1","0","8","2","5","50","14","8","1","5","4","5","7","4","4","5","5","4","2","16","7","3","10","1","1","B03","7","8","1","8","2","2","","7","7","1","4","8","B03","24.178656","120.637401","2"
"2019","7","6","17","19","臺中市","西區","0","0","0","8","","","50","","","","","","","","","","","","","","","","","","","","B03","","","1","","2","","","16","","1","22","","B03","24.140065","120.656718","3"
"2019","7","6","17","23","臺中市","西屯區","0","1","0","7","1","5","70","3","1","1","4","4","5","7","4","4","1","4","5","2","16","6","3","10","1","1","B03","7","6","1","8","2","6","","6","6","1","21","8","B03","24.177673","120.626523","2"
"2019","7","6","17","25","臺中市","北區","0","2","0","8","1","5","50","3","1","1","5","4","5","7","2","1","4","2","5","2","16","8","2","9","3","4","C03","7","5","1","10","2","14","","8","8","1","22","9","C03","24.148818","120.687121","2"
"2019","7","6","17","26","臺中市","北區","0","0","0","","","","","","","","","","","","","","","","","","","","","","","","B03","","","1","","2","","","12","","1","22","","B03","24.1551","120.686","3"
"2019","7","6","17","27","臺中市","石岡區","0","0","0","8","1","5","70","14","7","1","5","4","5","7","4","4","1","4","4","1","13","23","3","10","1","1","B03","7","9","1","8","2","1","","23","23","1","9","8","B03","24.277112","120.761253","3"
"2019","7","6","17","28","臺中市","太平區","0","1","0","7","2","5","40","14","9","1","4","4","5","7","4","4","10","5","5","2","17","23","2","9","1","1","C03","7","9","1","10","8","11","","23","23","1","20","8","C03","24.147011","120.736789","2"
"2019","7","6","17","33","臺中市","北區","0","2","0","6","2","5","50","4","1","1","4","4","5","7","2","1","10","5","5","2","17","23","3","10","1","1","B03","7","5","1","8","2","8","","23","23","1","22","8","B03","24.1462","120.686","2"
"2019","7","6","17","43","臺中市","潭子區","0","1","0","6","2","5","40","3","1","1","4","4","5","7","4","4","10","5","5","2","17","6","2","9","1","1","C03","7","5","2","18","2","14","","6","6","2","21","8","C03","24.204233","120.726775","2"
"2019","7","6","17","45","臺中市","潭子區","0","0","0","6","","","50","","","","","","","","","","","","","","","","","","","","B03","","","1","","2","","","7","","1","19","","B03","24.200834","120.708819","3"
"2019","7","6","17","47","臺中市","西區","0","0","0","8","","","50","","","","","","","","","","","","","","","","","","","","B03","","","1","","2","","","7","","1","22","","B03","24.151253","120.670454","3"
"2019","7","6","17","56","臺中市","西屯區","0","1","0","7","2","5","40","14","7","1","5","4","5","7","4","4","9","4","4","2","16","19","2","9","1","1","C03","7","1","1","10","2","11","","19","19","1","21","8","C03","24.166635","120.661155","2"
"2019","7","6","17","56","臺中市","梧棲區","0","0","0","6","","","50","","","","","","","","","","","","","","","","","","","","B03","","","1","","2","","","12","","1","3","","B03","24.254728","120.528661","4"
"2019","7","6","18","0","臺中市","大里區","0","1","0","6","2","5","50","4","1","1","4","4","5","7","1","3","10","5","5","2","16","6","2","9","1","1","C03","7","9","1","10","2","11","","6","6","1","21","8","C03","24.10759","120.691774","2"
"2019","7","6","18","9","臺中市","北區","0","0","0","8","","","50","","","","","","","","","","","","","","","","","","","","B03","","","1","","2","","","23","","1","5","","B03","24.160334","120.681901","3"
"2019","7","6","18","12","臺中市","神岡區","0","0","0","8","","","50","","","","","","","","","","","","","","","23","","","","","B02","","","1","","2","","","23","23","1","22","","B02","24.248803","120.698188","3"
"2019","7","6","18","13","臺中市","西屯區","0","1","0","8","3","5","40","4","1","1","5","4","5","7","1","1","10","5","5","2","17","23","2","9","1","1","C03","7","9","1","8","2","12","","23","23","1","4","8","C03","24.1846","120.626092","2"
"2019","7","6","18","29","臺中市","霧峰區","0","0","0","8","","","50","","","","","","","","","","","","","","","","","","","","B03","","","1","","2","","","42","","1","21","","B03","24.071482","120.712947","3"
"2019","7","6","18","30","臺中市","北區","0","0","0","8","","","50","","","","","","","","","","","","","","","","","","","","B03","","","1","","2","","","12","","1","22","","B03","24.166203","120.673373","3"
"2019","7","6","18","30","臺中市","太平區","0","1","0","6","2","5","50","14","9","1","4","4","5","7","4","4","5","4","5","2","18","43","2","9","1","1","C03","7","9","1","10","2","14","","43","43","1","21","8","C03","24.115822","120.719537","2"
"2019","7","6","18","32","臺中市","龍井區","0","1","0","7","2","5","40","4","1","1","4","4","5","7","4","4","10","5","5","2","16","6","3","10","1","1","B03","7","5","1","8","2","5","","6","6","1","21","8","B03","24.178766","120.582956","2"
"2019","7","6","18","33","臺中市","南區","0","1","0","7","3","5","50","4","2","1","4","4","5","7","1","1","10","5","5","2","18","23","2","9","1","1","C03","7","9","1","10","2","12","","23","23","1","5","8","C03","24.128129","120.678334","2"
"2019","7","6","18","40","臺中市","北屯區","0","0","0","8","","","50","","","","","","","","","","","","","","","","","","","","B03","","","1","","2","","","12","","1","21","","B03","24.1758","120.687848","3"
"2019","7","6","18","40","臺中市","大雅區","0","0","0","8","","","50","","","","","","","","","","","","","","","","","","","","B03","","","1","","2","","","23","","1","21","","B03","24.240759","120.63063","3"
"2019","7","6","18","40","臺中市","大雅區","0","0","0","8","","","50","","","","","","","","","","","","","","","","","","","","A05","","","1","","2","","","7","","1","22","","A05","24.241285","120.629929","3"
"2019","7","6","18","45","臺中市","太平區","0","0","0","8","","","50","","","","","","","","","","","","","","","","","","","","B03","","","1","","2","","","23","","1","9","","B03","24.149571","120.71342","3"
"2019","7","6","19","0","臺中市","西屯區","0","0","0","8","","","40","","","","","","","","","","","","","","","","","","","","B03","","","1","","2","","","42","","1","","","B03","24.187793","120.646185","3"
"2019","7","6","19","0","臺中市","太平區","0","1","0","7","3","5","40","4","1","1","4","4","5","7","4","4","10","5","5","2","16","6","3","10","1","1","C03","7","5","1","10","2","14","","6","6","1","21","8","C03","24.150532","120.708924","2"
"2019","7","6","19","20","臺中市","南屯區","0","1","0","8","3","5","50","14","9","1","5","4","5","7","4","4","9","5","5","2","17","4","3","10","1","1","B03","7","1","1","8","2","8","","19","4","1","22","9","B03","24.146439","120.611308","2"
"2019","7","6","19","25","臺中市","北區","0","1","0","8","3","5","50","14","7","1","5","4","5","7","4","4","1","4","4","2","12","7","3","10","3","4","B03","7","7","1","8","2","7","","7","7","1","22","9","B03","24.164171","120.674153","2"
"2019","7","6","19","39","臺中市","北區","0","2","0","7","1","5","50","14","7","1","4","4","5","7","4","4","5","5","4","2","16","7","2","9","1","1","C03","7","7","1","10","2","12","","7","7","1","5","8","C03","24.159115","120.682938","2"
"2019","7","6","19","44","臺中市","北屯區","0","0","0","","3","7","40","14","16","1","4","4","5","7","4","4","10","3","5","1","13","16","3","10","1","1","B03","7","9","1","8","2","1","","16","16","1","21","8","B03","24.201154","120.667758","3"
"2019","7","6","19","44","臺中市","太平區","0","0","0","8","","","40","","","","","","","","","","","","","","","60","","","","","B12","","","1","","2","","","38","60","1","21","","B12","24.148618","120.716882","3"
"2019","7","6","19","52","臺中市","西屯區","0","0","0","8","","","50","","","","","","","","","","","","","","","","","","","","B03","","","1","","2","","","26","","1","","","B03","24.168599","120.641707","3"
"2019","7","6","19","58","臺中市","沙鹿區","0","0","0","8","","","50","","","","","","","","","","","","","","","","","","","","B03","","","1","","2","","","10","","1","9","","B03","24.224193","120.576344","3"
"2019","7","6","20","4","臺中市","龍井區","0","0","0","","","","","","","","","","","","","","","","","","","","","","","","C03","","","1","","2","","","25","","1","","","C03","24.181557","120.574676","3"
"2019","7","6","20","16","臺中市","北區","0","1","0","6","3","5","50","5","1","1","4","4","5","7","2","1","10","5","5","2","16","26","3","10","1","1","B01","7","5","1","8","2","1","","26","26","1","22","8","B01","24.1588","120.6909","2"
"2019","7","6","20","23","臺中市","沙鹿區","0","1","0","7","3","5","40","4","2","1","5","4","5","7","1","1","3","4","2","2","16","23","2","1","1","1","B03","7","15","1","8","2","6","","42","23","1","9","9","B03","24.202439","120.568749","2"
"2019","7","6","20","31","臺中市","南屯區","0","0","0","6","3","5","50","14","9","1","4","1","5","7","4","4","1","4","5","2","13","23","3","10","1","1","B03","7","9","1","8","2","1","","23","23","1","22","8","B03","24.14414","120.644667","3"
"2019","7","6","20","36","臺中市","北屯區","0","0","0","6","","","50","","","","","","","","","","","","","","","","","","","","C03","","","1","","3","","","23","","","5","","C03","24.176384","120.690364","3"
"2019","7","6","20","47","臺中市","西區","0","0","0","","","","","","","","","","","","","","","","","","","","","","","","B03","","","1","","2","","","23","","1","22","","B03","24.147861","120.659855","3"