"年","月","日","時","分","縣市","區","死","受傷","2-30","天候","光線","道路類別","速限","道路型態","事故位置","路面鋪裝","路面狀態","路面缺陷","障礙物","視距","號誌種類","號誌動作","分向設施","快車道或一般車道間","快慢車道間","路面邊線","事故類型及型態","主要肇因","受傷程度","主要傷處","保護裝備","行動電話","當事者區分_類別","車輛用途","當事者行動狀態","駕駛資格情形","駕駛執照種類","飲酒情形","車輛撞擊部位最初","車輛撞擊部位其他","肇事因素個別","肇事因素主要","肇事逃逸","職業","旅次目的","車種","GPS座標_緯度","GPS座標_經度","事故類別"
"2019","7","6","20","50","臺中市","西屯區","0","1","0","6","3","5","40","3","2","1","4","4","5","7","4","4","10","4","4","2","18","42","2","9","1","1","C03","7","9","1","10","2","14","","42","42","1","21","8","C03","24.1719","120.646373","2"
"2019","7","6","20","54","臺中市","北區","0","0","0","6","","","50","","","","","","","","","","","","","","","","","","","","B12","","","1","","2","","","7","","1","22","","B12","24.154473","120.686081","4"
"2019","7","6","20","55","臺中市","東區","0","0","0","","","","","","","","","","","","","","","","","","","","","","","","B03","","","1","","2","","","23","","1","5","","B03","24.144515","120.703961","3"
"2019","7","6","21","2","臺中市","太平區","0","2","0","6","3","5","50","14","7","1","4","4","5","7","4","4","5","5","4","2","9","60","2","1","4","5","H01","8","16","8","20","10","16","","60","60","1","9","1","H01","24.149288","120.703313","2"
"2019","7","6","21","22","臺中市","大里區","0","0","0","8","3","5","60","14","12","1","4","4","5","7","4","4","1","4","4","1","27","23","3","10","1","1","C03","7","9","1","10","2","11","","23","23","1","5","8","C03","24.074068","120.691641","3"
"2019","7","6","21","31","臺中市","北區","0","0","0","6","","","50","","","","","","","","","","","","","","","","","","","","B03","","","1","","2","","","7","","1","5","","B03","24.146691","120.686207","3"
"2019","7","6","21","35","臺中市","太平區","0","0","0","8","","","50","","","","","","","","","","","","","","","","","","","","B01","","","1","","2","","","23","","1","10","","B01","24.118374","120.723313","3"
"2019","7","6","21","51","臺中市","西區","0","2","0","8","3","5","50","3","1","1","5","4","5","7","4","4","10","5","5","2","3","51","2","9","1","1","H01","8","16","8","20","10","16","","51","51","1","20","9","H01","24.14538","120.650676","2"
"2019","7","6","21","52","臺中市","北區","0","0","0","8","","","50","","","","","","","","","","","","","","","","","","","","B03","","","1","","2","","","23","","1","22","","B03","24.1522","120.6771","3"
"2019","7","6","22","11","臺中市","北區","0","1","0","7","3","5","50","4","1","1","4","4","5","7","4","4","10","5","5","2","18","13","2","9","1","1","C03","7","9","1","10","2","12","","13","13","1","22","9","C03","24.146203","120.674541","2"
"2019","7","6","22","25","臺中市","西屯區","0","1","0","7","3","5","50","4","1","1","4","4","5","7","2","1","10","5","5","2","16","23","3","10","1","1","B03","7","5","1","8","2","8","","23","23","1","21","8","B03","24.164289","120.642485","2"
"2019","7","6","22","31","臺中市","南屯區","0","0","0","8","","","40","","","","","","","","","","","","","","","","","","","","B03","","","1","","2","","","17","","1","22","","B03","24.154118","120.648196","3"
"2019","7","6","23","0","臺中市","龍井區","0","0","0","8","","","70","","","","","","","","","","","","","","","","","","","","B03","","","1","","2","","","43","","1","5","","B03","24.203444","120.538513","3"
"2019","7","6","23","14","臺中市","北區","0","0","0","8","","","40","","","","","","","","","","","","","","","","","","","","B02","","","1","","2","","","12","","1","5","","B02","24.14796","120.68403","3"
"2019","7","6","23","20","臺中市","大雅區","0","0","0","8","","","50","","","","","","","","","","","","","","","","","","","","B03","","","1","","2","","","23","","1","22","","B03","24.22578","120.64598","3"
"2019","7","6","23","34","臺中市","沙鹿區","0","1","0","8","3","5","50","4","1","1","5","4","5","4","3","1","10","5","5","2","15","6","3","10","1","1","B03","7","9","1","8","2","1","","6","6","1","21","8","B03","24.240529","120.617193","2"
"2019","7","6","23","35","臺中市","豐原區","0","0","0","8","","","50","","","","","","","","","","","","","","","","","","","","B03","","","1","","9","","","23","","2","21","","B03","24.253463","120.726015","3"
"2019","7","6","23","36","臺中市","豐原區","0","0","0","8","","","50","","","","","","","","","","","","","","","","","","","","B03","","","1","","9","","","19","","1","22","","B03","24.250925","120.724638","3"
"2019","7","7","0","21","臺中市","太平區","0","0","0","8","","","50","","","","","","","","","","","","","","","","","","","","C03","","","2","","2","","","13","","1","9","","C03","24.124065","120.71712","3"
"2019","7","7","1","20","臺中市","大安區","0","1","0","8","3","7","90","14","9","1","5","4","5","7","4","4","1","4","4","1","18","43","2","9","1","1","C02","7","9","1","9","2","11","","43","43","1","21","8","C02","24.349966","120.578186","2"
"2019","7","7","2","7","臺中市","中區","0","0","0","8","","","40","","","","","","","","","","","","","","","","","","","","B03","","","1","","2","","","12","","1","21","","B03","24.146192","120.6779","3"
"2019","7","7","2","57","臺中市","北區","0","0","0","8","","","50","","","","","","","","","","","","","","","","","","","","B12","","","1","","11","","","23","","2","","","B12","24.164836","120.672409","3"
"2019","7","7","5","10","臺中市","后里區","0","0","0","8","","","50","","","","","","","","","","","","","","","","","","","","B03","","","1","","2","","","12","","1","22","","B03","24.310597","120.711498","3"
"2019","7","7","5","21","臺中市","大雅區","0","0","0","8","1","5","50","4","1","1","5","4","5","7","1","1","10","5","5","2","15","","","","","","C03","","","3","","2","","","25","","1","","","C03","24.22668","120.648289","3"
"2019","7","7","5","30","臺中市","石岡區","0","1","0","8","1","5","70","14","13","1","5","4","5","7","4","4","1","4","4","1","17","23","2","9","1","1","B03","7","9","1","8","2","1","","23","23","1","9","8","B03","24.269315","120.800108","2"
"2019","7","7","5","32","臺中市","中區","0","1","0","8","2","5","50","4","1","1","5","4","5","7","3","1","10","5","5","2","15","6","3","10","1","1","B03","7","9","1","8","2","4","","6","6","1","8","9","B03","24.145568","120.679161","2"
"2019","7","7","5","55","臺中市","南區","0","0","0","8","1","5","50","4","1","1","5","4","5","7","1","1","10","5","5","2","15","42","3","10","1","1","C03","7","9","1","10","2","11","","42","42","1","21","8","C03","24.12686","120.662761","3"
"2019","7","7","6","5","臺中市","梧棲區","0","2","0","8","2","5","40","3","2","1","5","4","5","7","1","1","10","5","5","2","13","23","2","9","1","1","C03","7","9","1","9","4","11","","23","23","1","9","8","C03","24.245933","120.547828","2"
"2019","7","7","6","15","臺中市","南屯區","0","1","0","8","1","5","40","14","8","1","5","4","5","7","4","4","5","5","4","2","17","23","2","9","3","4","C03","7","9","1","10","2","11","","23","23","1","22","8","C03","24.151255","120.612446","2"
"2019","7","7","6","27","臺中市","西區","0","2","0","8","1","5","40","4","1","1","5","4","5","7","1","1","10","5","5","2","16","6","2","9","1","1","C03","7","5","1","10","2","12","","6","6","1","21","8","C03","24.14132","120.672757","2"
"2019","7","7","7","22","臺中市","西區","0","0","0","","","","","","","","","","","","","","","","","","","","","","","","","","","","","","","","","","","","","","","","3"
"2019","7","7","7","22","臺中市","西區","0","0","0","8","1","5","50","4","1","1","5","4","5","7","4","4","10","5","5","2","16","","","","","","B03","","","1","","2","","","10","","1","5","","B03","24.14672","120.659495","3"
"2019","7","7","7","24","臺中市","西區","0","1","0","8","1","5","50","3","1","1","5","4","5","7","4","4","10","5","5","2","16","6","2","9","1","1","C03","7","5","1","10","2","11","","6","6","1","21","8","C03","24.140673","120.668838","2"
"2019","7","7","7","46","臺中市","沙鹿區","0","0","0","8","","","60","","","","","","","","","","","","","","","","","","","","B03","","","1","","2","","","26","","1","21","","B03","24.250096","120.57955","3"
"2019","7","7","7","58","臺中市","外埔區","0","1","0","8","1","5","40","3","1","1","5","4","5","7","4","4","10","5","5","2","16","6","3","10","1","4","A12","7","5","1","7","2","8","","6","6","1","22","8","A12","24.347771","120.706811","2"
"2019","7","7","8","24","臺中市","西屯區","0","1","0","8","1","5","50","4","9","1","5","4","5","7","1","1","1","4","5","2","18","43","2","9","3","4","C03","7","9","1","10","2","12","","43","43","1","22","8","C03","24.17317","120.667009","2"
"2019","7","7","8","57","臺中市","霧峰區","0","1","0","8","1","5","40","3","2","1","5","4","5","7","4","4","10","5","5","2","18","23","2","9","1","1","C03","7","5","1","10","2","14","","23","23","1","5","5","C03","24.053651","120.70072","2"
"2019","7","7","8","59","臺中市","北區","0","1","0","8","1","5","50","14","9","1","5","4","5","7","4","4","1","5","5","2","13","16","2","9","1","1","C03","7","9","1","10","2","11","","16","16","1","22","8","C03","24.165505","120.677735","2"
"2019","7","7","9","32","臺中市","北區","0","0","0","8","","","50","","","","","","","","","","","","","","","43","3","","","","B03","","","1","8","2","15","","43","43","","21","","B03","24.15874","120.673053","3"
"2019","7","7","9","38","臺中市","烏日區","0","0","0","8","","","50","","","","","","","","","","","","","","","","","","","","A11","","","1","","2","","","16","","1","22","","A11","24.120606","120.607745","3"
"2019","7","7","9","42","臺中市","西屯區","0","4","0","8","1","5","50","3","2","1","5","4","5","7","1","1","1","2","4","2","13","23","2","1","1","1","B03","7","9","1","8","2","8","","23","23","1","22","8","B03","24.204365","120.653013","2"
"2019","7","7","9","45","臺中市","北屯區","0","0","0","8","","","50","","","","","","","","","","","","","","","","","","","","B01","","","1","","2","","","42","","1","10","","B01","24.178936","120.66802","3"
"2019","7","7","9","45","臺中市","潭子區","0","0","0","8","","","40","","","","","","","","","","","","","","","","","","","","C03","","","1","","2","","","6","","1","22","","C03","24.230148","120.713203","3"
"2019","7","7","9","47","臺中市","沙鹿區","0","1","0","8","1","5","50","4","1","1","5","4","5","7","4","4","1","4","4","1","16","6","3","10","1","1","B03","7","5","1","8","2","8","","6","6","1","3","8","B03","24.235605","120.559053","2"
"2019","7","7","9","48","臺中市","北屯區","0","3","0","8","1","5","50","4","7","1","5","4","5","7","1","1","5","5","4","2","16","8","2","9","4","1","F01","7","5","8","20","2","16","","8","8","1","5","8","F01","24.183781","120.687851","2"
"2019","7","7","9","54","臺中市","烏日區","0","2","0","8","1","5","50","14","7","1","5","4","5","7","4","4","5","4","4","2","16","26","3","10","1","1","B12","7","9","1","8","2","2","","26","26","1","10","8","B12","24.108263","120.633066","2"
"2019","7","7","9","55","臺中市","北區","0","2","0","8","1","5","50","5","9","1","5","4","5","7","1","1","10","4","5","2","17","8","2","9","1","1","C03","7","5","1","10","2","14","","8","8","1","21","8","C03","24.165125","120.677505","2"
"2019","7","7","10","8","臺中市","潭子區","0","1","0","8","1","5","60","14","9","1","5","4","5","7","4","4","9","4","4","1","17","19","3","10","1","1","B03","7","1","1","8","2","4","","19","19","1","21","8","B03","24.194298","120.702558","2"
"2019","7","7","10","15","臺中市","東區","0","1","0","8","1","5","50","14","9","1","5","4","5","7","4","4","9","4","5","2","11","17","3","10","1","1","B03","7","9","1","8","2","4","","17","17","1","5","8","B03","24.134495","120.687686","2"
"2019","7","7","10","20","臺中市","大甲區","0","0","0","8","","","50","","","","","","","","","","","","","","","","","","","","B03","","","1","","2","","","23","","1","20","","B03","24.344953","120.633648","3"
"2019","7","7","10","28","臺中市","烏日區","0","1","0","8","1","5","70","3","2","1","5","4","5","7","4","4","1","3","4","1","13","18","3","10","1","1","B03","7","3","1","8","2","3","","18","18","1","22","8","B03","24.108885","120.605563","2"
"2019","7","7","10","35","臺中市","西屯區","0","1","0","8","1","5","40","4","1","1","5","4","5","7","4","4","5","5","5","2","16","6","2","9","3","4","C03","7","9","1","10","2","11","","6","6","1","22","8","C03","24.186355","120.624373","2"
"2019","7","7","10","49","臺中市","北區","0","1","0","8","1","5","50","4","1","1","5","4","5","7","1","1","10","5","5","2","29","43","2","9","1","1","C03","7","9","1","10","2","14","","43","43","1","22","8","C03","24.171336","120.678776","2"
"2019","7","7","10","50","臺中市","北屯區","0","0","0","8","","","50","","","","","","","","","","","","","","","","","","","","C03","","","4","","2","","","7","","1","","","C03","24.171942","120.685037","3"
"2019","7","7","10","50","臺中市","霧峰區","0","0","0","8","","","40","","","","","","","","","","","","","","","","","","","","B03","","","1","","2","","","16","","1","22","","B03","24.072401","120.663038","3"
"2019","7","7","10","50","臺中市","大甲區","0","1","0","8","1","5","50","14","9","1","5","4","5","7","4","4","9","5","5","2","17","23","2","9","1","1","C03","7","9","1","10","2","11","","23","23","1","22","1","C03","24.360754","120.62398","2"
"2019","7","7","10","56","臺中市","西屯區","0","0","0","8","","","50","","","","","","","","","","","","","","","","","","","","B03","","","1","","2","","","23","","1","22","","B03","24.201706","120.656879","3"
"2019","7","7","10","56","臺中市","梧棲區","0","1","0","8","1","5","40","4","1","1","5","4","5","7","3","1","10","5","5","2","15","6","2","7","1","1","C03","7","9","1","10","2","11","","6","6","1","18","8","C03","24.255938","120.526725","2"
"2019","7","7","11","0","臺中市","南屯區","0","0","0","8","","","50","","","","","","","","","","","","","","","","","","","","B12","","","1","","2","","","44","","1","22","","B12","24.150595","120.649736","3"
"2019","7","7","11","9","臺中市","大甲區","0","0","0","8","","","50","","","","","","","","","","","","","","","","","","","","B03","","","1","","2","","","12","","1","","","B03","24.34326","120.622439","3"
"2019","7","7","11","11","臺中市","南屯區","0","1","0","8","1","5","40","3","1","1","5","4","5","7","4","4","10","5","5","2","16","6","3","10","1","1","C03","7","15","1","10","2","11","","6","6","1","21","8","C03","24.115673","120.625341","2"
"2019","7","7","11","12","臺中市","太平區","0","0","0","8","","","50","","","","","","","","","","","","","","","","","","","","C03","","","1","","2","","","16","","1","4","","C03","24.140278","120.712014","3"
"2019","7","7","11","21","臺中市","太平區","0","0","0","8","","","50","","","","","","","","","","","","","","","","","","","","B03","","","1","","2","","","23","","1","21","","B03","24.118057","120.723695","3"
"2019","7","7","11","22","臺中市","西區","0","0","0","8","","","50","","","","","","","","","","","","","","","","","","","","B03","","","1","","2","","","42","","1","","","B03","24.149034","120.662416","3"
"2019","7","7","11","30","臺中市","大里區","0","1","0","8","1","5","40","3","1","1","5","4","5","7","4","4","10","5","5","2","14","12","3","10","1","1","B03","7","2","1","8","2","3","","12","12","1","11","5","B03","24.087468","120.70208","2"
"2019","7","7","11","30","臺中市","大甲區","0","0","0","8","","","50","","","","","","","","","","","","","","","","","","","","B03","","","1","","2","","","23","","","","","B03","24.343842","120.6359","3"
"2019","7","7","11","35","臺中市","大安區","0","0","0","8","","","60","","","","","","","","","","","","","","","16","","","","","B12","","","1","","2","","","16","16","1","","","B12","24.346256","120.586579","3"
"2019","7","7","11","48","臺中市","沙鹿區","0","0","0","8","","","50","","","","","","","","","","","","","","","","","","","","C03","","","1","","2","","","6","","1","20","","C03","24.24003","120.56135","3"
"2019","7","7","11","51","臺中市","北屯區","0","1","0","8","1","5","50","5","1","1","5","4","5","7","4","4","10","5","5","2","16","23","2","8","1","1","C03","7","6","1","10","2","11","","23","23","1","5","8","C03","24.19334","120.660588","2"
"2019","7","7","12","1","臺中市","西屯區","0","0","0","8","","","60","","","","","","","","","","","","","","","","","","","","B03","","","1","","2","","","23","","1","22","","B03","24.167155","120.6416","3"
"2019","7","7","12","5","臺中市","潭子區","0","1","0","8","1","8","60","3","1","1","5","4","5","7","1","1","10","5","5","2","16","6","3","10","1","1","B03","7","6","1","8","2","2","","6","6","1","22","8","B03","24.197215","120.702683","2"
"2019","7","7","12","23","臺中市","西區","0","0","0","8","","","50","","","","","","","","","","","","","","","","","","","","B03","","","1","","2","","","9","","1","21","","B03","24.150862","120.665269","3"
"2019","7","7","12","28","臺中市","北區","0","0","0","8","","","50","","","","","","","","","","","","","","","","","","","","B12","","","1","","2","","","23","","1","","","B12","24.146239","120.686246","3"
"2019","7","7","12","45","臺中市","南屯區","0","0","0","8","","","50","","","","","","","","","","","","","","","","","","","","B03","","","1","","2","","","12","","1","19","","B03","24.134614","120.637158","3"
"2019","7","7","12","50","臺中市","南屯區","0","0","0","8","","","40","","","","","","","","","","","","","","","","","","","","A05","","","1","","2","","","23","","1","22","","A05","24.132103","120.651435","3"
"2019","7","7","12","50","臺中市","大雅區","0","2","0","8","1","5","50","14","9","1","5","4","5","7","4","4","5","5","5","1","17","1","2","8","1","1","C03","7","9","1","10","2","11","","1","1","1","21","8","C03","24.220922","120.644171","2"
"2019","7","7","13","0","臺中市","南屯區","0","0","0","8","","","60","","","","","","","","","","","","","","","","","","","","B03","","","1","","2","","","9","","1","19","","B03","24.124127","120.633142","3"
"2019","7","7","13","0","臺中市","大里區","0","2","0","8","1","5","40","4","1","1","5","4","5","7","1","1","1","2","4","1","16","6","2","7","1","1","C03","7","5","1","10","2","14","","6","6","2","18","2","C03","24.086646","120.664526","2"
"2019","7","7","13","6","臺中市","大雅區","0","1","0","8","1","5","50","14","8","1","5","4","5","7","4","4","9","4","5","1","12","10","3","10","1","1","B03","7","11","1","8","2","8","","10","10","1","22","9","B03","24.22824","120.65217","2"
"2019","7","7","13","11","臺中市","西區","0","0","0","8","","","40","","","","","","","","","","","","","","","","","","","","C03","","","1","","2","","","6","","1","22","","C03","24.154334","120.656593","3"
"2019","7","7","13","14","臺中市","太平區","0","1","0","8","1","5","40","3","1","1","5","4","5","7","4","4","10","5","5","2","16","6","2","9","1","1","C03","7","5","3","18","2","12","","6","6","1","21","8","C03","24.118348","120.718956","2"
"2019","7","7","13","15","臺中市","沙鹿區","0","1","0","8","1","5","60","14","7","1","5","4","5","7","4","4","1","4","3","2","13","23","3","10","1","1","B03","7","9","1","8","2","1","","23","23","1","19","8","B03","24.239623","120.564355","2"
"2019","7","7","13","20","臺中市","南區","0","2","0","8","1","5","50","14","9","1","5","4","5","7","4","4","10","5","5","2","13","23","2","7","1","1","C03","7","9","1","10","2","14","","23","23","1","4","8","C03","24.125023","120.670096","2"
"2019","7","7","13","30","臺中市","北屯區","0","0","0","8","","","40","","","","","","","","","","","","","","","","","","","","B03","","","1","","2","","","42","","1","5","","B03","24.164697","120.693872","3"
"2019","7","7","13","36","臺中市","東區","0","1","0","8","1","5","50","4","1","1","5","4","5","7","2","1","10","5","5","2","17","25","2","9","1","1","C03","7","9","1","10","2","11","","25","25","1","5","8","C03","24.130382","120.687258","2"
"2019","7","7","13","42","臺中市","西屯區","0","1","0","8","1","5","40","14","9","1","5","4","5","7","4","4","5","4","5","2","12","18","3","10","3","4","B03","7","3","1","8","2","2","","18","18","1","22","8","B03","24.175641","120.645723","2"
"2019","7","7","13","43","臺中市","西區","0","1","0","8","1","5","50","11","9","1","5","4","5","7","4","4","4","2","5","2","12","23","2","9","1","1","C03","7","9","1","10","2","14","","23","23","1","5","6","C03","24.154659","120.653161","2"
"2019","7","7","13","45","臺中市","南區","0","0","0","8","1","5","50","3","2","1","5","4","5","7","4","4","10","5","5","2","11","26","3","10","1","1","B11","7","4","1","8","2","4","","26","26","1","5","8","B11","24.113474","120.654414","3"
"2019","7","7","13","52","臺中市","南屯區","0","1","0","8","1","5","50","4","1","1","5","4","5","7","2","1","10","5","5","2","16","6","2","9","3","4","C03","7","5","1","10","3","12","","6","6","1","22","8","C03","24.136525","120.61038","2"
"2019","7","7","14","0","臺中市","清水區","0","0","0","8","1","5","40","4","1","1","5","4","5","7","1","1","10","5","5","2","14","12","3","10","1","1","B03","7","2","1","8","2","3","","12","12","1","5","5","B03","24.271526","120.57426","3"
"2019","7","7","14","2","臺中市","龍井區","0","0","0","","","","","","","","","","","","","","","","","","","","","","","","B03","","","1","","2","","","42","","1","22","","B03","24.186098","120.585863","3"
"2019","7","7","14","5","臺中市","清水區","0","2","0","8","1","5","60","4","1","1","5","4","5","7","1","1","10","5","5","2","16","25","3","10","1","1","B12","7","5","1","8","2","4","7","25","25","1","5","5","B12","24.281306","120.549156","2"
"2019","7","7","14","20","臺中市","大甲區","0","2","0","8","1","5","50","8","13","1","5","4","5","7","4","4","1","4","4","1","17","23","2","9","1","1","C03","7","9","1","10","2","11","","23","23","1","22","9","C03","24.329297","120.567363","2"
"2019","7","7","14","23","臺中市","西屯區","0","1","0","8","1","5","50","14","7","1","5","4","5","7","4","4","1","4","4","2","12","7","3","10","3","4","B03","7","8","1","8","2","5","","7","7","1","22","8","B03","24.196955","120.595122","2"
"2019","7","7","14","30","臺中市","神岡區","0","0","0","8","","","40","","","","","","","","","","","","","","","17","","","","","B03","","","6","","11","","","17","17","1","21","","B03","24.269508","120.673078","3"
"2019","7","7","14","36","臺中市","北屯區","0","0","0","8","","","50","","","","","","","","","","","","","","","","","","","","B03","","","1","","2","","","23","","","21","","B03","24.178495","120.738671","3"
"2019","7","7","14","40","臺中市","大甲區","0","0","0","8","","","50","","","","","","","","","","","","","","","","","","","","B03","","","1","","2","","","23","","","","","B03","24.346077","120.631776","3"
"2019","7","7","14","43","臺中市","北區","0","1","0","8","1","5","50","4","1","1","5","4","5","7","4","4","10","5","5","2","15","6","2","9","1","4","C03","7","9","1","10","2","12","","6","6","1","21","8","C03","24.15357","120.679447","2"
"2019","7","7","14","46","臺中市","北屯區","0","0","0","8","","","50","","","","","","","","","","","","","","","","","","","","B12","","","1","","2","","","23","","1","9","","B12","24.176","120.7212","3"
"2019","7","7","14","48","臺中市","西屯區","0","2","0","8","1","5","40","4","1","1","5","4","5","7","4","4","10","5","5","2","16","6","2","9","1","1","C03","7","9","1","10","2","11","","6","6","1","22","8","C03","24.180268","120.644565","2"
"2019","7","7","14","53","臺中市","南屯區","0","0","0","8","","","50","","","","","","","","","","","","","","","","","","","","C03","","","1","","2","","","23","","1","22","","C03","24.14624","120.642568","3"
"2019","7","7","14","53","臺中市","大里區","0","0","0","8","","","50","","","","","","","","","","","","","","","","","","","","C03","","","1","","2","","","26","","1","20","","C03","24.088338","120.702618","4"
"2019","7","7","14","56","臺中市","北屯區","0","0","0","","1","5","50","4","4","1","5","4","5","7","1","1","4","3","5","2","13","42","3","10","1","1","B03","7","9","1","8","2","1","","42","42","1","21","8","B03","24.180365","120.685938","3"
"2019","7","7","14","57","臺中市","北區","0","2","0","8","1","5","50","4","1","1","5","4","5","7","4","4","10","5","5","2","15","6","3","10","1","1","B03","7","9","1","8","2","1","","6","6","1","21","8","B03","24.149454","120.680202","2"
"2019","7","7","15","0","臺中市","大里區","0","0","0","8","1","5","50","14","9","1","5","4","5","7","4","4","1","4","5","1","12","17","3","10","1","1","C03","7","9","1","10","2","12","","17","17","1","5","1","C03","24.104513","120.68143","3"
"2019","7","7","15","4","臺中市","北區","0","0","0","8","","","50","","","","","","","","","","","","","","","","","","","","B12","","","1","","2","","","19","","1","22","","B12","24.14838","120.685423","3"
"2019","7","7","15","5","臺中市","南屯區","0","0","0","8","","","50","","","","","","","","","","","","","","","","","","","","B12","","","1","","2","","","16","","1","22","","B12","24.141611","120.644306","3"
"2019","7","7","15","5","臺中市","南屯區","0","0","0","8","","","50","","","","","","","","","","","","","","","","3","","","","B03","","","1","","2","","","23","","1","22","","B03","24.14685","120.643812","3"
"2019","7","7","15","7","臺中市","大甲區","0","0","0","","","","","","","","","","","","","","","","","","","","","","","","B03","","","1","","2","","","16","","1","5","","B03","24.333291","120.6152","3"
"2019","7","7","15","30","臺中市","北屯區","0","0","0","8","","","40","","","","","","","","","","","","","","","","","","","","B03","","","1","","2","","","23","","1","2","","B03","24.1902","120.6616","3"
"2019","7","7","15","30","臺中市","西屯區","0","0","0","8","","","50","","","","","","","","","","","","","","","","","","","","B03","","","1","","2","","","7","","1","","","B03","24.201218","120.664168","3"
"2019","7","7","15","30","臺中市","龍井區","0","2","0","8","1","5","50","15","22","1","5","4","5","7","4","4","3","4","4","2","16","6","3","10","1","1","B01","7","9","1","4","2","4","","6","6","1","10","4","B01","24.198071","120.514471","2"
"2019","7","7","15","35","臺中市","中區","0","2","0","8","1","5","50","14","7","1","5","4","5","7","4","4","5","5","4","2","13","23","3","10","1","1","B03","7","9","1","8","2","1","6","23","23","1","21","8","B03","24.143916","120.675423","2"
"2019","7","7","15","38","臺中市","龍井區","0","2","0","8","1","5","50","5","1","1","5","4","5","7","1","1","10","5","5","2","12","23","3","10","1","1","C03","7","4","1","10","2","12","","23","23","1","18","8","C03","24.190811","120.594249","2"
"2019","7","7","15","43","臺中市","龍井區","0","1","0","8","1","5","50","4","1","1","5","4","5","3","1","1","10","5","5","2","16","25","3","10","1","1","B03","7","5","6","18","2","4","","25","25","1","21","8","B03","24.180318","120.524125","2"
"2019","7","7","15","45","臺中市","東勢區","0","0","0","8","1","5","60","14","9","1","5","4","5","7","2","1","1","2","4","1","13","","","","","","B02","","","1","","2","","","23","","1","22","","B02","24.224156","120.837555","3"
"2019","7","7","15","46","臺中市","西屯區","0","1","0","8","2","5","50","14","9","1","5","4","5","7","4","4","9","4","5","2","16","10","3","10","1","1","B03","7","11","1","8","2","8","","10","10","1","21","8","B03","24.198968","120.626506","2"
"2019","7","7","15","48","臺中市","中區","0","0","0","8","","","50","","","","","","","","","","","","","","","","","","","","B03","","","1","","2","","","23","","1","22","","B03","24.142212","120.684412","3"
"2019","7","7","16","11","臺中市","東區","0","2","0","8","1","5","50","4","1","1","5","4","5","7","1","1","10","5","5","2","13","23","2","9","1","1","C03","7","9","1","10","2","11","","23","23","1","5","8","C03","24.13155","120.686668","2"
"2019","7","7","16","11","臺中市","南屯區","0","0","0","8","1","5","50","4","1","1","5","4","5","7","1","1","10","5","5","2","16","26","3","10","1","1","B03","7","6","1","8","2","2","","26","26","1","22","8","B03","24.129559","120.646306","3"
"2019","7","7","16","12","臺中市","南區","0","0","0","8","1","5","40","4","1","1","5","4","5","7","2","1","10","5","5","2","16","","","","","","C03","","","1","","2","","","25","","1","5","","C03","24.128646","120.668989","3"
"2019","7","7","16","12","臺中市","梧棲區","0","2","0","8","1","5","40","4","1","1","5","4","5","7","4","4","10","5","5","2","15","6","2","9","1","1","C03","7","9","1","10","2","11","","6","6","1","5","1","C03","24.245071","120.536093","2"
"2019","7","7","16","15","臺中市","大雅區","0","2","0","8","1","5","50","3","2","1","5","4","5","7","1","1","5","4","4","1","17","23","2","9","1","1","C03","7","5","2","18","2","11","","23","23","1","21","8","C03","24.216776","120.651025","2"
"2019","7","7","16","15","臺中市","神岡區","0","0","0","8","","","50","","","","","","","","","","","","","","","","","","","","B03","","","1","","2","","","17","","1","22","","B03","24.248468","120.695668","3"
"2019","7","7","16","21","臺中市","北區","0","1","0","8","1","5","50","4","1","1","5","4","5","7","1","1","10","5","5","2","16","6","2","9","1","1","C03","7","5","1","10","2","11","","6","6","1","5","8","C03","24.153492","120.680996","2"
"2019","7","7","16","25","臺中市","南屯區","0","1","0","8","1","5","50","4","1","1","5","4","5","7","1","1","10","5","5","2","17","42","2","8","1","1","C03","7","9","1","10","2","11","","42","42","1","21","9","C03","24.138892","120.649968","2"
"2019","7","7","16","28","臺中市","西區","0","0","0","8","1","5","50","3","1","1","5","4","5","7","4","4","10","5","5","2","13","","","","","","B02","","","1","","2","","","23","","1","4","","B02","24.153366","120.665088","3"
"2019","7","7","16","34","臺中市","太平區","0","3","0","8","1","5","50","4","2","1","5","4","5","7","1","1","5","4","5","1","3","51","2","9","4","1","H01","8","18","8","20","10","16","","51","51","1","13","8","H01","24.141885","120.724702","2"
"2019","7","7","16","40","臺中市","后里區","0","0","0","8","","","40","","","","","","","","","","","","","","","23","","","","","B03","","","1","","2","","","23","23","1","","","B03","24.308701","120.672781","3"
"2019","7","7","16","40","臺中市","大雅區","0","0","0","8","","","40","","","","","","","","","","","","","","","","","","","","B03","","","1","","2","","","12","","1","","","B03","24.228459","120.654309","4"
"2019","7","7","16","42","臺中市","神岡區","0","0","0","","","","","","","","","","","","","","","","","","","","","","","","B03","","","1","","1","","","12","","1","21","","B03","","","3"
"2019","7","7","16","45","臺中市","北屯區","0","0","0","8","","","50","","","","","","","","","","","","","","","","","","","","B12","","","1","","2","","","43","","1","","","B12","24.172524","120.719898","3"