"年","月","日","時","分","縣市","區","死","受傷","2-30","天候","光線","道路類別","速限","道路型態","事故位置","路面鋪裝","路面狀態","路面缺陷","障礙物","視距","號誌種類","號誌動作","分向設施","快車道或一般車道間","快慢車道間","路面邊線","事故類型及型態","主要肇因","受傷程度","主要傷處","保護裝備","行動電話","當事者區分_類別","車輛用途","當事者行動狀態","駕駛資格情形","駕駛執照種類","飲酒情形","車輛撞擊部位最初","車輛撞擊部位其他","肇事因素個別","肇事因素主要","肇事逃逸","職業","旅次目的","車種","GPS座標_緯度","GPS座標_經度","事故類別"
"2019","7","7","16","45","臺中市","清水區","0","2","0","8","1","5","50","14","9","1","5","4","5","7","4","4","5","5","5","1","9","23","2","7","4","1","F03","7","9","8","20","2","16","","23","23","1","16","8","F03","24.2663204","120.574724","2"
"2019","7","7","16","47","臺中市","神岡區","0","0","0","8","","","50","","","","","","","","","","","","","","","26","","","","","B03","","","1","","2","","","26","26","1","21","","B03","24.245936","120.698498","3"
"2019","7","7","16","50","臺中市","大甲區","0","0","0","8","","","50","","","","","","","","","","","","","","","","","","","","B03","","","1","","2","","","23","","1","21","","B03","24.344665","120.634073","3"
"2019","7","7","16","51","臺中市","南屯區","0","2","0","8","1","5","50","4","1","1","5","4","5","7","1","1","10","5","5","2","12","7","2","9","1","1","C03","7","8","1","10","2","12","","7","7","1","22","8","C03","24.140043","120.654572","2"
"2019","7","7","16","54","臺中市","潭子區","0","1","0","8","1","5","60","14","7","1","5","4","5","7","1","1","1","4","5","2","16","42","3","10","1","1","B03","7","9","1","7","2","2","","42","42","1","21","8","B03","24.224265","120.707385","2"
"2019","7","7","16","56","臺中市","外埔區","0","0","0","8","1","4","","14","13","1","5","4","5","7","4","4","4","4","5","1","14","12","3","10","1","1","B03","7","2","1","8","2","5","","12","12","1","21","8","B03","24.340936","120.635143","3"
"2019","7","7","17","4","臺中市","后里區","0","1","0","8","1","5","50","4","1","1","5","4","5","7","2","1","1","4","4","1","12","19","3","10","1","1","B03","7","1","1","8","2","4","","19","19","1","21","8","B03","24.294693","120.723729","2"
"2019","7","7","17","5","臺中市","南屯區","0","1","0","8","1","5","50","14","7","1","5","4","5","7","4","4","9","4","5","2","12","23","2","9","1","1","C04","7","9","1","10","2","12","","23","23","1","22","8","C04","24.137213","120.647165","2"
"2019","7","7","17","15","臺中市","神岡區","0","2","0","8","2","5","50","4","1","1","5","4","5","7","1","1","10","5","5","2","17","7","3","10","3","4","B03","7","8","1","8","2","2","","7","7","1","22","9","B03","24.248621","120.695955","2"
"2019","7","7","17","17","臺中市","大里區","0","0","0","8","","","50","","","","","","","","","","","","","","","","","","","","C03","","","1","","2","","","42","","1","","","C03","24.066143","120.692298","3"
"2019","7","7","17","20","臺中市","南屯區","0","0","0","8","","","50","","","","","","","","","","","","","","","","","","","","B03","","","1","","2","","","12","","1","22","","B03","24.144927","120.640994","3"
"2019","7","7","17","20","臺中市","烏日區","0","2","0","8","1","5","40","4","9","1","5","4","5","7","2","1","7","4","5","1","18","43","2","9","1","1","C03","7","5","1","10","2","14","","43","43","1","22","8","C03","24.110423","120.646818","2"
"2019","7","7","17","28","臺中市","南屯區","0","1","0","8","1","5","50","14","9","1","5","4","5","7","1","1","1","2","5","2","17","40","3","10","1","1","B02","7","13","1","4","2","4","","40","40","1","22","8","B02","24.15174","120.637092","2"
"2019","7","7","17","29","臺中市","北區","0","0","0","8","","","50","","","","","","","","","","","","","","","23","","","","","B03","","","1","","2","","","26","23","","22","","B03","24.14786","120.68669","3"
"2019","7","7","17","35","臺中市","南屯區","0","1","0","8","1","5","40","3","1","1","5","4","5","7","4","4","1","5","5","2","16","6","3","10","1","1","B03","7","6","1","8","2","5","","6","6","1","22","9","B03","24.151078","120.644448","2"
"2019","7","7","17","40","臺中市","大里區","0","1","0","8","2","5","40","4","4","1","5","4","5","7","1","1","10","5","5","2","12","26","3","10","1","1","B12","7","6","1","8","2","6","","26","26","1","12","8","B12","24.102146","120.671058","2"
"2019","7","7","17","40","臺中市","大雅區","0","0","0","8","","","50","","","","","","","","","","","","","","","","","","","","C03","","","1","","11","","","6","","1","22","","C03","24.21617","120.64929","3"
"2019","7","7","17","45","臺中市","龍井區","0","0","0","8","","","40","","","","","","","","","","","","","","","","","","","","B03","","","1","","2","","","12","","1","22","","B03","24.182998","120.585196","3"
"2019","7","7","17","45","臺中市","大甲區","0","0","0","8","","","50","","","","","","","","","","","","","","","","","","","","B03","","","1","","2","","","10","","1","21","","B03","24.351305","120.626896","3"
"2019","7","7","17","57","臺中市","北屯區","0","1","0","8","2","5","50","14","7","1","5","4","5","7","4","4","1","4","4","2","13","16","3","10","1","1","B03","7","9","1","8","2","1","","16","16","1","21","8","B03","24.162784","120.720068","2"
"2019","7","7","18","0","臺中市","南屯區","0","0","0","8","2","5","50","14","9","1","5","4","5","7","4","4","5","5","","2","14","12","3","10","1","1","B03","7","2","1","8","2","2","","12","12","1","22","8","B03","24.143772","120.654862","3"
"2019","7","7","18","6","臺中市","北屯區","0","0","0","8","","","40","","","","","","","","","","","","","","","19","","","","","B12","","","1","","2","","","19","19","1","10","","B12","24.1654","120.6946","3"
"2019","7","7","18","23","臺中市","西屯區","0","1","0","8","4","5","50","3","1","1","5","4","5","7","4","4","10","5","5","2","16","6","3","10","1","1","B03","7","6","1","8","2","2","","6","6","1","21","8","B03","24.173083","120.649531","2"
"2019","7","7","18","27","臺中市","東區","0","0","0","8","2","5","50","14","9","1","5","4","5","7","4","4","5","5","5","2","17","","","","","","","","","7","","11","","","43","","1","","","","24.138497","120.702152","3"
"2019","7","7","18","33","臺中市","東區","0","1","0","8","3","5","50","14","9","1","5","4","5","7","4","4","9","5","5","2","16","19","3","10","1","1","B03","7","1","1","8","2","8","","19","19","1","5","8","B03","24.133541","120.686975","2"
"2019","7","7","18","44","臺中市","潭子區","0","2","0","8","2","5","50","14","7","1","5","4","5","7","4","4","5","5","4","2","16","8","2","9","1","1","C03","7","5","4","8","2","14","","8","8","1","19","8","C03","24.207211","120.703035","2"
"2019","7","7","18","55","臺中市","北區","0","0","0","8","","","50","","","","","","","","","","","","","","","","","","","","B03","","","1","","2","","","16","","1","22","","B03","24.16566","120.675265","3"
"2019","7","7","19","17","臺中市","南屯區","0","0","0","8","","","50","","","","","","","","","","","","","","","","","","","","B03","","","1","","2","","","12","","1","22","","B03","24.148228","120.613701","3"
"2019","7","7","19","18","臺中市","北區","0","2","0","7","3","5","50","14","7","1","5","4","5","7","1","1","10","5","5","2","16","26","2","9","1","1","C03","7","11","2","18","2","11","","26","26","1","5","8","C03","24.151255","120.677303","2"
"2019","7","7","19","19","臺中市","沙鹿區","0","0","0","8","","","40","","","","","","","","","","","","","","","","","","","","B03","","","1","","2","","","23","","1","5","","B03","24.211967","120.570259","3"
"2019","7","7","19","41","臺中市","新社區","0","1","0","7","3","5","50","14","9","1","5","4","5","7","4","4","5","5","5","1","3","23","3","10","1","1","B03","7","9","1","8","2","1","","23","23","1","22","8","B03","24.248342","120.808792","2"
"2019","7","7","19","44","臺中市","南屯區","0","0","0","8","","","50","","","","","","","","","","","","","","","","","","","","B03","","","1","","2","","","12","","1","22","","B03","24.135999","120.641733","3"
"2019","7","7","19","44","臺中市","潭子區","0","0","0","8","","","50","","","","","","","","","","","","","","","","","","","","B03","","","1","","9","","","17","","2","21","","B03","24.220989","120.69424","3"
"2019","7","7","20","1","臺中市","南屯區","0","0","0","8","","","60","","","","","","","","","","","","","","","","","","","","B12","","","1","","2","","","23","","1","22","","B12","24.155498","120.597638","3"
"2019","7","7","20","2","臺中市","北屯區","0","0","0","8","3","5","50","14","9","1","5","4","5","7","4","4","1","3","5","2","13","16","3","10","1","1","C03","7","9","1","10","2","11","","16","16","1","21","8","C03","24.189965","120.661638","3"
"2019","7","7","20","9","臺中市","潭子區","0","0","0","8","","","50","","","","","","","","","","","","","","","","","","","","A02","","","1","","2","","","17","","","21","","A02","24.206868","120.706875","3"
"2019","7","7","20","11","臺中市","大里區","0","0","0","8","","","40","","","","","","","","","","","","","","","","","","","","C04","","","1","","2","","","23","","1","","","C04","24.117138","120.679476","3"
"2019","7","7","20","15","臺中市","東勢區","0","1","0","7","3","5","50","14","9","1","5","4","5","7","4","4","5","5","5","1","16","19","2","9","2","1","C03","7","1","1","10","2","14","","19","19","1","9","8","C03","24.244889","120.840471","2"
"2019","7","7","20","27","臺中市","西屯區","0","2","0","8","1","5","50","14","9","1","5","4","5","7","4","4","4","3","5","2","13","16","2","9","1","1","C03","7","9","1","10","2","11","","16","16","1","21","8","C03","24.203601","120.629089","2"
"2019","7","7","20","33","臺中市","神岡區","0","0","0","8","","","50","","","","","","","","","","","","","","","","","","","","B03","","","1","","2","","","19","","1","21","","B03","24.248276","120.691516","3"
"2019","7","7","20","35","臺中市","大甲區","0","0","0","8","","","50","","","","","","","","","","","","","","","","","","","","B03","","","1","","2","","","12","","1","21","","B03","24.350826","120.628665","3"
"2019","7","7","21","2","臺中市","西區","0","2","0","8","3","5","50","4","1","1","5","4","5","7","2","1","10","5","5","2","11","7","2","3","1","1","C03","7","7","1","10","2","11","","7","7","1","20","9","C03","24.15918","120.658757","2"
"2019","7","7","21","5","臺中市","北區","0","1","0","8","3","5","50","4","2","1","5","4","5","7","1","1","5","4","5","2","17","40","3","10","3","4","B01","7","14","1","4","2","2","","40","40","1","22","9","B01","24.15075","120.677333","2"
"2019","7","7","21","13","臺中市","沙鹿區","0","2","0","8","3","5","40","5","1","1","5","4","5","7","3","1","10","5","5","2","15","6","3","10","1","1","B03","7","9","1","1","2","1","","6","6","1","21","8","B03","24.253508","120.568927","2"
"2019","7","7","21","30","臺中市","沙鹿區","0","1","0","8","3","5","40","14","8","1","5","4","5","7","4","4","1","4","4","2","17","23","2","8","1","1","C03","7","9","3","18","2","11","","23","23","1","9","8","C03","24.206566","120.568004","2"
"2019","7","7","21","48","臺中市","南區","0","0","0","8","3","5","50","3","2","1","5","4","5","7","1","1","1","2","4","2","13","","","","","","B12","","","1","","2","","","42","","1","5","","B12","24.119113","120.68416","3"
"2019","7","7","21","51","臺中市","南屯區","0","1","0","8","3","5","50","4","1","1","5","4","5","7","1","1","10","5","5","2","16","6","3","10","1","1","B03","7","6","1","8","2","5","","6","6","1","22","8","B03","24.150853","120.649693","2"
"2019","7","7","22","5","臺中市","大甲區","0","1","0","8","3","5","50","3","1","1","5","4","5","7","4","4","10","5","5","2","3","51","2","7","4","5","H01","8","16","8","20","10","16","","51","51","1","20","8","H01","24.35421","120.617581","2"
"2019","7","7","22","6","臺中市","北屯區","0","1","0","8","3","5","50","4","1","1","5","4","5","7","1","1","10","3","5","2","16","25","2","9","1","1","C03","7","9","1","10","2","12","","25","25","1","21","8","C03","24.193393","120.686503","2"
"2019","7","7","22","11","臺中市","西屯區","0","1","0","8","3","5","40","4","1","1","5","4","5","7","2","1","9","4","1","2","12","6","3","10","1","1","C03","7","6","1","10","2","13","","6","6","1","21","8","C03","24.164115","120.64616","2"
"2019","7","7","22","36","臺中市","西屯區","0","2","0","8","3","5","50","4","1","1","5","4","5","7","1","1","10","3","5","2","13","23","2","9","1","1","C03","7","9","1","10","2","11","","23","23","1","21","8","C03","24.169566","120.648185","2"
"2019","7","7","22","38","臺中市","南屯區","0","0","0","8","","","50","","","","","","","","","","","","","","","","","","","","B03","","","1","","2","","","23","","1","22","","B03","24.137013","120.61197","3"
"2019","7","7","22","42","臺中市","太平區","0","0","0","8","","","40","","","","","","","","","","","","","","","","","","","","B03","","","1","","2","","","16","","1","21","","B03","24.130971","120.742609","3"
"2019","7","7","22","54","臺中市","南屯區","0","0","0","8","","","0","","","","","","","","","","","","","","","","","","","","C03","","","1","","11","","","23","","2","5","","C03","24.148413","120.635351","3"
"2019","7","7","23","30","臺中市","大甲區","0","1","0","8","3","5","60","14","11","1","5","4","5","7","4","4","1","4","4","1","17","18","3","10","1","1","B03","7","3","1","8","2","8","","18","18","1","22","8","B03","24.353575","120.61842","2"
"2019","7","8","0","14","臺中市","沙鹿區","0","0","0","8","","","60","","","","","","","","","","","","","","","43","","","","","B03","","","1","","2","","","44","43","1","21","","B03","24.2075","120.581455","3"
"2019","7","8","0","37","臺中市","清水區","0","0","0","8","","","50","","","","","","","","","","","","","","","","","","","","B12","","","1","","2","","","23","","1","21","","B12","24.262641","120.552548","3"
"2019","7","8","1","36","臺中市","西屯區","0","1","0","8","3","5","40","14","8","1","5","4","5","7","4","4","1","4","1","2","18","20","2","9","3","4","C03","7","9","1","10","2","12","","20","20","1","22","9","C03","24.195495","120.646455","2"
"2019","7","8","3","8","臺中市","后里區","0","1","0","8","3","5","50","14","9","1","5","4","5","7","4","4","9","4","5","1","26","22","2","9","3","4","B11","7","9","1","3","2","1","","22","22","1","22","8","B11","24.312974","120.698834","2"
"2019","7","8","5","15","臺中市","北屯區","0","1","0","8","1","5","50","4","1","1","5","4","5","7","4","4","10","5","5","2","15","6","2","9","1","1","C03","7","9","1","10","2","11","","6","6","1","5","8","C03","24.19256","120.66111","2"
"2019","7","8","5","37","臺中市","潭子區","0","1","0","8","2","5","50","14","9","1","5","4","5","7","4","4","10","5","5","1","27","66","","","","","","","","","","","","","66","66","1","","","","24.221811","120.708921","2"
"2019","7","8","6","22","臺中市","北屯區","0","0","0","8","","","50","","","","","","","","","","","","","","","","","","","","C03","","","1","","8","","","23","","1","21","","C03","24.169136","120.700744","3"
"2019","7","8","7","22","臺中市","大雅區","0","2","0","8","1","5","50","4","2","1","5","4","5","7","1","1","5","2","4","1","13","23","2","8","1","1","C03","7","9","1","10","2","11","","23","23","1","22","9","C03","24.216121","120.63609","2"
"2019","7","8","7","30","臺中市","西屯區","0","0","0","8","","","不明","","","","","","","","","","","","","","","","","","","","","","","7","","11","","","43","","1","","","","24.170848","120.661526","3"
"2019","7","8","7","32","臺中市","西區","0","1","0","8","1","5","40","14","7","1","5","4","5","7","4","4","5","5","4","2","17","19","3","10","1","1","C03","7","1","1","10","2","14","","19","19","1","21","8","C03","24.132138","120.662039","2"
"2019","7","8","7","37","臺中市","北屯區","0","2","0","8","1","5","50","4","2","1","5","4","5","7","1","1","10","5","5","2","17","16","2","9","1","1","C03","7","9","1","10","2","12","","16","16","1","5","8","C03","24.174172","120.678286","2"
"2019","7","8","7","39","臺中市","太平區","0","0","0","8","","","40","","","","","","","","","","","","","","","","","","","","B03","","","1","","2","","","12","","1","21","","B03","24.119398","120.718936","3"
"2019","7","8","7","40","臺中市","太平區","0","1","0","8","1","5","50","4","1","1","5","4","5","7","1","1","10","5","5","2","18","23","2","4","1","1","B12","7","5","1","8","2","9","","23","23","1","5","3","B12","24.133502","120.71615","2"
"2019","7","8","7","40","臺中市","沙鹿區","0","2","0","8","1","5","50","14","9","1","5","4","5","7","4","4","9","5","5","1","17","19","2","8","4","5","F03","7","1","8","20","3","16","","19","19","1","9","5","F03","24.234835","120.566161","2"
"2019","7","8","7","40","臺中市","潭子區","0","0","0","8","1","5","40","14","9","1","5","4","5","7","3","1","10","5","5","2","13","16","","","","","C03","","","6","","2","","","16","16","1","","","C03","24.192417","120.722387","3"
"2019","7","8","7","44","臺中市","西屯區","0","0","0","8","","","50","","","","","","","","","","","","","","","","","","","","B03","","","1","","2","","","23","","1","22","","B03","24.199407","120.654701","3"
"2019","7","8","7","48","臺中市","北屯區","0","0","0","8","","","50","","","","","","","","","","","","","","","","","","","","B03","","","1","","2","","","12","","1","","","B03","24.170763","120.680045","3"
"2019","7","8","7","50","臺中市","北屯區","0","0","0","8","","","50","","","","","","","","","","","","","","","","","","","","B03","","","1","","2","","","23","","1","22","","B03","24.18247","120.712803","3"
"2019","7","8","7","50","臺中市","后里區","0","0","0","","","","","","","","","","","","","","","","","","","23","","","","","B03","","","1","","2","","","23","23","1","2","","B03","24.312188","120.70244","3"
"2019","7","8","7","50","臺中市","大雅區","0","1","0","8","1","5","50","5","1","1","5","4","5","7","1","1","1","5","5","1","17","6","3","10","1","1","B03","7","5","2","18","2","8","","6","6","1","21","8","B03","24.21584","120.667635","2"
"2019","7","8","8","0","臺中市","北屯區","0","0","0","8","","","50","","","","","","","","","","","","","","","43","","","","","B03","","","1","","10","","","43","43","1","5","","B03","24.178968","120.686347","3"
"2019","7","8","8","7","臺中市","西屯區","0","0","0","8","","","50","","","","","","","","","","","","","","","","","","","","C03","","","1","","2","","","10","","1","22","","C03","24.156011","120.604336","3"
"2019","7","8","8","8","臺中市","南屯區","0","0","0","8","","","40","","","","","","","","4","","","","","","","19","3","","","","B03","","","1","","2","","","19","19","1","21","","B03","24.134859","120.651262","3"
"2019","7","8","8","14","臺中市","西屯區","0","0","0","8","","","40","","","","","","","","","","","","","","","","","","","","B03","","","1","","2","","","4","","1","22","","B03","24.18293","120.626915","3"
"2019","7","8","8","15","臺中市","西區","0","0","0","8","","","50","","","","","","","","","","","","","","","","","","","","B03","","","1","","2","","","7","","1","21","","B03","24.145991","120.670628","3"
"2019","7","8","8","32","臺中市","潭子區","0","1","0","8","1","5","40","3","1","1","5","4","5","5","4","4","10","5","5","2","15","6","2","8","1","1","C03","7","9","1","10","2","12","","6","6","1","22","8","C03","24.195633","120.698966","2"
"2019","7","8","8","39","臺中市","西區","0","1","0","8","1","5","50","14","9","1","5","4","5","7","2","1","5","2","5","2","13","16","2","9","1","1","C03","7","9","1","10","2","11","","16","16","1","21","8","C03","24.137955","120.679887","2"
"2019","7","8","8","43","臺中市","大肚區","0","1","0","8","1","5","50","4","1","1","5","4","5","7","1","1","10","5","5","2","12","6","3","10","1","1","B03","7","6","6","18","2","2","","6","6","1","21","8","B03","24.175461","120.575774","2"
"2019","7","8","8","45","臺中市","北區","0","3","0","8","1","5","50","4","1","1","5","4","5","7","1","1","10","5","5","2","15","25","2","9","1","4","C03","7","9","4","11","2","14","","25","25","1","21","8","C03","24.165179","120.677171","2"
"2019","7","8","8","46","臺中市","西屯區","0","0","0","8","","","50","","","","","","","","","","","","","","","","","","","","B03","","","1","","2","","","16","","1","22","","B03","24.200912","120.656496","3"
"2019","7","8","8","46","臺中市","西屯區","0","1","0","8","1","5","50","4","1","1","5","4","5","7","1","1","3","4","5","2","13","26","3","10","3","4","B03","7","5","1","8","2","1","","26","26","1","21","8","B03","24.157366","120.641631","2"
"2019","7","8","8","59","臺中市","北區","0","0","0","8","","","50","","","","","","","","","","","","","","","","","","","","B03","","","1","","2","","","23","","1","","","B03","24.155638","120.681713","3"
"2019","7","8","9","1","臺中市","南屯區","0","0","0","8","","","40","","","","","","","","","","","","","","","","","","","","B11","","","1","","2","","","16","","1","10","","B11","24.141568","120.622693","3"
"2019","7","8","9","3","臺中市","北區","0","0","0","8","1","5","50","14","2","1","5","4","5","7","2","1","6","1","5","2","13","","","","","","B03","","","1","","2","","","23","","1","22","","B03","24.154664","120.6864","3"
"2019","7","8","9","4","臺中市","西屯區","0","0","0","8","","","50","","","","","","","","","","","","","","","","","","","","B03","","","1","","2","","","26","","1","22","","B03","24.196691","120.647885","3"
"2019","7","8","9","10","臺中市","東區","0","1","0","8","1","5","50","4","1","1","5","4","5","7","1","1","10","5","5","2","12","6","3","10","1","1","B03","7","6","1","8","2","2","","6","6","1","22","8","B03","24.150644","120.698128","2"
"2019","7","8","9","26","臺中市","南區","0","0","0","8","","","50","","","","","","","","","","","","","","","","","","","","B03","","","1","","2","","","23","","1","4","","B03","24.128229","120.678343","3"
"2019","7","8","9","28","臺中市","西屯區","0","1","0","8","1","5","50","14","8","1","5","4","5","7","1","2","5","4","4","2","16","7","3","10","3","4","B12","7","8","1","8","2","2","","7","7","1","22","8","B12","24.166776","120.635153","2"
"2019","7","8","9","28","臺中市","梧棲區","0","0","0","8","","","50","","","","","","","","","","","","","","","","","","","","B12","","","1","","2","","","12","","1","2","","B12","24.231783","120.524605","3"
"2019","7","8","9","29","臺中市","神岡區","0","0","0","8","","","25","","","","","","","","","","","","","","","","","","","","F03","","","1","","2","","","6","","1","22","","F03","24.246641","120.685028","3"
"2019","7","8","9","30","臺中市","烏日區","0","0","0","8","","","40","","","","","","","","","","","","","","","","","","","","B12","","","1","","2","","","23","","1","","","B12","24.085499","120.64791","3"
"2019","7","8","9","31","臺中市","太平區","0","1","0","8","1","5","40","3","1","1","5","4","5","7","4","4","10","5","5","1","16","6","3","10","1","1","B03","7","5","1","8","2","5","","6","6","1","21","8","B03","24.115148","120.734457","2"
"2019","7","8","9","32","臺中市","潭子區","0","1","0","8","1","5","50","4","2","1","5","4","5","7","1","1","5","5","5","2","16","26","3","10","1","1","B03","7","5","1","8","2","1","","26","26","1","4","8","B03","24.213596","120.70056","2"
"2019","7","8","9","40","臺中市","南屯區","0","0","0","8","","","50","","","","","","","","1","","","","","","","25","3","","","","C03","","","1","","2","","","25","25","1","21","","C03","24.140943","120.649918","3"
"2019","7","8","9","53","臺中市","西屯區","0","0","0","8","","","80","","","","","","","","","","","","","","","34","","","","","B03","","","1","","2","","","44","34","1","22","","B03","24.184683","120.636643","3"
"2019","7","8","9","54","臺中市","太平區","0","1","0","8","1","5","50","3","2","1","5","4","5","7","1","1","5","5","5","2","13","23","3","10","1","1","B12","7","9","1","8","2","8","","23","23","1","21","8","B12","24.155973","120.733698","2"
"2019","7","8","9","55","臺中市","北區","0","0","0","8","","","50","","","","","","","","","","","","","","","","","","","","B03","","","1","","2","","","23","","1","","","B03","24.16162","120.664464","3"
"2019","7","8","9","58","臺中市","太平區","0","0","0","8","","","40","","","","","","","","","","","","","","","","","","","","B03","","","1","","2","","","6","","1","","","B03","24.13088","120.744153","3"
"2019","7","8","10","3","臺中市","北區","0","1","0","8","1","5","50","4","1","1","5","4","5","5","4","4","10","5","5","2","15","6","3","10","1","4","B12","7","9","1","8","2","5","","6","6","1","21","8","B12","24.155631","120.693573","2"
"2019","7","8","10","3","臺中市","南區","0","0","0","8","","","60","","","","","","","","","","","","","","","23","3","","","","B03","","","1","8","2","","","23","23","","21","","B03","24.11076","120.647356","3"
"2019","7","8","10","4","臺中市","南屯區","0","0","0","","","","","","","","","","","","","","","","","","","","","","","","B12","","","1","","2","","","42","","1","4","","B12","24.156639","120.635762","3"
"2019","7","8","10","8","臺中市","西屯區","0","1","0","8","1","5","40","4","1","1","5","4","5","7","4","4","5","5","4","2","16","6","2","9","1","1","C04","7","5","1","8","2","12","","6","6","1","21","8","C04","24.159885","120.652226","2"
"2019","7","8","10","26","臺中市","大雅區","0","0","0","8","","","50","","","","","","","","","","","","","","","","","","","","B12","","","1","","2","","","6","","1","","","B12","24.210329","120.612603","3"
"2019","7","8","10","32","臺中市","清水區","0","1","0","8","1","5","50","4","1","1","5","4","5","7","1","1","9","4","4","1","15","25","3","10","1","1","B12","7","9","1","8","2","2","","25","25","1","10","1","B12","24.276995","120.564516","2"
"2019","7","8","10","37","臺中市","太平區","0","1","0","8","1","5","50","3","2","1","5","4","5","7","1","1","5","4","4","1","16","7","2","9","1","1","C03","7","7","1","10","2","14","","7","7","1","21","8","C03","24.158578","120.71117","2"
"2019","7","8","10","48","臺中市","西屯區","0","1","0","8","1","5","40","4","8","1","5","4","5","7","1","1","1","4","3","2","13","16","2","9","3","4","F02","7","9","8","20","2","16","","16","16","1","22","8","F02","24.164546","120.646601","2"
"2019","7","8","10","50","臺中市","東區","0","1","0","8","1","5","50","4","1","1","5","4","5","6","1","1","10","5","5","2","13","16","3","10","1","1","C03","7","9","2","18","2","11","","16","16","1","22","8","C03","24.14789","120.694268","2"
"2019","7","8","11","0","臺中市","南區","0","3","0","8","1","5","50","4","1","1","5","4","5","7","4","4","10","5","5","2","16","10","2","8","1","1","C03","7","11","1","10","2","14","","10","10","1","4","8","C03","24.117773","120.666798","2"
"2019","7","8","11","2","臺中市","西屯區","0","1","0","8","1","5","50","4","1","1","5","4","5","7","1","1","5","4","4","2","15","25","2","9","1","1","C03","7","9","1","10","2","12","","25","25","1","22","8","C03","24.172921","120.647555","2"
"2019","7","8","11","4","臺中市","北區","0","0","0","8","1","5","50","5","1","1","5","4","5","7","2","1","10","5","5","2","16","","","","","","B03","","","1","","2","","","6","","1","22","","B03","24.174024","120.674024","3"
"2019","7","8","11","5","臺中市","南屯區","0","1","0","8","1","5","50","14","7","1","5","4","5","7","4","4","9","5","4","2","16","44","3","10","1","1","B03","7","11","1","8","2","8","","44","44","1","21","8","B03","24.132074","120.647951","2"
"2019","7","8","11","13","臺中市","東區","0","1","0","8","1","5","50","14","7","1","5","4","5","7","4","4","5","4","4","2","12","21","2","9","4","5","F01","7","9","8","20","7","16","","21","21","1","5","8","F01","24.140541","120.692528","2"
"2019","7","8","11","16","臺中市","太平區","0","1","0","8","1","5","40","4","1","1","5","4","5","7","4","4","10","5","5","2","15","6","2","8","1","1","C03","7","9","1","10","2","11","","6","6","1","4","3","C03","24.142498","120.725488","2"
"2019","7","8","11","16","臺中市","沙鹿區","0","1","0","8","1","5","50","14","7","1","5","4","5","7","4","4","5","4","4","2","17","10","2","9","1","1","C03","7","9","1","10","2","11","","23","10","1","21","8","C03","24.242754","120.561483","2"
"2019","7","8","11","17","臺中市","南區","0","0","0","8","","","50","","","","","","","","","","","","","","","25","3","","","","B03","","","1","8","2","","","25","25","","21","","B03","24.129035","120.662138","3"
"2019","7","8","11","37","臺中市","北屯區","0","1","0","8","1","5","50","14","8","1","5","4","5","7","4","4","5","5","4","2","19","23","2","9","1","1","C01","7","9","1","9","2","11","","23","23","1","22","5","C01","24.199096","120.778674","2"
"2019","7","8","11","38","臺中市","北區","0","0","0","8","","","50","","","","","","","","","","","","","","","","","","","","B03","","","1","","2","","","12","","1","","","B03","24.157077","120.691095","3"
"2019","7","8","11","40","臺中市","烏日區","0","2","0","8","1","5","50","3","1","1","5","4","5","7","1","1","5","4","4","2","16","25","2","9","1","1","C03","7","5","1","10","2","12","","25","25","1","21","8","C03","24.101955","120.647971","2"
"2019","7","8","11","44","臺中市","西屯區","0","0","0","8","","","50","","","","","","","","","","","","","","","23","","","","","B03","","","1","","2","","","23","23","1","","","B03","24.158023","120.651293","3"
"2019","7","8","11","45","臺中市","中區","0","0","0","8","","","50","","","","","","","","","","","","","","","","","","","","B03","","","1","","2","","","42","","1","","","B03","24.139886","120.680461","3"
"2019","7","8","11","51","臺中市","梧棲區","0","0","0","8","","","50","","","","","","","","","","","","","","","","","","","","B03","","","1","","2","","","23","","1","3","","B03","24.258736","120.538315","3"
"2019","7","8","12","2","臺中市","西屯區","0","0","0","8","","","40","","","","","","","","","","","","","","","","","","","","B03","","","1","","2","","","12","","1","22","","B03","24.18026","120.593558","3"
"2019","7","8","12","9","臺中市","北屯區","0","1","0","8","1","5","50","4","1","1","5","4","5","7","1","1","10","5","5","2","16","23","3","10","1","1","B03","7","9","1","8","2","1","","23","23","1","21","8","B03","24.183659","120.690432","2"
"2019","7","8","12","11","臺中市","大雅區","0","1","0","8","1","5","50","3","1","1","5","4","5","7","4","4","9","4","5","1","12","44","2","9","1","1","C03","7","4","1","10","2","12","","1","44","1","22","9","C03","24.22542","120.64887","2"
"2019","7","8","12","15","臺中市","西區","0","2","0","8","1","5","50","15","9","1","5","4","5","7","4","4","5","2","5","2","16","4","2","8","1","1","C03","7","9","1","10","2","11","","4","4","1","5","1","C03","24.140078","120.668743","2"
"2019","7","8","12","20","臺中市","北屯區","0","0","0","8","","","40","","","","","","","","","","","","","","","","","","","","B03","","","1","","2","","","12","","1","22","","B03","24.181095","120.695019","3"