"年","月","日","時","分","縣市","區","死","受傷","2-30","天候","光線","道路類別","速限","道路型態","事故位置","路面鋪裝","路面狀態","路面缺陷","障礙物","視距","號誌種類","號誌動作","分向設施","快車道或一般車道間","快慢車道間","路面邊線","事故類型及型態","主要肇因","受傷程度","主要傷處","保護裝備","行動電話","當事者區分_類別","車輛用途","當事者行動狀態","駕駛資格情形","駕駛執照種類","飲酒情形","車輛撞擊部位最初","車輛撞擊部位其他","肇事因素個別","肇事因素主要","肇事逃逸","職業","旅次目的","車種","GPS座標_緯度","GPS座標_經度","事故類別"
"2019","7","8","12","25","臺中市","南區","0","2","0","8","1","5","50","4","1","1","5","4","5","7","4","4","10","5","5","2","15","6","2","8","1","1","C03","7","9","1","10","2","11","","6","6","1","4","8","C03","24.125667","120.673602","2"
"2019","7","8","12","26","臺中市","西區","0","0","0","8","","","50","","","","","","","","","","","","","","","","","","","","B03","","","1","","2","","","23","","1","21","","B03","24.139814","120.657187","4"
"2019","7","8","12","30","臺中市","西屯區","0","0","0","8","","","40","","","","","","","","","","","","","","","","","","","","B03","","","1","","2","","","43","","1","22","","B03","24.163069","120.654863","3"
"2019","7","8","12","36","臺中市","西屯區","0","2","0","8","1","5","40","4","1","1","5","4","5","7","2","1","1","5","1","2","3","23","2","9","1","1","C03","7","9","1","10","2","14","","23","23","1","22","8","C03","24.182795","120.603071","2"
"2019","7","8","12","40","臺中市","沙鹿區","0","1","0","8","1","5","50","5","1","1","5","4","5","7","1","1","10","5","5","2","16","10","2","9","1","1","C03","7","11","3","18","2","13","","10","10","1","20","8","C03","24.225593","120.571321","2"
"2019","7","8","12","41","臺中市","南屯區","0","1","0","8","1","5","40","14","8","1","5","4","5","7","4","4","5","5","4","2","17","40","3","10","1","1","B03","7","13","1","8","2","4","","40","40","1","22","8","B03","24.146731","120.64349","2"
"2019","7","8","12","50","臺中市","南區","0","0","0","8","1","5","50","4","1","1","5","4","5","7","1","1","10","5","5","2","29","67","","","","","","","","7","","11","","","67","67","1","","","","24.122821","120.65353","3"
"2019","7","8","12","59","臺中市","北屯區","0","0","0","8","","","50","","","","","","","","","","","","","","","","","","","","B03","","","1","","2","","","16","","1","5","","B03","24.1774","120.6858","3"
"2019","7","8","13","4","臺中市","北區","0","1","0","8","1","5","50","3","1","1","5","4","5","7","2","1","10","5","5","2","12","6","3","10","1","1","B03","7","6","1","8","2","6","","6","6","1","5","8","B03","24.163048","120.680942","2"
"2019","7","8","13","24","臺中市","潭子區","0","2","0","8","1","5","60","4","1","1","5","4","5","7","1","1","10","5","5","1","16","8","2","9","1","1","C03","7","5","4","8","2","14","","8","8","1","20","8","C03","24.212149","120.705625","2"
"2019","7","8","13","36","臺中市","西屯區","0","1","0","8","1","7","80","14","9","1","5","4","5","7","4","4","10","4","5","2","13","43","3","10","1","1","B03","7","7","1","8","2","1","","43","43","1","21","8","B03","24.182596","120.635771","2"
"2019","7","8","13","37","臺中市","北屯區","0","0","0","8","1","5","50","4","1","1","5","4","5","7","1","1","10","5","5","2","16","6","3","10","1","1","B03","7","6","1","8","2","2","","25","6","1","21","8","B03","24.188393","120.686359","3"
"2019","7","8","13","39","臺中市","北區","0","1","0","8","1","5","40","4","1","1","5","4","5","7","1","1","1","2","4","2","16","25","2","8","1","1","C03","7","9","1","10","2","14","","25","25","1","21","8","C03","24.170103","120.672313","2"
"2019","7","8","13","40","臺中市","后里區","0","0","0","","","","","","","","","","","","","","","","","","","","","","","","B03","","","1","","2","","","18","","1","","","B03","24.313117","120.696556","3"
"2019","7","8","13","41","臺中市","北屯區","0","2","0","8","1","5","50","4","1","1","5","4","5","7","1","1","10","5","5","2","17","23","2","9","1","1","C03","7","9","1","10","2","14","","23","23","1","5","1","C03","24.192803","120.690515","2"
"2019","7","8","13","41","臺中市","烏日區","0","1","0","8","1","5","50","3","1","1","5","4","5","7","1","1","1","3","4","1","12","17","3","10","1","1","B03","7","7","1","8","2","4","","17","17","1","22","8","B03","24.103001","120.616851","2"
"2019","7","8","13","43","臺中市","西屯區","0","1","0","8","1","5","50","3","1","1","5","4","5","7","1","1","1","4","5","2","12","44","3","10","3","4","B03","7","5","1","8","2","2","","44","44","1","22","8","B03","24.167972","120.653993","2"
"2019","7","8","13","45","臺中市","東區","0","1","0","8","1","5","50","3","1","1","5","4","5","7","1","1","10","5","5","2","11","6","3","10","1","1","B03","7","5","1","8","2","2","","6","6","1","22","8","B03","24.122793","120.653455","2"
"2019","7","8","13","46","臺中市","東區","0","1","0","8","1","5","50","4","1","1","5","4","5","7","1","1","10","5","5","2","16","6","3","10","1","1","B03","7","6","1","8","2","5","","6","6","1","21","8","B03","24.142961","120.708843","2"
"2019","7","8","13","46","臺中市","北屯區","0","0","0","8","","","50","","","","","","","","","","","","","","","","","","","","B03","","","1","","2","","","23","","1","5","","B03","24.173044","120.679401","3"
"2019","7","8","13","48","臺中市","北屯區","0","2","0","8","1","5","50","14","9","1","5","4","5","7","4","4","4","3","5","2","13","7","3","10","1","1","B03","7","11","1","8","2","15","","10","7","1","21","8","B03","24.177373","120.735234","2"
"2019","7","8","13","48","臺中市","西屯區","0","0","0","8","","","50","","","","","","","","","","","","","","","","","","","","B03","","","1","","2","","","16","","1","22","","B03","24.172548","120.645636","3"
"2019","7","8","13","50","臺中市","南區","0","2","0","8","1","5","50","4","1","1","5","4","5","7","4","4","10","5","5","2","15","6","2","8","1","1","C03","7","9","1","10","2","11","","6","6","1","4","8","C03","24.124919","120.677689","2"
"2019","7","8","13","51","臺中市","大里區","0","0","0","8","","","40","","","","","","","","","","","","","","","","","","","","B12","","","1","","2","","","19","","1","4","","B12","24.109241","120.688462","3"
"2019","7","8","13","55","臺中市","南屯區","0","0","0","8","","","50","","","","","","","","","","","","","","","","3","","","","B03","","","1","","2","","","23","","1","22","","B03","24.145446","120.623205","3"
"2019","7","8","14","0","臺中市","北屯區","0","0","0","8","","","50","","","","","","","","","","","","","","","","","","","","A02","","","1","","2","","","16","","1","21","","A02","24.172741","120.685638","3"
"2019","7","8","14","6","臺中市","西區","0","0","0","","","","","","","","","","","","","","","","","","","","","","","","B03","","","1","","2","","","23","","1","","","B03","","","3"
"2019","7","8","14","10","臺中市","太平區","0","0","0","8","","","40","","","","","","","","","","","","","","","","","","","","B03","","","1","","2","","","12","","1","21","","B03","24.112373","120.733121","3"
"2019","7","8","14","15","臺中市","龍井區","0","0","0","8","","","50","","","","","","","","","","","","","","","","","","","","B03","","","1","","2","","","23","","1","21","","B03","24.189634","120.545081","3"
"2019","7","8","14","15","臺中市","大甲區","0","1","0","8","1","5","60","14","9","1","5","4","5","7","4","4","1","4","4","1","12","19","3","10","1","1","B03","7","1","1","8","2","8","","19","19","1","22","8","B03","24.342507","120.617796","2"
"2019","7","8","14","18","臺中市","大雅區","0","0","0","8","","","50","","","","","","","","","","","","","","","","","","","","B03","","","1","","2","","","23","","1","22","","B03","24.22663","120.64465","3"
"2019","7","8","14","26","臺中市","太平區","0","1","0","8","1","5","50","3","1","1","5","4","5","7","1","1","5","4","4","1","16","5","2","9","1","1","C03","7","5","1","10","2","14","","5","5","1","11","8","C03","24.134206","120.726712","2"
"2019","7","8","14","31","臺中市","北屯區","0","1","0","8","1","5","50","14","9","1","5","4","5","7","4","4","1","4","5","2","17","7","3","10","1","1","B03","7","7","1","8","2","3","","7","7","1","22","8","B03","24.171127","120.693772","2"
"2019","7","8","14","34","臺中市","大雅區","0","1","0","6","1","5","50","4","1","1","4","4","5","6","4","4","10","5","5","2","17","1","2","8","1","1","C03","7","4","1","10","2","12","","1","1","1","21","8","C03","24.226156","120.652956","2"
"2019","7","8","14","37","臺中市","西屯區","0","1","0","7","1","5","1","4","2","1","5","4","5","7","4","4","5","5","4","2","16","4","2","9","4","5","F01","7","9","8","20","2","16","","4","4","1","21","8","F01","24.178673","120.644643","2"
"2019","7","8","14","41","臺中市","西區","0","0","0","8","","","50","","","","","","","","","","","","","","","","","","","","B03","","","1","","2","","","40","","1","21","","B03","24.150857","120.667331","4"
"2019","7","8","14","42","臺中市","沙鹿區","0","0","0","8","","","50","","","","","","","","","","","","","","","","","","","","A41","","","1","","2","","","7","","1","10","","A41","24.200954","120.569864","3"
"2019","7","8","14","45","臺中市","南區","0","1","0","8","1","5","50","14","7","1","5","4","5","7","4","4","1","4","4","2","23","23","2","9","1","1","B03","7","9","1","8","2","8","","23","23","1","21","8","B03","24.127995","120.66924","2"
"2019","7","8","14","51","臺中市","北屯區","0","0","0","","1","5","50","5","4","1","5","4","5","7","1","1","1","3","5","2","13","23","3","10","1","1","B11","","9","1","8","2","1","","23","23","1","21","8","B11","24.200744","120.664838","3"
"2019","7","8","14","58","臺中市","西屯區","0","0","0","8","","","50","","","","","","","","","","","","","","","","","","","","C03","","","1","","2","","","23","","1","22","","C03","24.189421","120.614834","3"
"2019","7","8","14","58","臺中市","沙鹿區","0","0","0","8","","","50","","","","","","","","","","","","","","","19","","","","","B03","","","1","","2","","","23","19","1","","","B03","24.2537","120.567417","3"
"2019","7","8","14","59","臺中市","大甲區","0","0","0","","","","","","","","","","","","","","","","","","","6","","","","","B03","","","1","","2","","","6","6","1","","","B03","24.351855","120.616958","3"
"2019","7","8","15","1","臺中市","西屯區","0","1","0","8","1","5","50","4","1","1","4","4","5","7","1","1","4","3","4","2","10","26","2","9","1","1","F03","7","10","8","20","2","16","","26","26","1","21","8","F03","24.167245","120.658968","2"
"2019","7","8","15","4","臺中市","潭子區","0","1","0","6","1","5","50","3","1","1","4","4","5","7","1","1","10","5","5","1","13","16","2","9","1","1","B12","7","9","1","8","2","1","","16","16","1","21","8","B12","24.213504","120.705433","2"
"2019","7","8","15","23","臺中市","潭子區","0","0","0","8","","","50","","","","","","","","","","","","","","","","","","","","B12","","","1","","2","","","16","","1","5","","B12","24.191221","120.718166","3"
"2019","7","8","15","26","臺中市","潭子區","0","1","0","8","1","5","50","14","9","1","5","2","5","7","4","4","5","4","5","1","13","42","2","9","1","1","C03","7","9","1","10","2","11","","42","42","1","22","8","C03","24.210154","120.70817","2"
"2019","7","8","15","33","臺中市","東區","0","0","0","8","","","40","","","","","","","","","","","","","","","","","","","","B03","","","1","","2","","","43","","1","22","","B03","24.140346","120.706267","3"
"2019","7","8","15","40","臺中市","南屯區","0","0","0","8","","","50","","","","","","","","","","","","","","","","3","","","","B03","","","1","","2","","","26","","1","21","","B03","24.153675","120.616596","3"
"2019","7","8","15","47","臺中市","沙鹿區","0","2","0","8","1","5","50","3","1","1","5","4","5","7","1","1","10","5","5","2","16","25","2","9","1","1","C03","7","5","1","10","2","14","","25","25","1","21","8","C03","24.23262","120.565249","2"
"2019","7","8","15","55","臺中市","烏日區","0","0","0","8","","","50","","","","","","","","","","","","","","","","","","","","A11","","","1","","2","","","9","","1","22","","A11","24.113607","120.617409","3"
"2019","7","8","16","7","臺中市","沙鹿區","0","2","0","8","1","5","50","4","1","1","5","4","5","7","4","4","10","5","5","2","17","1","3","10","1","1","B03","7","4","1","8","2","1","","1","1","1","21","8","B03","24.225726","120.565808","2"
"2019","7","8","16","10","臺中市","北屯區","0","1","0","8","1","5","50","4","1","1","5","4","5","7","1","1","10","2","5","2","16","6","3","10","1","1","B03","7","6","1","8","2","5","","6","6","1","4","8","B03","24.1823","120.704","2"
"2019","7","8","16","13","臺中市","大雅區","0","2","0","8","1","5","50","3","1","1","5","4","5","7","1","1","5","5","5","2","13","16","2","7","1","1","C03","7","9","1","10","2","11","","16","16","1","21","8","C03","24.219274","120.641094","2"
"2019","7","8","16","15","臺中市","后里區","0","0","0","8","1","5","50","14","9","1","5","4","5","7","","4","5","5","5","2","14","","","","","","B12","","","1","","2","","","12","","1","","","B12","24.303933","120.711165","3"
"2019","7","8","16","20","臺中市","西屯區","0","1","0","8","1","5","50","3","1","1","5","4","5","7","2","1","10","5","5","2","9","42","3","10","1","1","A02","7","12","1","2","2","15","","42","42","1","10","8","A02","24.182757","120.602912","2"
"2019","7","8","16","20","臺中市","大甲區","0","0","0","8","","","50","","","","","","","","","","","","","","","","","","","","B12","","","1","","2","","","12","","1","9","","B12","24.402369","120.661391","3"
"2019","7","8","16","23","臺中市","清水區","0","0","0","8","","","70","","","","","","","","","","","","","","","","","","","","A41","","","1","","2","","","23","","1","10","","A41","24.293955","120.553175","3"
"2019","7","8","16","25","臺中市","沙鹿區","0","1","0","8","1","5","50","4","1","1","5","4","5","7","4","4","10","5","5","2","15","6","2","9","1","1","C03","7","9","1","10","2","11","","6","6","1","21","8","C03","24.238817","120.561155","2"
"2019","7","8","16","28","臺中市","北區","0","0","0","8","","","50","","","","","","","","","","","","","","","","","","","","B03","","","1","","2","","","23","","1","","","B03","24.162291","120.682355","3"
"2019","7","8","16","28","臺中市","大雅區","0","1","0","8","1","5","40","14","8","1","5","4","5","7","4","4","9","5","5","2","17","19","4","11","3","4","C03","7","1","7","19","11","15","","19","19","1","22","9","C03","24.22042","120.65649","2"
"2019","7","8","16","32","臺中市","梧棲區","0","2","0","8","1","5","70","3","1","1","5","4","5","7","1","1","10","5","5","2","16","6","3","10","1","1","B12","7","6","1","8","2","5","","6","6","1","7","8","B12","24.238155","120.549815","2"
"2019","7","8","16","35","臺中市","西屯區","0","1","0","8","1","5","50","14","9","1","5","4","5","7","4","4","8","3","5","2","16","7","2","9","1","1","C03","7","7","1","10","2","14","","7","7","1","21","8","C03","24.169853","120.637846","2"
"2019","7","8","16","44","臺中市","太平區","0","0","0","8","","","80","","","","","","","","","","","","","","","","","","","","B12","","","1","","2","","","16","","1","4","","B12","24.156145","120.717329","3"
"2019","7","8","16","45","臺中市","南屯區","0","1","0","8","1","5","80","14","8","1","5","4","5","7","4","4","1","4","4","2","20","23","2","8","1","1","B12","7","9","1","8","2","5","","23","23","1","22","9","B12","24.149963","120.605824","2"
"2019","7","8","16","45","臺中市","太平區","0","1","0","8","1","5","40","3","1","1","5","4","5","7","4","4","10","5","5","2","16","6","2","9","1","1","C03","7","5","1","10","2","11","","6","6","1","21","8","C03","24.114338","120.714339","2"
"2019","7","8","16","51","臺中市","中區","0","0","0","8","1","5","50","3","1","1","5","4","5","7","2","1","10","5","5","2","12","","","","","","B03","","","1","","2","","","1","","1","5","","B03","24.136438","120.683224","3"
"2019","7","8","17","0","臺中市","大肚區","0","0","0","8","","","50","","","","","","","","","","","","","","","","","","","","B12","","","1","","2","","","12","","1","5","","B12","24.117746","120.578013","3"
"2019","7","8","17","3","臺中市","后里區","0","2","0","8","1","5","50","4","1","1","5","4","5","7","1","1","9","5","5","1","11","6","3","10","3","4","B03","7","5","1","8","2","5","","6","6","1","22","8","B03","24.309769","120.71696","2"
"2019","7","8","17","6","臺中市","北區","0","0","0","6","","","50","","","","","","","","","","","","","","","","","","","","B03","","","1","","2","","","23","","1","21","","B03","24.171848","120.674345","3"
"2019","7","8","17","9","臺中市","北區","0","1","0","8","1","5","50","5","1","1","5","4","5","7","1","1","10","5","5","2","17","26","3","10","3","4","B03","7","9","1","8","2","2","","26","26","1","20","8","B03","24.154765","120.686147","2"
"2019","7","8","17","10","臺中市","大甲區","0","1","0","8","1","5","50","14","12","1","5","4","5","7","4","4","4","4","4","1","17","6","3","10","1","1","B03","7","5","1","8","2","2","","6","6","1","21","8","B03","24.356297","120.606182","2"
"2019","7","8","17","15","臺中市","大甲區","0","1","0","8","1","5","70","4","1","1","5","4","5","7","1","1","10","5","5","2","29","43","2","8","1","1","B03","7","9","1","8","2","5","","43","43","1","21","8","B03","24.39573","120.647955","2"
"2019","7","8","17","17","臺中市","潭子區","0","4","0","8","1","5","50","3","1","1","5","4","5","7","4","4","10","5","5","2","10","4","2","9","1","1","C03","7","9","1","10","2","11","","4","4","1","22","8","C03","24.213","120.700545","2"
"2019","7","8","17","21","臺中市","太平區","0","1","0","7","1","5","50","3","1","1","4","4","5","7","4","4","10","5","5","2","16","9","3","10","1","1","B03","7","6","1","8","2","2","","9","9","1","10","8","B03","24.118681","120.71638","2"
"2019","7","8","17","21","臺中市","清水區","0","1","0","8","1","5","40","3","1","1","5","4","5","7","4","4","10","5","5","2","17","6","3","10","1","1","B03","7","5","1","8","2","15","","6","6","1","12","8","B03","24.285427","120.574349","2"
"2019","7","8","17","28","臺中市","大雅區","0","2","0","8","1","5","50","14","8","1","5","4","5","7","4","4","9","4","4","2","17","26","2","7","1","1","C03","7","11","1","10","2","12","","26","26","1","22","9","C03","24.21725","120.66793","2"
"2019","7","8","17","30","臺中市","北區","0","2","0","8","1","5","50","4","1","1","5","4","5","7","1","1","5","5","5","2","11","6","2","9","1","1","C03","7","5","1","10","2","11","","6","6","1","21","8","C03","24.169783","120.666721","2"
"2019","7","8","17","30","臺中市","北屯區","0","0","0","8","","","50","","","","","","","","","","","","","","","23","","","","","B03","","","1","","2","","","23","23","1","","","B03","24.17039","120.697891","3"
"2019","7","8","17","34","臺中市","北屯區","0","0","0","8","","","50","","","","","","","","","","","","","","","","","","","","","","","7","","11","","","43","","","","","","24.164679","120.703283","3"
"2019","7","8","17","37","臺中市","西屯區","0","1","0","8","1","5","50","4","1","1","5","4","5","7","4","4","10","5","5","2","16","6","3","10","1","1","B03","7","6","1","8","2","4","","6","6","1","21","8","B03","24.170406","120.655229","2"
"2019","7","8","17","45","臺中市","北區","0","1","0","8","1","5","50","3","2","1","5","4","5","7","1","1","5","5","5","2","18","23","2","8","1","1","C03","7","5","1","10","2","14","","23","23","1","21","8","C03","24.14886","120.687087","2"
"2019","7","8","17","46","臺中市","大雅區","0","0","0","8","","","50","","","","","","","","","","","","","","","","","","","","B03","","","1","","2","","","6","","1","22","","B03","24.21427","120.654464","3"
"2019","7","8","17","48","臺中市","北區","0","0","0","8","","","40","","","","","","","","","","","","","","","","","","","","B03","","","1","","2","","","23","","1","5","","B03","24.170591","120.677441","3"
"2019","7","8","17","48","臺中市","北區","0","0","0","8","","","40","","","","","","","","","","","","","","","","","","","","B03","","","1","","2","","","23","","1","","","B03","24.171445","120.667104","3"
"2019","7","8","17","49","臺中市","北屯區","0","1","0","8","1","5","50","3","1","1","5","4","5","7","4","4","10","3","5","2","16","4","2","9","1","1","C03","7","9","1","10","2","11","","4","4","1","21","8","C03","24.180224","120.684856","2"
"2019","7","8","17","49","臺中市","北屯區","0","2","0","8","1","5","50","14","9","1","5","4","5","7","4","4","9","5","5","2","17","27","2","9","1","1","C03","7","5","1","10","2","14","","27","27","1","21","8","C03","24.171505","120.683873","2"
"2019","7","8","17","54","臺中市","北屯區","0","0","0","8","","","50","","","","","","","","","","","","","","","","","","","","A42","","","1","","2","","","23","","2","","","A42","24.164545","120.721476","3"
"2019","7","8","17","59","臺中市","北區","0","0","0","8","","","50","","","","","","","","","","","","","","","38","","","","","","","","8","","11","","","43","38","1","","","","24.160401","120.674261","3"
"2019","7","8","18","8","臺中市","北區","0","1","0","8","1","5","50","4","1","1","5","4","5","7","1","1","5","4","4","2","16","6","3","10","1","1","B03","7","5","1","8","2","2","","6","6","1","21","8","B03","24.155227","120.666997","2"
"2019","7","8","18","9","臺中市","西屯區","0","1","0","8","1","5","50","14","9","1","5","4","5","7","1","1","10","5","5","2","13","23","2","9","1","1","C03","7","9","1","10","2","11","","23","23","1","21","8","C03","24.165948","120.651733","2"
"2019","7","8","18","20","臺中市","南區","0","1","0","8","2","5","50","14","7","1","5","4","5","7","4","4","5","4","4","2","12","23","3","10","1","1","B03","7","9","1","8","2","5","","23","23","1","22","8","B03","24.131012","120.674811","2"
"2019","7","8","18","25","臺中市","南屯區","0","2","0","8","1","5","50","4","1","1","5","4","5","7","1","1","10","5","5","2","16","6","3","10","1","1","B03","7","5","1","8","2","1","","6","6","1","22","9","B03","24.149936","120.651698","2"
"2019","7","8","18","26","臺中市","潭子區","0","2","0","8","2","5","50","14","7","1","5","4","5","7","4","4","5","5","4","2","16","19","2","9","4","5","F01","7","1","8","20","2","16","","19","19","1","15","7","F01","24.194502","120.697385","2"
"2019","7","8","18","30","臺中市","北區","0","0","0","8","","","40","","","","","","","","","","","","","","","","","","","","B03","","","1","","2","","","23","","1","22","","B03","24.162448","120.684481","3"
"2019","7","8","18","30","臺中市","北屯區","0","0","0","8","","","50","","","","","","","","","","","","","","","","","","","","B03","","","1","","2","","","16","","1","21","","B03","24.181665","120.684873","3"
"2019","7","8","18","32","臺中市","西屯區","0","0","0","8","","","50","","","","","","","","","","","","","","","6","","","","","B03","","","1","","2","","","6","6","","","","B03","24.185776","120.624806","3"
"2019","7","8","18","34","臺中市","北區","0","0","0","8","","","50","","","","","","","","","","","","","","","","","","","","B03","","","1","","2","","","6","","1","5","","B03","24.155292","120.695238","3"
"2019","7","8","18","40","臺中市","南屯區","0","0","0","8","","","50","","","","","","","","","","","","","","","","","","","","B03","","","1","","2","","","7","","1","5","","B03","24.146724","120.649949","3"
"2019","7","8","18","41","臺中市","大里區","0","0","0","8","2","5","50","3","2","1","5","4","5","7","4","4","9","4","5","1","16","21","3","10","1","1","B03","7","9","6","18","8","5","","21","21","1","12","8","B03","24.099859","120.701476","3"
"2019","7","8","18","41","臺中市","梧棲區","0","0","0","8","","","50","","","","","","","","","","","","","","","","","","","","B03","","","1","","2","","","18","","1","5","","B03","24.258961","120.534023","4"
"2019","7","8","18","46","臺中市","北區","0","1","0","8","1","5","40","14","8","1","5","4","5","7","4","4","1","4","4","2","14","12","3","10","1","1","B03","7","2","1","8","2","7","","12","12","1","21","8","B03","24.156538","120.685315","2"
"2019","7","8","19","1","臺中市","南屯區","0","0","0","8","","","50","","","","","","","","","","","","","","","","","","","","B02","","","1","","2","","","6","","1","","","B02","24.150869","120.635018","3"
"2019","7","8","19","3","臺中市","北區","0","0","0","8","","","50","","","","","","","","","","","","","","","","","","","","B03","","","1","","11","","","7","","1","22","","B03","24.172233","120.679458","3"
"2019","7","8","19","30","臺中市","南屯區","0","1","0","8","3","5","50","4","1","1","5","4","5","7","2","1","10","5","5","2","16","25","3","10","1","1","B03","7","9","1","8","2","5","","25","25","1","5","7","B03","24.145093","120.62323","2"
"2019","7","8","19","37","臺中市","西區","0","0","0","8","","","50","","","","","","","","","","","","","","","","3","","","","B03","","","1","","2","","","12","","","21","","B03","24.15084","120.666238","3"
"2019","7","8","20","10","臺中市","大雅區","0","0","0","8","","","40","","","","","","","","","","","","","","","","","","","","F03","","","8","","9","","","23","","1","22","","F03","24.223012","120.656232","3"
"2019","7","8","20","15","臺中市","南屯區","0","0","0","8","","","50","","","","","","","","","","","","","","","","","","","","C03","","","1","","2","","","23","","1","","","C03","24.155504","120.648961","3"
"2019","7","8","20","15","臺中市","西屯區","0","0","0","8","","","50","","","","","","","","","","","","","","","23","","","","","B03","","","1","","7","","","23","23","","","","B03","24.178101","120.655355","3"
"2019","7","8","20","16","臺中市","西屯區","0","1","0","8","3","5","50","4","1","1","5","4","5","7","2","1","10","5","5","2","16","6","3","10","1","1","B11","7","6","1","8","2","2","","6","6","1","21","8","B11","24.192899","120.606467","2"
"2019","7","8","20","17","臺中市","大雅區","0","2","0","8","4","5","50","14","9","1","5","4","5","7","4","4","5","5","5","1","12","19","3","10","1","1","B03","7","1","1","8","2","4","","19","19","1","22","9","B03","24.223469","120.647889","2"
"2019","7","8","20","38","臺中市","北區","0","0","0","","","","","","","","","","","","","","","","","","","","","","","","B03","","","1","","10","","","43","","1","","","B03","24.169194","120.676578","3"
"2019","7","8","20","45","臺中市","神岡區","0","0","0","8","","","50","","","","","","","","","","","","","","","","","","","","B03","","","1","","2","","","12","","1","21","","B03","24.25856","120.663076","3"
"2019","7","8","21","5","臺中市","西屯區","0","1","0","8","3","5","50","14","7","1","5","4","5","7","4","4","8","4","4","2","16","21","2","9","3","4","C03","7","11","6","10","8","14","","21","21","1","22","9","C03","24.176001","120.623108","2"
"2019","7","8","21","12","臺中市","西屯區","0","0","0","8","","","50","","","","","","","","","","","","","","","23","","","","","B03","","","1","","2","","","23","23","1","","","B03","24.185838","120.61916","3"
"2019","7","8","21","15","臺中市","潭子區","0","0","0","8","","","40","","","","","","","","","","","","","","","","","","","","B12","","","1","","2","","","23","","1","22","","B12","24.211709","120.707548","3"
"2019","7","8","21","24","臺中市","大雅區","0","3","0","8","3","5","50","5","1","1","5","4","5","7","1","1","10","5","5","2","17","25","3","10","1","1","B12","7","5","1","8","2","2","","25","25","1","21","8","B12","24.209511","120.650887","2"
"2019","7","8","21","53","臺中市","北屯區","0","2","0","8","3","5","50","14","9","1","5","4","5","7","4","4","4","4","5","2","17","43","2","9","1","1","C03","7","15","1","10","2","15","","43","43","1","21","8","C03","24.199078","120.76395","2"
"2019","7","8","22","12","臺中市","沙鹿區","0","0","0","8","","","50","","","","","","","","","","","","","","","","","","","","B03","","","1","","2","","","16","","","4","","B03","24.237236","120.56926","3"
"2019","7","8","22","28","臺中市","北屯區","0","1","0","8","3","5","50","4","1","1","5","4","5","7","1","1","10","5","5","2","15","25","2","9","1","1","C03","7","9","1","10","2","12","","25","25","1","21","8","C03","24.174181","120.678285","2"
"2019","7","8","22","44","臺中市","梧棲區","0","0","0","8","","","50","","","","","","","","","","","","","","","","","","","","B03","","","1","","2","","","16","","1","11","","B03","24.223971","120.523267","3"
"2019","7","9","3","47","臺中市","南屯區","0","0","0","8","","","40","","","","","","","","","","","","","","","","","","","","B03","","","1","","11","","","43","","1","21","","B03","24.143497","120.635858","3"
"2019","7","9","6","20","臺中市","大甲區","0","1","0","8","1","5","50","14","8","1","1","4","5","7","4","4","9","5","4","2","13","43","2","7","1","1","C03","7","9","1","10","2","11","","43","43","1","10","1","C03","24.403337","120.646108","2"
"2019","7","9","6","40","臺中市","潭子區","0","0","0","8","","","50","","","","","","","","","","","","","","","","","","","","C03","","","1","","2","","","26","","1","22","","C03","24.224527","120.694765","3"
"2019","7","9","6","55","臺中市","太平區","0","0","0","8","","","40","","","","","","","","","","","","","","","","","","","","C03","","","1","","11","","","42","","1","4","","C03","24.102805","120.727258","3"
"2019","7","9","7","0","臺中市","南屯區","0","0","0","8","","","50","","","","","","","","","","","","","","","","","","","","B03","","","1","","9","","","12","","2","","","B03","24.153194","120.615548","3"
"2019","7","9","7","5","臺中市","南區","0","2","0","8","1","5","40","14","7","1","5","4","5","7","4","4","5","4","4","2","17","11","2","8","1","1","C03","7","11","1","10","2","14","","11","11","1","21","8","C03","24.123188","120.6661","2"
"2019","7","9","7","10","臺中市","大甲區","0","2","0","8","1","5","70","14","8","1","5","4","5","7","4","4","1","4","4","1","13","42","2","9","1","1","C03","7","15","1","10","2","11","","42","42","1","16","8","C03","24.31565","120.604766","2"
"2019","7","9","7","20","臺中市","南屯區","0","2","0","8","1","5","50","4","1","1","5","4","5","7","4","4","10","5","5","2","15","6","2","9","1","1","C03","7","9","1","10","2","12","","6","6","1","22","9","C03","24.1532","120.6165","2"
"2019","7","9","7","21","臺中市","北屯區","0","1","0","8","1","5","40","14","9","1","5","4","3","5","4","4","10","5","5","2","17","19","3","10","1","1","B12","7","1","1","8","2","1","","19","19","1","5","8","B12","24.198476","120.663063","2"
"2019","7","9","7","35","臺中市","后里區","0","0","0","8","","","60","","","","","","","","","","","","","","","","","","","","B03","","","5","","2","","","16","","1","","","B03","24.283887","120.729369","3"
"2019","7","9","7","49","臺中市","東區","0","1","0","6","1","5","50","14","9","1","4","4","5","7","4","4","5","4","5","2","18","23","2","9","1","1","C03","7","9","1","10","2","14","","23","23","1","21","8","C03","24.141608","120.698055","2"