"年","月","日","時","分","縣市","區","死","受傷","2-30","天候","光線","道路類別","速限","道路型態","事故位置","路面鋪裝","路面狀態","路面缺陷","障礙物","視距","號誌種類","號誌動作","分向設施","快車道或一般車道間","快慢車道間","路面邊線","事故類型及型態","主要肇因","受傷程度","主要傷處","保護裝備","行動電話","當事者區分_類別","車輛用途","當事者行動狀態","駕駛資格情形","駕駛執照種類","飲酒情形","車輛撞擊部位最初","車輛撞擊部位其他","肇事因素個別","肇事因素主要","肇事逃逸","職業","旅次目的","車種","GPS座標_緯度","GPS座標_經度","事故類別"
"2019","7","10","10","40","臺中市","東區","0","1","0","8","1","5","50","11","9","1","5","4","5","7","4","4","5","4","5","2","12","42","2","9","1","1","C03","7","5","1","10","2","12","","42","42","1","5","8","C03","24.13004","120.685182","2"
"2019","7","10","10","44","臺中市","大甲區","0","0","0","","","","","","","","","","","","","","","","","","","12","","","","","B01","","","1","","2","","","44","12","1","10","","B01","24.346452","120.632877","3"
"2019","7","10","10","48","臺中市","烏日區","0","1","0","8","1","5","50","3","1","1","5","4","5","7","1","1","10","5","5","2","16","43","2","9","1","1","B12","7","9","1","8","2","1","","43","43","1","21","1","B12","24.06735","120.645911","2"
"2019","7","10","11","0","臺中市","大雅區","0","0","0","8","","","40","","","","","","","","","","","","","","","","","","","","B03","","","1","","2","","","12","","1","22","","B03","24.2403","120.672845","3"
"2019","7","10","11","4","臺中市","北區","0","1","0","8","1","5","50","3","2","1","5","4","5","7","4","4","1","4","4","2","16","6","3","10","1","1","B03","7","6","1","8","2","8","","6","6","1","21","8","B03","24.160333","120.69445","2"
"2019","7","10","11","5","臺中市","南屯區","0","0","0","8","","","50","","","","","","","","","","","","","","","","","","","","B11","","","1","","2","","","23","","1","","","B11","24.135446","120.642681","3"
"2019","7","10","11","16","臺中市","西區","0","1","0","8","1","5","50","4","1","1","5","4","5","7","4","4","5","5","5","1","16","6","3","10","1","1","B02","7","9","1","8","2","5","","6","6","1","21","8","B02","24.13593","120.671018","2"
"2019","7","10","11","32","臺中市","沙鹿區","0","1","0","8","1","5","50","11","9","1","5","4","5","7","4","4","9","5","5","2","18","42","2","9","1","1","C03","7","9","1","10","2","12","","42","42","1","18","8","C03","24.197602","120.573217","2"
"2019","7","10","11","44","臺中市","西屯區","0","1","0","8","1","5","40","3","1","1","5","4","5","7","4","4","5","5","5","2","17","42","2","7","1","1","C03","7","6","1","10","2","14","","42","42","1","21","8","C03","24.163336","120.629978","2"
"2019","7","10","11","46","臺中市","西屯區","0","2","0","8","1","5","40","3","1","1","5","4","5","7","3","1","9","4","4","2","16","6","2","9","1","1","C03","7","5","1","10","2","11","","6","6","1","22","9","C03","24.164668","120.63859","2"
"2019","7","10","11","49","臺中市","北區","0","0","0","8","","","50","","","","","","","","","","","","","","","","","","","","B12","","","1","","2","","","23","","1","22","","B12","24.1605","120.6661","3"
"2019","7","10","12","1","臺中市","梧棲區","0","1","0","8","1","5","50","5","1","1","5","4","5","7","1","1","10","5","5","2","16","8","2","9","1","1","C03","7","5","1","10","2","12","","8","8","1","20","5","C03","24.243883","120.527818","2"
"2019","7","10","12","5","臺中市","大里區","0","1","0","8","1","5","40","4","2","1","5","4","5","7","4","4","5","5","4","2","29","67","","","","","","","","","","","","","67","67","1","","","","24.092035","120.703266","2"
"2019","7","10","12","8","臺中市","神岡區","0","0","0","6","","","50","","","","","","","","","","","","","","","23","","","","","A31","","","1","","2","","","23","23","1","21","","A31","24.24739","120.687889","3"
"2019","7","10","12","13","臺中市","大雅區","0","0","0","8","","","40","","","","","","","","","","","","","","","","","","","","B12","","","1","","2","","","23","","1","","","B12","24.218705","120.651113","3"
"2019","7","10","12","14","臺中市","北區","0","1","0","7","1","5","50","4","3","1","5","4","5","7","2","1","10","5","5","2","12","6","3","10","1","1","B03","7","6","1","8","2","5","","6","6","1","22","8","B03","24.162132","120.664047","2"
"2019","7","10","12","17","臺中市","后里區","0","3","0","8","1","5","50","5","2","1","5","4","5","7","1","1","5","4","5","1","16","8","2","9","1","1","F02","7","5","8","20","2","16","","8","8","1","16","8","F02","24.311113","120.680266","2"
"2019","7","10","12","24","臺中市","太平區","0","0","0","8","","","50","","","","","","","","","","","","","","","","","","","","B03","","","1","","2","","","6","","1","","","B03","24.149337","120.712632","3"
"2019","7","10","12","35","臺中市","南屯區","0","2","0","8","1","5","50","4","1","1","5","4","5","7","2","1","10","5","5","2","16","6","2","9","4","5","F01","7","5","8","20","2","16","","6","6","1","22","9","F01","24.142978","120.642924","2"
"2019","7","10","12","36","臺中市","大甲區","0","1","0","7","1","5","50","4","1","1","5","4","5","7","4","4","10","5","5","2","15","6","2","8","1","1","C03","7","9","1","10","2","13","","6","6","1","5","8","C03","24.352043","120.619513","2"
"2019","7","10","12","42","臺中市","西屯區","0","0","0","8","","","50","","","","","","","","","","","","","","","","","","","","B03","","","1","","2","","","6","","1","","","B03","24.189892","120.61358","3"
"2019","7","10","12","47","臺中市","南區","0","0","0","8","","","40","","","","","","","","","","","","","","","23","3","","","","B11","","","1","","2","","","23","23","","10","","B11","24.131011","120.681441","3"
"2019","7","10","12","58","臺中市","烏日區","0","1","0","6","1","5","60","14","8","1","4","4","5","7","4","4","1","4","4","1","18","23","2","9","1","1","C03","7","9","1","10","2","11","12","23","23","1","21","1","C03","24.105886","120.632983","2"
"2019","7","10","13","0","臺中市","烏日區","0","2","0","7","1","5","40","14","8","1","5","4","5","7","4","4","1","4","4","1","20","43","2","9","1","1","C03","7","9","1","10","2","14","","43","43","1","21","8","C03","24.102105","120.620368","2"
"2019","7","10","13","8","臺中市","北區","0","2","0","6","1","5","50","4","1","1","4","4","5","7","4","4","10","5","5","2","16","26","2","9","1","1","C03","7","9","1","10","2","12","","26","26","1","21","8","C03","24.161631","120.679961","2"
"2019","7","10","13","21","臺中市","北區","0","1","0","6","1","5","50","3","2","1","4","4","5","7","1","1","10","4","5","2","18","42","2","9","1","1","C03","7","9","3","18","2","12","","42","42","1","22","8","C03","24.1574","120.6676","2"
"2019","7","10","13","33","臺中市","西區","0","0","0","8","","","50","","","","","","","","","","","","","","","","","","","","B12","","","1","","2","","","17","","2","21","","B12","24.140639","120.681024","3"
"2019","7","10","13","39","臺中市","北區","0","1","0","6","1","5","50","5","1","1","4","4","5","7","4","4","10","5","5","2","16","6","3","10","1","1","B11","7","9","1","4","2","4","","6","6","1","5","8","B11","24.152201","120.673083","2"
"2019","7","10","13","43","臺中市","西屯區","0","1","0","7","1","5","50","4","1","1","4","4","5","7","2","1","10","5","5","2","15","42","3","10","1","1","C03","7","9","1","10","2","11","","42","42","1","21","8","C03","24.17217","120.661053","2"
"2019","7","10","13","56","臺中市","西屯區","0","0","0","8","","","50","","","","","","","","","","","","","","","","","","","","B03","","","1","","2","","","23","","1","22","","B03","24.200503","120.657048","3"
"2019","7","10","13","58","臺中市","中區","0","1","0","8","1","5","40","14","8","1","5","4","5","7","4","4","5","5","4","2","12","19","3","10","1","1","B03","7","1","1","1","2","7","","19","19","1","5","6","B03","24.147545","120.679033","2"
"2019","7","10","14","4","臺中市","烏日區","0","0","0","","","","","","","","","","","","","","","","","","","","","","","","B03","","","1","","3","","","16","","1","22","","B03","24.10424","120.627569","3"
"2019","7","10","14","6","臺中市","北屯區","0","0","0","8","","","50","","","","","","","","","","","","","","","","","","","","B12","","","1","","2","","","23","","1","22","","B12","24.17454","120.685663","3"
"2019","7","10","14","18","臺中市","霧峰區","0","0","0","8","1","5","70","14","7","1","5","4","5","7","4","4","1","4","4","1","13","23","3","10","1","1","B02","7","9","1","8","2","1","","23","23","1","5","8","B02","24.065157","120.695927","3"
"2019","7","10","14","18","臺中市","龍井區","0","1","0","7","1","5","40","4","1","1","5","4","5","7","4","4","10","5","5","2","16","6","2","9","1","1","C03","7","9","1","10","2","11","","6","6","1","21","8","C03","24.188777","120.591268","2"
"2019","7","10","14","20","臺中市","沙鹿區","0","0","0","8","","","60","","","","","","","","","","","","","","","","","","","","B03","","","1","","1","","","2","","2","19","","B03","24.251664","120.57576","3"
"2019","7","10","14","24","臺中市","西屯區","0","0","0","8","","","0","","","","","","","","","","","","","","","26","","","","","B03","","","1","","2","","","26","26","1","","","B03","24.1814","120.614981","3"
"2019","7","10","14","32","臺中市","太平區","0","0","0","8","","","40","","","","","","","","","","","","","","","","","","","","A12","","","1","","2","","","19","","1","4","","A12","24.118581","120.705888","3"
"2019","7","10","14","37","臺中市","東區","0","2","0","8","1","5","40","4","1","1","5","4","5","7","1","1","10","5","5","2","16","6","2","9","3","4","C03","7","5","4","11","2","12","","6","6","1","5","8","C03","24.142675","120.704085","2"
"2019","7","10","14","38","臺中市","東區","0","1","0","8","1","5","40","14","8","1","5","4","5","7","4","4","1","4","4","2","13","16","2","9","1","1","C03","7","9","1","10","2","11","","16","16","1","5","8","C03","24.132681","120.692349","2"
"2019","7","10","14","45","臺中市","沙鹿區","0","0","0","8","","","40","","","","","","","","","","","","","","","43","","","","","B03","","","1","","1","","","44","43","1","4","","B03","24.231352","120.56588","3"
"2019","7","10","14","56","臺中市","北屯區","0","0","0","8","","","60","","","","","","","","","","","","","","","","","","","","B03","","","1","","2","","","23","","1","21","","B03","24.164738","120.71219","3"
"2019","7","10","15","0","臺中市","北屯區","0","0","0","8","","","40","","","","","","","","","","","","","","","","","","","","A11","","","1","","1","","","23","","1","","","A11","24.187481","120.685467","3"
"2019","7","10","15","3","臺中市","太平區","0","0","0","8","","","50","","","","","","","","","","","","","","","","","","","","B03","","","1","","2","","","42","","1","","","B03","24.149722","120.714444","3"
"2019","7","10","15","8","臺中市","北區","0","0","0","8","","","50","","","","","","","","","","","","","","","","3","","","","B01","","","1","","2","","","23","","1","10","","B01","24.16657","120.668032","3"
"2019","7","10","15","16","臺中市","北區","0","0","0","8","","","50","","","","","","","","","","","","","","","","","","","","B03","","","1","","2","","","12","","1","5","","B03","24.15884","120.68844","3"
"2019","7","10","15","24","臺中市","南屯區","0","0","0","","","","","","","","","","","","","","","","","","","","","","","","B03","","","1","","2","","","12","","1","","","B03","24.148408","120.633316","3"
"2019","7","10","15","34","臺中市","東區","0","1","0","8","1","5","50","4","1","1","5","4","5","7","1","1","10","5","5","2","16","6","2","9","1","1","C03","7","5","1","10","2","14","","6","6","1","21","8","C03","24.129816","120.692883","2"
"2019","7","10","15","35","臺中市","西屯區","0","0","0","8","","","50","","","","","","","","","","","","","","","23","","","","","B03","","","1","","2","","","23","23","1","22","","B03","24.174667","120.665699","3"
"2019","7","10","15","49","臺中市","南區","0","1","0","8","1","5","50","14","9","1","5","4","5","7","4","4","5","4","5","2","13","16","2","8","1","1","C03","7","9","1","10","2","11","","16","16","1","21","8","C03","24.134758","120.682747","2"
"2019","7","10","15","49","臺中市","東區","0","0","0","7","1","5","50","4","2","1","5","4","5","7","4","4","10","5","5","2","14","12","3","10","1","1","B11","7","2","1","8","2","6","","12","12","1","21","8","B11","24.133984","120.683787","3"
"2019","7","10","15","49","臺中市","太平區","0","1","0","7","1","5","50","4","2","1","5","4","4","7","1","1","10","5","5","2","12","17","2","7","1","1","C03","7","9","1","10","2","11","","17","17","1","21","8","C03","24.147933","120.700598","2"
"2019","7","10","15","51","臺中市","太平區","0","1","0","8","1","5","50","3","2","1","5","4","5","7","4","4","9","5","5","2","16","6","3","10","1","1","C03","7","5","1","10","3","11","","6","6","1","4","5","C03","24.131471","120.713248","2"
"2019","7","10","15","57","臺中市","大雅區","0","2","0","8","1","5","50","3","1","1","5","4","5","7","1","1","5","4","4","1","16","25","2","9","1","1","C03","7","5","1","10","2","11","","25","25","1","22","9","C03","24.219281","120.641082","2"
"2019","7","10","16","2","臺中市","西區","0","0","0","8","","","50","","","","","","","","","","","","","","","","","","","","B03","","","1","","2","","","6","","1","21","","B03","24.14016","120.665713","3"
"2019","7","10","16","10","臺中市","霧峰區","0","2","0","8","1","5","50","4","1","1","5","4","5","7","4","4","10","5","5","2","16","6","2","9","4","5","F01","7","5","8","20","2","16","","6","6","1","20","8","F01","24.069266","120.699246","2"
"2019","7","10","16","11","臺中市","南區","0","0","0","7","1","5","50","4","7","1","5","4","5","7","1","1","9","4","5","2","13","23","","","","","B12","","9","1","8","2","1","","23","23","1","5","","B12","24.12885","120.668696","3"
"2019","7","10","16","18","臺中市","東區","0","0","0","8","","","50","","","","","","","","","","","","","","","","3","","","","B12","","","1","","2","","","23","","1","21","","B12","24.132471","120.698675","3"
"2019","7","10","16","26","臺中市","太平區","0","1","0","8","1","5","50","4","1","1","5","4","5","7","3","1","10","5","5","2","15","6","2","9","1","1","C03","7","9","1","10","2","11","","6","6","1","21","8","C03","24.126513","120.716554","2"
"2019","7","10","16","30","臺中市","大雅區","0","0","0","8","","","50","","","","","","","","","","","","","","","","","","","","B02","","","1","","2","","","23","","1","","","B02","24.222149","120.645306","3"
"2019","7","10","16","30","臺中市","大雅區","0","0","0","8","","","50","","","","","","","","","","","","","","","","","","","","B02","","","1","","2","","","23","","1","","","B02","","","3"
"2019","7","10","16","45","臺中市","沙鹿區","0","1","0","7","1","5","40","15","13","1","5","4","5","7","4","4","10","5","5","1","17","6","3","10","1","1","C03","7","5","1","10","2","12","","6","6","1","5","8","C03","24.233198","120.56549","2"
"2019","7","10","16","49","臺中市","外埔區","0","1","0","8","1","5","50","14","12","1","5","4","5","7","4","4","5","4","4","1","12","23","3","10","1","4","B12","7","9","1","8","2","6","","23","23","1","22","8","B12","24.341538","120.63814","2"
"2019","7","10","16","50","臺中市","西屯區","0","0","0","8","","","50","","","","","","","","","","","","","","","23","","","","","B03","","","1","","2","","","23","23","1","","","B03","24.174244","120.617084","3"
"2019","7","10","16","55","臺中市","太平區","0","0","0","8","","","50","","","","","","","","","","","","","","","","","","","","B03","","","1","","2","","","23","","1","","","B03","24.158968","120.705127","3"
"2019","7","10","16","59","臺中市","梧棲區","0","1","0","7","1","5","40","4","1","1","5","4","5","7","1","1","10","5","5","2","16","16","2","8","1","1","C03","7","9","1","10","2","11","","16","16","1","20","5","C03","24.253042","120.528372","2"
"2019","7","10","17","3","臺中市","北區","0","0","0","8","","","50","","","","","","","","","","","","","","","","3","","","","B03","","","1","","2","","","44","","1","22","","B03","24.146681","120.68616","3"
"2019","7","10","17","4","臺中市","東區","0","1","0","8","1","5","50","4","1","1","5","4","5","7","1","1","10","5","5","2","15","25","2","9","1","1","C03","7","9","1","10","2","11","12","25","25","1","21","8","C03","24.140287","120.70241","2"
"2019","7","10","17","7","臺中市","西屯區","0","0","0","8","","","50","","","","","","","","","","","","","","","","","","","","B12","","","1","","2","","","7","","1","22","","B12","24.157398","120.608534","3"
"2019","7","10","17","8","臺中市","神岡區","0","0","0","8","","","50","","","","","","","","","","","","","","","","","","","","B03","","","1","","2","","","6","","1","22","","B03","24.258285","120.648272","3"
"2019","7","10","17","9","臺中市","北區","0","2","0","8","1","5","50","4","1","1","5","4","5","7","1","1","5","4","5","2","15","25","2","9","1","1","C03","7","9","1","10","2","11","","25","25","1","5","8","C03","24.16044","120.67854","2"
"2019","7","10","17","9","臺中市","大里區","0","2","0","8","1","5","40","11","9","1","5","4","5","7","4","4","10","5","5","1","17","23","2","9","1","1","C03","7","9","1","10","2","12","","23","23","1","22","9","C03","24.088292","120.723985","2"
"2019","7","10","17","13","臺中市","北屯區","0","0","0","8","","","50","","","","","","","","","","","","","","","","","","","","C03","","","1","","1","","","23","","1","","","C03","24.182115","120.688815","3"
"2019","7","10","17","13","臺中市","西屯區","0","0","0","6","","","40","","","","","","","","","","","","","","","","","","","","B03","","","1","","2","","","12","","1","22","","B03","24.17559","120.58783","3"
"2019","7","10","17","15","臺中市","大雅區","0","0","0","8","","","50","","","","","","","","","","","","","","","","","","","","B03","","","1","","2","","","19","","1","22","","B03","24.221656","120.656662","3"
"2019","7","10","17","18","臺中市","清水區","0","1","0","6","1","5","50","4","1","1","4","4","5","7","3","1","9","4","4","2","17","23","2","9","1","1","C03","7","9","1","10","2","15","","23","23","1","21","1","C03","24.278518","120.560556","2"
"2019","7","10","17","19","臺中市","北屯區","0","1","0","8","1","5","50","3","1","1","5","4","5","7","1","1","10","5","5","2","16","6","3","10","3","4","B03","7","5","1","8","2","6","","6","6","1","21","8","B03","24.190609","120.684902","2"
"2019","7","10","17","24","臺中市","大雅區","0","1","0","7","1","5","40","3","2","1","5","4","5","7","4","4","4","1","5","1","16","6","2","7","1","1","C03","7","9","3","18","2","11","","6","6","1","22","8","C03","24.223874","120.647792","2"
"2019","7","10","17","26","臺中市","后里區","0","0","0","","","","","","","","","","","","","","","","","","","","","","","","B03","","","1","","2","","","18","","1","21","","B03","24.331662","120.741748","3"
"2019","7","10","17","33","臺中市","大里區","0","1","0","8","3","5","40","4","1","1","5","4","5","7","1","1","10","5","5","2","13","23","3","10","1","1","C03","7","9","1","10","2","11","13","23","23","1","12","8","C03","24.104985","120.67239","2"
"2019","7","10","17","34","臺中市","西屯區","0","0","0","8","","","50","","","","","","","","","","","","","","","","","","","","B03","","","1","","2","","","16","","1","4","","B03","24.169167","120.631533","3"
"2019","7","10","17","35","臺中市","南屯區","0","1","0","8","1","5","50","4","1","1","5","4","5","7","4","4","10","5","5","2","15","6","3","10","1","1","B03","7","9","1","8","2","5","","6","6","1","22","9","B03","24.1426","120.647794","2"
"2019","7","10","17","35","臺中市","太平區","0","1","0","7","1","5","50","4","1","1","5","4","5","7","2","1","10","5","5","2","13","16","2","9","1","1","C03","7","9","1","10","2","11","","16","16","1","5","8","C03","24.128333","120.708333","2"
"2019","7","10","17","41","臺中市","北屯區","0","2","0","8","1","5","40","14","20","1","5","4","5","7","4","4","5","5","5","2","9","42","2","9","4","5","F01","7","9","8","20","2","16","","42","42","1","21","8","F01","24.173569","120.682975","2"
"2019","7","10","17","45","臺中市","霧峰區","0","2","0","8","1","5","40","3","1","1","5","4","5","7","4","4","10","5","5","2","16","6","2","9","1","1","C03","7","6","1","10","2","11","","6","6","1","18","8","C03","24.070425","120.665553","2"
"2019","7","10","17","50","臺中市","西屯區","0","1","0","8","1","5","50","14","12","1","5","4","5","7","4","4","4","3","5","2","18","42","2","9","1","1","C03","7","9","1","10","2","14","","42","42","1","21","8","C03","24.184536","120.626439","2"
"2019","7","10","17","54","臺中市","南屯區","0","2","0","8","1","5","50","14","9","1","5","4","5","7","4","4","5","4","5","2","16","7","2","9","1","1","C03","7","7","1","10","2","14","","7","7","1","22","8","C03","24.138602","120.607394","2"
"2019","7","10","17","55","臺中市","潭子區","0","2","0","8","2","5","50","3","1","1","5","4","5","7","1","1","10","5","5","2","15","25","2","9","1","1","C03","7","9","1","10","2","11","","25","25","1","22","8","C03","24.213153","120.722574","2"
"2019","7","10","17","56","臺中市","西屯區","0","1","0","8","1","5","50","14","9","1","5","4","5","7","4","4","1","4","4","2","13","16","2","9","3","4","C03","7","9","1","10","2","11","","16","16","1","22","8","C03","24.172431","120.663238","2"
"2019","7","10","18","0","臺中市","潭子區","0","1","0","7","2","5","50","4","1","1","5","4","5","7","1","1","5","4","5","2","16","6","3","10","1","1","B03","7","5","1","8","2","6","","6","6","1","22","9","B03","24.207124","120.705048","2"
"2019","7","10","18","5","臺中市","神岡區","0","1","0","6","1","5","50","14","9","1","4","4","5","7","4","4","5","5","5","1","17","4","3","10","1","1","B03","7","9","1","8","2","15","","4","4","1","21","8","B03","24.269071","120.656545","2"
"2019","7","10","18","20","臺中市","北屯區","0","1","0","8","2","5","50","4","2","1","5","4","5","7","1","1","10","5","5","2","16","26","3","10","1","1","B03","7","6","1","8","2","6","","26","26","1","5","8","B03","24.177108","120.730863","2"
"2019","7","10","18","30","臺中市","大甲區","0","1","0","6","1","5","50","3","1","1","4","4","5","7","4","4","10","5","5","2","16","44","2","8","1","1","C03","7","5","1","10","2","12","","44","44","1","4","1","C03","24.353617","120.621237","2"
"2019","7","10","18","33","臺中市","北屯區","0","2","0","7","2","5","50","14","8","1","5","4","5","7","4","4","5","5","4","2","17","26","2","9","1","1","C03","7","11","1","10","2","11","","26","26","1","21","8","C03","24.189596","120.685595","2"
"2019","7","10","18","39","臺中市","神岡區","0","1","0","6","1","5","50","4","2","1","4","4","5","7","4","4","5","5","5","1","11","6","2","9","1","1","C03","7","9","1","10","2","12","","23","6","1","22","8","C03","24.273732","120.701566","2"
"2019","7","10","18","54","臺中市","南屯區","0","2","0","6","3","5","50","4","1","1","4","4","5","7","2","1","10","5","5","2","16","27","3","10","1","1","B03","7","6","1","8","2","2","","27","27","1","5","8","B03","24.128747","120.651065","2"
"2019","7","10","18","54","臺中市","霧峰區","0","0","0","6","","","50","","","","","","","","","","","","","","","","","","","","B03","","","1","","2","","","6","","1","22","","B03","24.064018","120.675618","3"
"2019","7","10","18","57","臺中市","北屯區","0","0","0","8","","","50","","","","","","","","","","","","","","","1","","","","","C03","","","1","","2","","","1","1","1","22","","C03","24.175806","120.697585","3"
"2019","7","10","19","5","臺中市","梧棲區","0","1","0","7","3","5","40","14","8","1","4","4","5","7","4","4","10","5","3","1","12","43","2","9","3","4","C03","7","9","1","10","11","11","","43","43","1","18","1","C03","24.248071","120.540976","2"
"2019","7","10","19","20","臺中市","霧峰區","0","0","0","6","","","70","","","","","","","","","","","","","","","","","","","","B12","","","1","","2","","","23","","1","9","","B12","24.077625","120.664012","3"
"2019","7","10","19","35","臺中市","太平區","0","0","0","6","","","40","","","","","","","","","","","","","","","","","","","","B03","","","1","","2","","","23","","1","","","B03","24.123395","120.72313","3"
"2019","7","10","19","42","臺中市","潭子區","0","1","0","6","3","5","60","14","7","1","4","4","5","7","4","4","1","4","4","1","27","44","3","10","1","1","B03","7","9","1","8","2","5","","44","44","1","22","8","B03","24.22433","120.707301","2"
"2019","7","10","19","43","臺中市","東區","0","0","0","6","","","50","","","","","","","","","","","","","","","","","","","","B03","","","1","","2","","","23","","1","21","","B03","24.133752","120.683327","3"
"2019","7","10","19","52","臺中市","霧峰區","0","0","0","6","","","50","","","","","","","","","","","","","","","","","","","","B03","","","1","","2","","","42","","1","12","","B03","24.070334","120.698064","3"
"2019","7","10","20","0","臺中市","北區","0","1","0","6","3","5","50","4","1","1","4","4","5","7","4","4","10","5","5","2","17","6","2","9","1","1","C03","7","9","1","10","2","15","","6","6","1","22","9","C03","24.168748","120.66889","2"
"2019","7","10","20","7","臺中市","南區","0","1","0","6","3","5","50","4","1","1","4","4","5","7","2","1","10","5","5","2","16","6","3","10","1","1","B03","7","6","1","8","2","2","","6","6","1","21","8","B03","24.12634","120.684079","2"
"2019","7","10","20","8","臺中市","南屯區","0","0","0","6","","","50","","","","","","","","","","","","","","","","","","","","B03","","","1","","2","","","23","","1","4","","B03","24.154155","120.650383","3"
"2019","7","10","20","10","臺中市","大甲區","0","1","0","8","3","5","50","4","1","1","5","4","5","7","4","4","10","5","5","2","15","6","3","10","1","1","B03","7","9","1","8","2","1","","6","6","1","4","1","B03","24.370933","120.631603","2"
"2019","7","10","20","14","臺中市","西區","0","1","0","6","3","5","50","3","1","1","4","4","5","7","4","4","5","4","5","2","16","6","3","10","1","1","B03","7","5","1","8","2","5","","6","6","1","21","8","B03","24.148578","120.661713","2"
"2019","7","10","20","14","臺中市","大雅區","0","1","0","6","3","5","50","4","2","1","4","4","5","7","1","1","1","3","4","1","16","16","2","8","1","1","C03","7","9","1","10","2","11","","16","16","1","22","8","C03","24.230664","120.640698","2"
"2019","7","10","20","20","臺中市","大里區","0","0","0","6","3","5","40","3","1","1","5","4","5","7","4","4","10","5","5","2","26","43","3","10","1","1","B03","7","6","1","8","2","2","","43","43","1","5","8","B03","24.107568","120.683141","3"
"2019","7","10","20","26","臺中市","北屯區","0","0","0","8","","","50","","","","","","","","","","","","","","","","","","","","B03","","","1","","2","","","16","","1","22","","B03","24.19118","120.660948","3"
"2019","7","10","20","29","臺中市","東區","0","1","0","8","1","5","50","14","9","1","4","4","5","7","4","4","3","4","5","2","12","7","3","10","1","1","B03","7","8","1","8","2","2","","7","7","1","21","8","B03","24.136784","120.688394","2"
"2019","7","10","20","29","臺中市","西屯區","0","1","0","6","3","5","50","4","1","1","4","4","5","7","2","1","1","4","1","2","16","25","3","10","1","1","B01","7","5","1","8","2","5","","25","25","1","10","8","B01","24.183075","120.593345","2"
"2019","7","10","20","30","臺中市","東勢區","0","0","0","6","3","5","50","14","9","1","4","4","5","7","4","4","5","5","5","1","17","23","3","10","1","1","B03","7","9","1","8","7","2","","23","23","2","22","8","B03","24.244095","120.843591","3"
"2019","7","10","20","33","臺中市","西屯區","0","0","0","8","","","40","","","","","","","","","","","","","","","","","","","","B03","","","1","","2","","","44","","1","4","","B03","24.169899","120.647967","3"
"2019","7","10","20","37","臺中市","北屯區","0","0","0","6","","","40","","","","","","","","","","","","","","","","","","","","C03","","","1","","2","","","16","","1","5","","C03","24.177283","120.697918","3"
"2019","7","10","20","38","臺中市","北區","0","0","0","6","","","40","","","","","","","","","","","","","","","","","","","","B03","","","1","","2","","","23","","1","5","","B03","24.15937","120.67119","3"
"2019","7","10","20","41","臺中市","潭子區","0","1","0","6","3","5","50","14","9","1","4","4","5","7","4","4","5","5","5","1","17","10","3","10","1","1","B03","7","11","1","8","2","8","","10","10","1","22","9","B03","24.204171","120.719178","2"
"2019","7","10","20","48","臺中市","西屯區","0","1","0","7","3","5","50","3","18","1","4","4","5","7","4","4","4","3","5","2","3","15","3","10","1","1","B03","7","9","1","8","2","8","","15","15","1","21","8","B03","24.19055","120.611791","2"
"2019","7","10","20","50","臺中市","沙鹿區","0","0","0","6","","","60","","","","","","","","","","","","","","","23","","","","","B03","","","1","","2","","","23","23","","","","B03","24.206003","120.564554","3"
"2019","7","10","20","53","臺中市","太平區","0","1","0","6","3","5","50","3","1","1","4","4","5","7","4","4","10","5","5","2","16","6","3","10","1","1","B03","7","5","1","8","2","5","","6","6","1","21","8","B03","24.118118","120.718694","2"
"2019","7","10","20","56","臺中市","北區","0","0","0","8","3","5","50","","","","","","","","","","","","","","","","","","","","B03","","","1","","2","","","23","","1","5","","B03","24.166881","120.672965","3"
"2019","7","10","20","56","臺中市","大雅區","0","0","0","8","","","40","","","","","","","","","","","","","","","","","","","","B12","","","1","","11","","","9","","2","21","","B12","24.209193","120.644136","3"
"2019","7","10","21","0","臺中市","南屯區","0","0","0","6","","","40","","","","","","","","","","","","","","","","","","","","B03","","","1","","2","","","6","","1","21","","B03","24.137235","120.641018","3"
"2019","7","10","21","18","臺中市","西區","0","0","0","6","","","50","","","","","","","","","","","","","","","","","","","","B12","","","1","","2","","","25","","1","","","B12","24.141138","120.666733","3"
"2019","7","10","21","23","臺中市","北屯區","0","0","0","8","","","50","","","","","","","","","","","","","","","","","","","","B03","","","1","","2","","","16","","1","22","","B03","24.17739","120.683591","3"
"2019","7","10","21","31","臺中市","中區","0","0","0","8","","","50","","","","","","","","","","","","","","","","","","","","B03","","","1","","2","","","17","","1","5","","B03","24.141028","120.678057","3"
"2019","7","10","21","31","臺中市","中區","0","1","0","6","3","5","50","14","9","1","4","4","1","7","4","4","9","5","5","2","17","42","2","9","1","1","C03","7","9","1","10","2","14","","42","42","1","5","5","C03","24.144526","120.681649","2"
"2019","7","10","21","34","臺中市","沙鹿區","0","1","0","7","3","5","50","3","2","1","4","4","5","7","4","4","10","5","5","2","18","43","2","9","1","1","C03","7","5","1","10","2","15","","43","43","1","21","9","C03","24.243319","120.568495","2"