"年","月","日","時","分","縣市","區","死","受傷","2-30","天候","光線","道路類別","速限","道路型態","事故位置","路面鋪裝","路面狀態","路面缺陷","障礙物","視距","號誌種類","號誌動作","分向設施","快車道或一般車道間","快慢車道間","路面邊線","事故類型及型態","主要肇因","受傷程度","主要傷處","保護裝備","行動電話","當事者區分_類別","車輛用途","當事者行動狀態","駕駛資格情形","駕駛執照種類","飲酒情形","車輛撞擊部位最初","車輛撞擊部位其他","肇事因素個別","肇事因素主要","肇事逃逸","職業","旅次目的","車種","GPS座標_緯度","GPS座標_經度","事故類別"
"2019","7","10","21","42","臺中市","大甲區","0","1","0","8","3","5","40","5","1","1","5","4","5","7","4","4","10","5","5","2","15","6","2","5","1","1","C03","7","9","1","10","2","12","","6","6","1","21","8","C03","24.41334","120.625128","2"
"2019","7","10","21","49","臺中市","潭子區","0","0","0","8","","","50","","","","","","","","","","","","","","","","","","","","B03","","","1","","2","","","23","","1","22","","B03","24.208946","120.703264","3"
"2019","7","10","21","54","臺中市","中區","0","0","0","","","","","","","","","","","","","","","","","","","","","","","","","","","8","","9","","","66","","1","","","","","","3"
"2019","7","10","22","5","臺中市","西區","0","1","0","8","3","5","50","14","9","1","5","4","5","7","4","4","5","4","5","2","17","26","3","10","1","1","B03","7","15","1","8","2","2","","26","26","1","5","5","B03","24.146687","120.667921","2"
"2019","7","10","22","59","臺中市","北屯區","0","1","0","7","3","5","50","4","1","1","4","4","5","7","3","1","10","5","5","2","15","6","2","9","1","1","C03","7","9","1","10","2","11","","6","6","1","21","4","C03","24.193133","120.671658","2"
"2019","7","11","0","23","臺中市","北屯區","0","0","0","6","","","30","","","","","","","","","","","","","","","","","","","","B03","","","1","","2","","","23","","1","5","","B03","24.177188","120.698098","3"
"2019","7","11","1","12","臺中市","西屯區","0","2","0","8","3","5","50","4","1","1","5","4","5","7","1","1","10","5","5","2","16","25","2","9","1","1","B03","7","5","1","8","2","1","","25","25","1","21","8","B03","24.170797","120.636545","2"
"2019","7","11","1","45","臺中市","北區","0","0","0","8","","","50","","","","","","","","","","","","","","","12","","","","","B03","","","1","","2","","","12","12","1","21","","B03","24.150981","120.678743","3"
"2019","7","11","6","0","臺中市","清水區","0","1","0","8","1","5","50","3","2","1","5","4","5","7","4","4","1","4","4","1","11","6","2","7","1","1","C03","7","5","1","10","2","12","","6","6","1","5","7","C03","24.275416","120.57746","2"
"2019","7","11","6","9","臺中市","中區","0","1","0","","","","","","","","","","","","","","","","","","","","","","","","B03","","","","","","","","","","1","","","B03","","","3"
"2019","7","11","6","38","臺中市","沙鹿區","0","2","0","8","1","5","40","11","9","1","5","4","5","3","4","4","10","5","5","2","11","23","2","9","1","1","C03","7","9","1","10","2","11","","23","23","1","19","8","C03","24.216249","120.549619","2"
"2019","7","11","6","41","臺中市","大雅區","0","2","0","8","1","5","50","3","1","1","5","4","5","7","3","1","5","5","5","1","17","23","2","5","1","1","C03","7","9","1","10","2","11","","23","23","1","21","8","C03","24.21731","120.647551","2"
"2019","7","11","6","45","臺中市","北屯區","0","0","0","","","","","","","","","","","","","","","","","","","","","","","","C03","","","1","","2","","","23","","1","","","C03","24.164797","120.70974","3"
"2019","7","11","7","5","臺中市","西屯區","0","0","0","8","","","50","","","","","","","","","","","","","","","6","","","","","C03","","","1","","2","","","14","6","1","","","C03","24.175443","120.644981","3"
"2019","7","11","7","7","臺中市","北屯區","0","0","0","8","","","50","","","","","","","","","","","","","","","","","","","","B03","","","1","","2","","","6","","1","5","","B03","24.165675","120.721641","3"
"2019","7","11","7","10","臺中市","清水區","0","1","0","8","1","5","50","14","9","1","5","4","5","7","4","4","5","4","4","2","13","16","2","9","1","1","C03","7","9","1","10","2","11","","16","16","1","6","1","C03","24.266407","120.574851","2"
"2019","7","11","7","17","臺中市","大里區","0","0","0","8","","","50","","","","","","","","","","","","","","","","","","","","B03","","","1","","9","","","6","","1","","","B03","24.109074","120.665287","3"
"2019","7","11","7","32","臺中市","北屯區","0","0","0","8","","","50","","","","","","","","","","","","","","","","","","","","B03","","","1","","2","","","6","","1","","","B03","24.170874","120.723581","3"
"2019","7","11","7","35","臺中市","東區","0","2","0","8","1","5","50","4","1","1","5","4","5","7","4","4","10","4","5","2","17","6","2","7","1","1","C03","7","9","1","10","11","11","","23","6","1","21","8","C03","24.146308","120.701606","2"
"2019","7","11","7","35","臺中市","大甲區","0","0","0","8","","","50","","","","","","","","","","","","","","","","","","","","B03","","","1","","2","","","6","","1","9","","B03","24.351716","120.620517","3"
"2019","7","11","7","36","臺中市","神岡區","0","1","0","7","1","5","50","4","1","1","5","4","5","7","3","1","10","5","5","2","11","14","2","8","1","1","C03","7","9","1","10","2","14","","14","14","1","21","1","C03","24.258723","120.653563","2"
"2019","7","11","7","39","臺中市","烏日區","0","1","0","7","1","5","50","3","1","1","5","4","5","7","2","1","10","5","5","2","16","26","2","7","1","1","C03","7","5","1","10","2","11","14","26","26","1","21","1","C03","24.108721","120.624683","2"
"2019","7","11","7","41","臺中市","大里區","0","0","0","8","","","40","","","","","","","","","","","","","","","","","","","","F01","","","8","","2","","","4","","","","","F01","24.093607","120.694061","3"
"2019","7","11","7","42","臺中市","北區","0","0","0","8","","","50","","","","","","","","","","","","","","","","","","","","C03","","","1","","2","","","7","","1","22","","C03","24.1651","120.6785","3"
"2019","7","11","7","44","臺中市","北屯區","0","2","0","8","1","5","50","4","1","1","5","4","5","7","1","1","10","5","5","2","16","16","2","9","1","1","C03","7","9","1","9","2","11","","16","16","1","21","8","C03","24.174023","120.679566","2"
"2019","7","11","7","44","臺中市","梧棲區","0","2","0","6","1","5","40","4","1","1","4","4","5","7","4","4","10","5","5","2","15","6","2","9","1","1","C03","7","9","1","10","2","14","","6","6","1","5","1","C03","24.258625","120.547954","2"
"2019","7","11","7","46","臺中市","沙鹿區","0","1","0","6","1","5","50","4","2","1","4","4","5","7","1","1","1","2","4","2","18","42","2","9","1","1","C03","7","9","1","10","2","12","","42","42","1","21","8","C03","24.23474","120.559137","2"
"2019","7","11","7","46","臺中市","梧棲區","0","2","0","6","1","5","60","14","8","1","4","4","5","7","4","4","1","4","4","1","12","6","2","9","1","1","C03","7","8","1","10","2","11","","6","6","1","12","1","C03","24.238588","120.531218","2"
"2019","7","11","7","47","臺中市","南屯區","0","2","0","8","1","5","40","14","8","1","5","4","5","7","1","1","1","4","5","2","13","23","2","9","1","1","C03","7","9","1","10","2","11","","23","23","1","22","8","C03","24.132197","120.62356","2"
"2019","7","11","7","49","臺中市","大雅區","0","0","0","8","","","40","","","","","","","","","","","","","","","","","","","","B03","","","1","","2","","","5","","1","22","","B03","24.21697","120.649864","3"
"2019","7","11","7","55","臺中市","大里區","0","2","0","7","1","5","50","4","1","1","5","4","5","7","3","1","10","5","5","2","16","6","3","10","1","1","C03","7","5","1","10","2","11","","6","6","1","12","8","C03","24.096721","120.677118","2"
"2019","7","11","7","56","臺中市","北屯區","0","1","0","8","1","5","50","4","1","1","5","4","5","7","4","4","10","5","5","2","16","23","3","10","1","1","C03","7","9","1","10","2","15","","23","23","1","21","8","C03","24.16242","120.719399","2"
"2019","7","11","7","58","臺中市","潭子區","0","0","0","8","","","40","","","","","","","","","","","","","","","","","","","","B03","","","1","","2","","","16","","1","22","","B03","24.201273","120.70252","3"
"2019","7","11","8","0","臺中市","北屯區","0","0","0","8","","","50","","","","","","","","","","","","","","","","","","","","B03","","","1","","2","","","23","","1","","","B03","24.182242","120.717812","3"
"2019","7","11","8","0","臺中市","西屯區","0","2","0","6","1","5","50","4","1","1","4","4","5","7","2","1","10","5","5","2","16","8","2","8","1","1","C03","7","5","1","10","2","12","","8","8","1","3","8","C03","24.183316","120.593093","2"
"2019","7","11","8","0","臺中市","霧峰區","0","0","0","","","","","","","","","","","","","","","","","","","","","","","","C03","","","1","","2","","","16","","1","18","","C03","24.071435","120.702829","3"
"2019","7","11","8","0","臺中市","龍井區","0","1","0","6","1","5","50","4","1","1","4","4","5","7","4","4","10","5","5","2","13","23","3","10","3","4","B12","7","9","1","8","2","5","","23","23","1","4","9","B12","24.200058","120.536576","2"
"2019","7","11","8","0","臺中市","潭子區","0","1","0","8","1","5","50","4","1","1","5","4","5","7","1","1","5","2","5","2","13","23","3","10","1","1","B03","7","9","1","8","2","5","","23","23","1","22","9","B03","24.200687","120.709674","2"
"2019","7","11","8","4","臺中市","后里區","0","0","0","8","","","40","","","","","","","","","","","","","","","","","","","","B03","","","1","","2","","","43","","1","","","B03","24.306975","120.725428","3"
"2019","7","11","8","10","臺中市","南屯區","0","2","0","6","1","5","50","4","1","1","4","4","5","7","1","1","10","5","5","2","16","43","2","9","1","1","C03","7","5","1","10","2","12","","43","43","1","22","8","C03","24.153672","120.616729","2"
"2019","7","11","8","10","臺中市","大里區","0","0","0","8","","","40","","","","","","","","","","","","","","","","","","","","B03","","","1","","2","","","19","","1","","","B03","24.110522","120.692775","3"
"2019","7","11","8","21","臺中市","西屯區","0","0","0","6","","","50","","","","","","","","","","","","","","","","","","","","B12","","","1","","2","","","16","","1","","","B12","24.20166","120.627682","3"
"2019","7","11","8","25","臺中市","北區","0","2","0","6","1","5","50","3","1","1","4","4","5","7","4","4","10","5","5","2","16","6","2","9","1","1","C03","7","5","1","10","2","14","","6","6","1","5","8","C03","24.165741","120.670552","2"
"2019","7","11","8","36","臺中市","霧峰區","0","1","0","8","1","5","50","14","7","1","5","4","5","6","4","4","9","5","4","2","14","12","3","10","1","1","B03","7","2","1","8","2","6","","12","12","1","20","9","B03","24.04471","120.69278","2"
"2019","7","11","8","36","臺中市","清水區","0","1","0","7","1","5","40","14","9","1","5","4","5","7","4","4","10","5","5","2","11","17","3","10","1","1","B03","7","9","1","8","2","6","","17","17","1","4","1","B03","24.278518","120.560556","2"
"2019","7","11","8","40","臺中市","南屯區","0","2","0","6","1","5","50","14","9","1","4","4","5","7","4","4","1","4","5","2","12","17","2","8","1","1","C03","7","9","1","10","2","12","","17","17","1","22","9","C03","24.142627","120.637462","2"
"2019","7","11","8","41","臺中市","北區","0","1","0","6","1","5","50","14","8","1","4","4","5","7","4","4","8","3","4","2","12","23","2","9","1","1","C03","7","9","1","10","2","11","","23","23","1","5","8","C03","24.173062","120.67677","2"
"2019","7","11","8","42","臺中市","北屯區","0","1","0","8","1","5","50","14","9","1","5","4","5","7","1","1","9","4","5","2","18","23","2","9","1","1","C03","7","9","1","10","2","14","","23","23","1","21","8","C03","24.159804","120.703817","2"
"2019","7","11","8","45","臺中市","太平區","0","0","0","8","","","40","","","","","","","","","","","","","","","","","","","","H01","","","8","","2","","","60","","1","","","H01","24.154999","120.710555","3"
"2019","7","11","8","58","臺中市","太平區","0","0","0","8","","","40","","","","","","","","","","","","","","","","","","","","B12","","","1","","2","","","23","","1","","","B12","24.134493","120.725344","3"
"2019","7","11","9","0","臺中市","太平區","0","1","0","6","1","5","40","3","1","1","4","4","5","7","4","4","10","5","5","2","16","6","3","10","1","1","B03","7","5","1","8","2","8","","6","6","1","5","5","B03","24.113871","120.73205","2"
"2019","7","11","9","11","臺中市","大里區","0","1","0","6","1","5","50","14","9","1","4","4","5","7","4","4","5","2","5","1","12","10","2","9","1","1","C03","7","11","4","11","9","14","","10","10","1","5","8","C03","24.091252","120.692559","2"
"2019","7","11","9","15","臺中市","清水區","0","0","0","8","1","5","40","","","","","","","","","","","","","","","","","","","","B03","","","1","","2","","","12","","1","21","","B03","24.289044","120.540328","3"
"2019","7","11","9","28","臺中市","梧棲區","0","1","0","8","1","5","70","4","1","1","5","4","5","7","2","1","10","5","5","2","17","43","2","9","1","1","C03","7","9","1","10","2","15","","43","43","1","5","8","C03","24.256865","120.558495","2"
"2019","7","11","9","30","臺中市","南屯區","0","1","0","6","1","5","50","14","9","1","4","4","5","7","4","4","1","4","5","2","17","40","3","10","1","1","B03","7","14","1","8","2","4","","40","40","1","22","9","B03","24.142627","120.637462","2"
"2019","7","11","9","34","臺中市","南區","0","1","0","6","1","5","40","3","1","1","4","4","5","7","4","4","10","5","5","2","18","42","2","9","3","4","C03","7","9","1","10","2","15","","42","42","1","5","8","C03","24.127816","120.658265","2"
"2019","7","11","9","37","臺中市","西屯區","0","0","0","6","","","50","","","","","","","","","","","","","","","","","","","","B03","","","1","","2","","","26","","1","","","B03","24.185733","120.637933","3"
"2019","7","11","9","38","臺中市","北屯區","0","1","0","6","1","5","50","15","22","1","4","4","5","7","1","1","10","5","5","2","16","25","3","10","1","1","B03","7","5","1","1","2","15","","25","25","1","21","8","B03","24.171265","120.691189","2"
"2019","7","11","9","39","臺中市","南屯區","0","1","0","8","1","5","50","14","9","1","5","4","5","7","4","4","5","4","5","2","16","19","3","10","1","1","B03","7","1","1","8","2","8","","19","19","1","22","8","B03","24.142218","120.648768","2"
"2019","7","11","9","45","臺中市","東區","0","1","0","6","1","5","50","14","9","1","4","4","5","7","4","4","5","5","5","2","16","6","3","10","1","1","B03","7","6","1","6","2","2","","6","6","1","9","8","B03","24.140308","120.697528","2"
"2019","7","11","9","48","臺中市","太平區","0","0","0","6","","","50","","","","","","","","","","","","","","","","","","","","B03","","","1","","1","","","17","","2","","","B03","24.133764","120.722298","3"
"2019","7","11","9","50","臺中市","大甲區","0","1","0","7","1","5","70","4","1","1","4","4","5","7","1","1","10","5","5","2","16","25","2","8","1","1","C03","7","5","1","10","2","12","","25","25","1","20","8","C03","24.382453","120.651867","2"
"2019","7","11","9","55","臺中市","清水區","0","0","0","8","1","5","40","14","8","1","5","4","5","7","4","4","5","4","4","1","14","12","3","10","1","1","B11","7","2","1","8","2","3","","12","12","1","6","1","B11","24.272972","120.567023","3"
"2019","7","11","10","4","臺中市","霧峰區","0","2","0","8","1","5","50","3","2","1","5","4","5","7","4","4","10","5","5","2","12","19","2","9","1","1","C03","7","1","4","11","2","14","","19","19","1","19","8","C03","24.068052","120.697049","2"
"2019","7","11","10","6","臺中市","北區","0","1","0","6","1","5","50","4","1","1","4","4","5","7","2","1","10","5","5","2","16","6","3","10","1","1","B03","7","6","1","8","2","5","","6","6","1","22","8","B03","24.1572","120.6765","2"
"2019","7","11","10","10","臺中市","烏日區","0","0","0","8","","","50","","","","","","","","","","","","","","","","","","","","B12","","","1","","2","","","25","","1","21","","B12","24.110118","120.61948","3"
"2019","7","11","10","10","臺中市","沙鹿區","0","0","0","8","","","60","","","","","","","","","","","","","","","","","","","","B03","","","1","","2","","","23","","1","3","","B03","24.242416","120.571539","3"
"2019","7","11","10","10","臺中市","東勢區","0","1","0","6","1","5","50","4","1","1","4","4","5","7","4","4","10","5","5","2","17","19","3","10","1","1","B12","7","1","1","8","2","8","","19","19","1","21","8","B12","24.259021","120.827485","2"
"2019","7","11","10","15","臺中市","南區","0","0","0","8","","","50","","","","","","","","","","","","","","","","3","","","","C03","","","1","","2","","","23","","1","21","","C03","24.112944","120.657456","3"
"2019","7","11","10","20","臺中市","北區","0","1","0","8","1","5","50","4","1","1","5","4","5","7","1","1","10","5","5","2","18","23","2","9","1","1","C03","7","9","1","8","2","14","","23","23","1","5","8","C03","24.167038","120.683822","2"
"2019","7","11","10","25","臺中市","西區","0","0","0","8","","","50","","","","","","","","","","","","","","","","","","","","B03","","","1","","2","","","23","","1","21","","B03","24.154887","120.663362","3"
"2019","7","11","10","28","臺中市","西屯區","0","0","0","8","","","50","","","","","","","","","","","","","","","","","","","","B12","","","1","","2","","","23","","1","10","","B12","24.156985","120.64649","3"
"2019","7","11","10","29","臺中市","南屯區","0","0","0","8","","","40","","","","","","","","","","","","","","","","","","","","B03","","","1","","2","","","7","","1","","","B03","24.149981","120.623205","3"
"2019","7","11","10","30","臺中市","北區","0","0","0","6","1","5","50","14","9","1","4","4","5","7","2","1","8","3","5","2","13","","","","","","B03","","","1","","2","","","23","","1","22","","B03","24.15597","120.698353","3"
"2019","7","11","10","50","臺中市","南屯區","0","1","0","8","1","5","50","14","9","1","5","4","5","7","1","1","9","4","5","2","13","16","2","8","1","1","C03","7","9","1","8","2","11","","16","16","1","22","9","C03","24.13821","120.641733","2"
"2019","7","11","11","4","臺中市","大雅區","0","0","0","8","","","50","","","","","","","","","","","","","","","","","","","","B03","","","1","","2","","","23","","1","21","","B03","24.231752","120.653699","3"
"2019","7","11","11","5","臺中市","沙鹿區","0","0","0","8","","","50","","","","","","","","","","","","","","","","","","","","B03","","","1","","2","","","18","","1","22","","B03","24.242862","120.564658","3"
"2019","7","11","11","14","臺中市","北屯區","0","0","0","8","","","50","","","","","","","","","","","","","","","","","","","","B03","","","1","","2","","","23","","1","","","B03","24.19253","120.747039","3"
"2019","7","11","11","26","臺中市","南屯區","0","0","0","8","","","50","","","","","","","","","","","","","","","","","","","","B03","","","1","","1","","","16","","1","","","B03","24.140192","120.65296","3"
"2019","7","11","11","29","臺中市","南屯區","0","0","0","8","","","50","","","","","","","","","","","","","","","23","","","","","B03","","","1","","2","","","23","23","1","22","","B03","24.146781","120.633968","3"
"2019","7","11","11","30","臺中市","大甲區","0","2","0","8","1","5","50","3","1","1","5","4","5","7","3","1","10","5","5","2","16","6","2","8","1","1","C03","7","5","1","10","2","12","","6","6","1","4","8","C03","24.40396","120.612708","2"
"2019","7","11","11","35","臺中市","南區","0","1","0","8","1","5","50","4","1","1","5","4","5","7","1","1","10","5","5","2","14","12","3","10","1","1","B01","7","2","1","3","2","3","","12","12","1","10","4","B01","24.129764","120.65952","2"
"2019","7","11","11","35","臺中市","北屯區","0","1","0","8","1","5","50","4","9","1","5","4","5","7","1","1","10","4","4","2","16","25","2","9","1","1","C03","7","6","6","18","2","14","","25","25","1","21","8","C03","24.176031","120.68957","2"
"2019","7","11","11","40","臺中市","南屯區","0","0","0","8","","","40","","","","","","","","","","","","","","","","","","","","B12","","","1","","2","","","12","","1","22","","B12","24.156453","120.634044","3"
"2019","7","11","11","42","臺中市","西屯區","0","0","0","8","","","50","","","","","","","","","","","","","","","7","","","","","A12","","","1","","2","","","7","7","1","","","A12","24.200023","120.65604","3"
"2019","7","11","11","45","臺中市","西區","0","0","0","6","","","50","","","","","","","","","","","","","","","","","","","","","","","7","","11","","","67","","1","","","","24.140195","120.665182","3"
"2019","7","11","11","45","臺中市","西屯區","0","0","0","8","","","60","","","","","","","","","","","","","","","","","","","","B02","","","3","","2","","","16","","1","","","B02","24.166832","120.64209","3"
"2019","7","11","11","45","臺中市","沙鹿區","0","2","0","8","1","5","40","14","8","1","5","4","5","7","4","4","1","4","4","1","2","52","2","9","1","1","C03","7","9","1","10","2","11","","13","52","1","5","5","C03","24.247758","120.575145","2"
"2019","7","11","11","50","臺中市","外埔區","0","0","0","8","","","50","","","","","","","","","","","","","","","","","","","","","","","7","","11","","","43","","1","","","","24.330453","120.654795","3"
"2019","7","11","11","50","臺中市","潭子區","0","2","0","8","1","5","50","14","8","1","5","4","5","7","4","4","1","4","4","1","17","7","2","7","1","1","C03","7","8","1","10","2","12","","7","7","1","22","9","C03","24.216258","120.701128","2"
"2019","7","11","11","52","臺中市","南區","0","1","0","7","1","5","50","14","9","1","4","4","5","7","4","4","9","5","5","2","13","23","3","10","1","1","B03","7","9","1","8","2","1","","23","23","1","21","8","B03","24.116353","120.660506","2"
"2019","7","11","11","58","臺中市","神岡區","0","1","0","8","1","5","50","3","1","1","5","4","5","7","4","4","10","5","5","2","17","6","3","10","3","4","B03","7","5","1","8","2","8","","6","6","1","22","9","B03","24.242546","120.681711","2"
"2019","7","11","12","3","臺中市","北屯區","0","2","0","7","1","5","40","3","1","1","4","4","5","7","4","4","10","5","5","2","14","12","3","10","1","1","B11","7","2","1","2","2","8","","12","12","1","21","8","B11","24.177908","120.690525","2"
"2019","7","11","12","4","臺中市","北區","0","1","0","6","1","5","50","4","1","1","4","4","5","7","4","4","10","5","5","2","15","6","3","10","1","1","B03","7","9","1","8","2","5","","6","6","1","22","8","B03","24.1584","120.672","2"
"2019","7","11","12","5","臺中市","西區","0","0","0","6","","","50","","","","","","","","","","","","","","","","","","","","A12","","","1","","9","","","17","","2","21","","A12","24.139037","120.661115","3"
"2019","7","11","12","9","臺中市","西區","0","0","0","6","","","50","","","","","","","","","","","","","","","25","","","","","C03","","","1","","2","","","67","25","1","21","","C03","24.137969","120.661689","3"
"2019","7","11","12","14","臺中市","沙鹿區","0","0","0","8","","","40","","","","","","","","","","","","","","","","","","","","C03","","","1","","2","","","19","","1","18","","C03","24.229361","120.571708","3"
"2019","7","11","12","22","臺中市","神岡區","0","1","0","7","1","5","60","14","9","1","5","4","5","7","4","4","1","4","5","1","16","19","3","10","1","1","B03","7","1","1","8","2","3","","19","19","1","21","8","B03","24.24131","120.675135","2"
"2019","7","11","12","24","臺中市","南屯區","0","0","0","6","","","50","","","","","","","","","","","","","","","","","","","","B03","","","1","","2","","","19","","1","","","B03","24.150957","120.647827","3"
"2019","7","11","12","25","臺中市","南區","0","0","0","8","","","40","","","","","","","","","","","","","","","12","","","","","B12","","","1","","11","","","12","12","","10","","B12","24.12947","120.657","3"
"2019","7","11","12","25","臺中市","南屯區","0","1","0","8","1","5","50","4","1","1","4","4","5","7","2","1","10","5","5","2","16","6","3","10","1","1","B03","7","6","1","8","2","2","","6","6","1","22","9","B03","24.153617","120.649188","2"
"2019","7","11","12","30","臺中市","沙鹿區","0","0","0","6","","","60","","","","","","","","","","","","","","","","","","","","","","","8","","10","","","67","","","","","","24.208805","120.560818","3"
"2019","7","11","12","32","臺中市","北區","0","0","0","6","1","5","50","4","7","1","4","4","5","7","2","1","8","1","4","2","17","42","","","","","B12","","","1","","2","","","42","42","1","22","","B12","24.150163","120.676207","3"
"2019","7","11","12","33","臺中市","清水區","0","0","0","6","","","40","","","","","","","","","","","","","1","","","","","","","A11","","","1","","2","","","19","","1","10","","A11","24.259965","120.56018","3"
"2019","7","11","12","36","臺中市","大甲區","0","2","0","8","1","5","40","3","1","1","5","4","5","7","4","4","10","5","5","2","16","6","2","8","4","1","F01","7","5","8","20","2","16","","6","6","1","15","8","F01","24.352366","120.62345","2"
"2019","7","11","12","46","臺中市","北屯區","0","1","0","7","1","5","50","4","2","1","4","4","5","7","4","4","5","5","4","2","18","43","2","9","1","1","C03","7","9","1","10","2","14","","43","43","1","22","8","C03","24.164918","120.693306","2"
"2019","7","11","12","47","臺中市","北區","0","0","0","8","","","50","","","","","","","","","","","","","","","","","","","","C03","","","1","","2","","","23","","1","22","","C03","24.1582","120.691","3"
"2019","7","11","12","55","臺中市","霧峰區","0","0","0","8","1","2","50","3","1","1","5","4","5","7","3","1","8","3","5","1","15","","","","","","A12","","","1","","1","","","60","","1","10","","A12","24.064725","120.697502","3"
"2019","7","11","12","56","臺中市","西區","0","2","0","8","1","5","50","4","1","1","5","4","5","7","1","1","10","5","5","2","16","42","3","10","1","1","B03","7","6","1","8","2","5","","42","42","1","21","8","B03","24.141339","120.675986","2"
"2019","7","11","12","58","臺中市","北區","0","1","0","8","1","5","50","15","8","1","5","4","5","7","4","4","10","4","4","2","18","23","2","9","4","5","F01","7","9","8","20","2","16","","23","23","1","5","8","F01","24.160694","120.694292","2"
"2019","7","11","13","0","臺中市","西屯區","0","1","0","7","1","5","50","14","7","1","4","4","5","7","4","4","1","4","4","2","12","7","3","10","1","1","A11","7","7","1","3","2","8","","7","7","1","10","8","A11","24.161545","120.64497","2"
"2019","7","11","13","12","臺中市","南屯區","0","0","0","6","","","50","","","","","","","","","","","","","","","23","","","","","B03","","","1","","2","","","23","23","1","22","","B03","24.140546","120.646866","3"
"2019","7","11","13","17","臺中市","南屯區","0","1","0","8","1","5","80","14","9","1","5","4","5","7","4","4","1","4","5","1","12","7","2","8","3","4","B03","7","8","1","8","2","2","","7","7","1","22","9","B03","24.129979","120.620098","2"
"2019","7","11","13","27","臺中市","烏日區","0","0","0","","","","","","","","","","","","","","","","","","","","","","","","B02","","","1","","2","","","18","","1","22","","B02","24.10887","120.607188","3"
"2019","7","11","13","27","臺中市","清水區","0","1","0","7","1","5","70","3","1","1","4","4","5","7","1","1","10","5","5","2","16","6","3","10","1","1","B03","7","6","1","8","2","2","","6","6","1","21","8","B03","24.304079","120.596366","2"
"2019","7","11","13","30","臺中市","西屯區","0","1","0","8","1","5","50","4","1","1","5","4","5","7","1","1","5","4","4","2","16","6","3","10","3","4","B03","7","6","1","8","2","2","","6","6","1","21","8","B03","24.166127","120.637218","2"
"2019","7","11","13","35","臺中市","南屯區","0","1","0","8","1","5","50","4","8","1","5","4","5","7","1","1","5","5","5","2","11","23","2","9","1","1","C03","7","9","2","18","2","14","","23","23","1","22","8","C03","24.138427","120.612498","2"
"2019","7","11","13","37","臺中市","南屯區","0","1","0","8","1","5","50","4","1","1","5","4","5","7","2","1","10","5","5","2","3","15","3","10","1","1","B03","7","5","1","8","2","4","","15","15","1","22","9","B03","24.129535","120.644267","2"
"2019","7","11","13","47","臺中市","大里區","0","1","0","8","1","5","50","4","2","1","5","4","5","7","1","1","10","5","5","2","11","6","3","10","1","1","B12","7","5","1","8","2","1","","6","6","1","21","8","B12","24.103125","120.672806","2"
"2019","7","11","14","0","臺中市","南區","0","1","0","8","1","5","50","4","1","1","5","4","5","7","1","1","10","5","5","2","16","8","3","10","1","1","B03","7","5","1","8","2","3","","8","8","1","5","5","B03","24.126308","120.665148","2"
"2019","7","11","14","1","臺中市","沙鹿區","0","0","0","8","","","50","","","","","","","","","","","","","","","23","","","","","B03","","","1","","2","","","23","23","","","","B03","24.226007","120.575659","3"
"2019","7","11","14","6","臺中市","梧棲區","0","1","0","7","1","5","50","14","7","1","4","4","5","7","1","1","7","2","4","2","13","23","3","10","1","1","B12","7","9","1","4","2","1","","23","23","1","10","1","B12","24.259233","120.535507","2"
"2019","7","11","14","10","臺中市","龍井區","0","1","0","8","1","5","40","4","1","5","5","4","5","7","1","1","10","5","5","2","15","25","2","1","3","1","C03","7","9","1","10","2","12","","25","25","1","9","1","C03","24.202899","120.516265","2"
"2019","7","11","14","13","臺中市","沙鹿區","0","0","0","8","","","60","","","","","","","","","","","","","","","","","","","","B12","","","1","","2","","","42","","1","22","","B12","24.250141","120.598219","3"
"2019","7","11","14","14","臺中市","南屯區","0","0","0","8","","","50","","","","","","","","","","","","","","","","","","","","B03","","","1","","2","","","23","","1","","","B03","24.140081","120.650541","3"
"2019","7","11","14","16","臺中市","西屯區","0","0","0","8","","","50","","","","","","","","","","","","","","","","","","","","A11","","","1","","2","","","40","","1","","","A11","24.19739","120.649531","3"
"2019","7","11","14","21","臺中市","北區","0","1","0","8","1","5","50","14","9","1","5","4","5","7","4","4","4","5","5","2","18","23","2","9","3","4","C03","7","9","1","10","2","12","","23","23","1","5","8","C03","24.147947","120.685539","2"
"2019","7","11","14","25","臺中市","太平區","0","1","0","8","1","5","50","4","2","1","5","4","5","7","3","1","5","5","4","2","16","44","3","10","1","1","B03","7","9","1","8","2","2","","44","44","1","5","3","B03","24.131488","120.71844","2"
"2019","7","11","14","36","臺中市","西屯區","0","0","0","8","","","50","","","","","","","","","","","","","","","","","","","","B03","","","1","","2","","","23","","1","","","B03","24.16019","120.652771","3"
"2019","7","11","14","43","臺中市","沙鹿區","0","0","0","8","","","50","","","","","","","","","","","","","","","","","","","","B03","","","1","","2","","","6","","1","4","","B03","24.21726","120.570431","3"
"2019","7","11","14","45","臺中市","大甲區","0","0","0","8","","","40","","","","","","","","","","","","","","","","","","","","B03","","","1","","2","","","43","","1","22","","B03","24.342926","120.622834","3"
"2019","7","11","14","45","臺中市","大安區","0","0","0","8","1","5","5","14","9","1","5","4","5","7","4","4","4","1","5","1","9","18","3","10","3","1","C03","8","13","8","20","10","13","","44","18","1","5","7","C03","24.339072","120.591633","3"