"年","月","日","時","分","縣市","區","死","受傷","2-30","天候","光線","道路類別","速限","道路型態","事故位置","路面鋪裝","路面狀態","路面缺陷","障礙物","視距","號誌種類","號誌動作","分向設施","快車道或一般車道間","快慢車道間","路面邊線","事故類型及型態","主要肇因","受傷程度","主要傷處","保護裝備","行動電話","當事者區分_類別","車輛用途","當事者行動狀態","駕駛資格情形","駕駛執照種類","飲酒情形","車輛撞擊部位最初","車輛撞擊部位其他","肇事因素個別","肇事因素主要","肇事逃逸","職業","旅次目的","車種","GPS座標_緯度","GPS座標_經度","事故類別"
"2019","7","11","14","47","臺中市","南區","0","0","0","8","","","50","","","","","","","","","","","","","","","","3","","","","A04","","","1","","2","","","43","","1","21","","A04","24.134128","120.681985","3"
"2019","7","11","15","0","臺中市","清水區","0","0","0","8","1","5","50","","","","","","","","","","","","","","","","","","","","B03","","","1","","2","","","6","","1","21","","B03","24.266886","120.57354","3"
"2019","7","11","15","1","臺中市","北區","0","0","0","","","","","","","","","","","","","","","","","","","","3","","","","B03","","","1","","2","","","23","","1","22","","B03","24.165773","120.684988","3"
"2019","7","11","15","10","臺中市","烏日區","0","1","0","8","1","5","50","4","2","1","5","4","5","7","2","1","1","2","1","1","13","7","3","10","1","1","A41","7","8","1","1","2","5","","7","7","1","10","8","A41","24.104536","120.651763","2"
"2019","7","11","15","11","臺中市","大雅區","0","0","0","8","","","40","","","","","","","","","","","","","","","","","","","","","","","7","","11","","","67","","1","","","","24.220222","120.647002","3"
"2019","7","11","15","13","臺中市","北區","0","0","0","8","","","50","","","","","","","","","","","","","","","","","","","","B03","","","1","","2","","","23","","1","5","","B03","24.15576","120.69456","3"
"2019","7","11","15","14","臺中市","南屯區","0","1","0","8","1","5","50","4","1","1","5","4","5","7","2","1","10","5","5","2","13","16","3","10","1","1","C03","7","9","1","10","2","11","","16","16","1","21","8","C03","24.140614","120.625934","2"
"2019","7","11","15","17","臺中市","北區","0","0","0","8","","","50","","","","","","","","","","","","","","","","","","","","B12","","","1","","2","","","23","","1","","","B12","24.149728","120.677639","3"
"2019","7","11","15","29","臺中市","西屯區","0","0","0","8","","","50","","","","","","","","","","","","","","","","","","","","B03","","","1","","2","","","23","","1","4","","B03","24.174327","120.622174","3"
"2019","7","11","15","30","臺中市","西屯區","0","0","0","8","","","50","","","","","","","","","","","","","","","16","","","","","B03","","","1","","2","","","16","16","1","22","","B03","24.1632731","120.651766","3"
"2019","7","11","15","31","臺中市","東區","0","0","0","8","1","5","50","14","7","1","5","4","5","7","1","1","9","4","4","2","13","23","","","","","B12","","9","1","7","2","1","","23","23","1","5","","B12","24.141626","120.708374","3"
"2019","7","11","15","50","臺中市","西區","0","2","0","8","1","5","50","4","1","1","5","4","5","7","1","1","10","5","5","2","16","23","2","9","1","1","C03","7","9","6","18","2","12","","23","23","1","21","8","C03","24.144393","120.660159","2"
"2019","7","11","15","50","臺中市","大雅區","0","2","0","8","1","5","40","14","9","1","5","4","5","7","4","4","10","5","5","2","16","19","2","9","1","1","B12","7","1","1","8","2","4","","19","19","1","22","9","B12","24.226985","120.670791","2"
"2019","7","11","15","52","臺中市","西區","0","0","0","","","","","","","","","","","","","","","","","","","","","","","","B03","","","1","","2","","","42","","1","5","","B03","24.138798","120.669441","3"
"2019","7","11","16","1","臺中市","太平區","0","1","0","8","1","5","50","4","1","1","5","4","5","7","1","1","10","5","5","2","16","23","3","10","1","1","B03","7","5","1","8","2","1","","23","23","1","21","8","B03","24.148139","120.71868","2"
"2019","7","11","16","13","臺中市","太平區","0","0","0","8","","","50","","","","","","","","","","","","","","","","","","","","B12","","","1","","2","","","6","","1","","","B12","24.111629","120.707756","3"
"2019","7","11","16","20","臺中市","西屯區","0","1","0","8","1","5","40","4","1","1","5","4","5","7","1","1","10","5","5","2","16","6","3","10","1","1","B03","7","6","1","8","2","5","","6","6","1","4","8","B03","24.167957","120.641011","2"
"2019","7","11","16","26","臺中市","神岡區","0","0","0","8","","","50","","","","","","","","","","","","","","","","","","","","B03","","","1","","2","","","23","","1","22","","B03","24.254723","120.660495","3"
"2019","7","11","16","27","臺中市","南區","0","1","0","8","1","5","50","5","1","1","5","4","5","7","1","1","10","5","5","2","3","15","3","10","1","1","B03","7","5","1","8","2","8","","15","15","1","22","8","B03","24.114553","120.668644","2"
"2019","7","11","16","27","臺中市","烏日區","0","1","0","8","1","5","60","4","1","1","5","4","5","7","2","1","10","5","5","2","16","9","3","10","1","1","B03","7","6","1","8","2","5","","9","9","1","21","8","B03","24.106755","120.614956","2"
"2019","7","11","16","28","臺中市","西屯區","0","0","0","8","","","50","","","","","","","","","","","","","","","","","","","","B03","","","1","","2","","","23","","1","22","","B03","24.16685","120.650341","3"
"2019","7","11","16","33","臺中市","西屯區","0","1","0","8","1","5","50","14","7","1","5","4","5","7","4","4","1","4","5","2","13","23","3","10","1","1","B03","7","9","1","8","2","1","","23","23","1","21","8","B03","24.161925","120.648939","2"
"2019","7","11","16","33","臺中市","西屯區","0","1","0","8","2","5","50","14","9","1","5","4","5","7","4","4","9","4","5","2","13","1","3","10","1","1","C03","7","15","1","10","2","14","","44","1","1","21","8","C03","24.162362","120.649316","2"
"2019","7","11","16","34","臺中市","北屯區","0","0","0","8","","","50","","","","","","","","","","","","","","","","","","","","B11","","","1","","2","","","23","","1","","","B11","24.172196","120.683272","3"
"2019","7","11","16","40","臺中市","南區","0","0","0","8","","","50","","","","","","","","","","","","","","","","","","","","B03","","","1","","2","","","19","","1","22","","B03","24.117718","120.666149","3"
"2019","7","11","16","42","臺中市","南屯區","0","1","0","8","1","5","50","5","1","1","5","4","5","7","2","1","10","5","5","2","13","23","2","1","1","1","B03","7","9","1","8","2","1","","23","23","1","22","8","B03","24.142323","120.637794","2"
"2019","7","11","16","47","臺中市","北區","0","0","0","8","","","50","","","","","","","","","","","","","","","","3","","","","A04","","","1","","2","","","23","","1","10","","A04","24.142993","120.685663","3"
"2019","7","11","16","51","臺中市","北區","0","0","0","8","","","40","","","","","","","","","","","","","","","","","","","","B02","","","1","","2","","","23","","1","","","B02","24.163809","120.671898","3"
"2019","7","11","16","51","臺中市","沙鹿區","0","1","0","8","1","5","50","11","7","1","5","4","5","7","4","4","1","4","4","2","12","17","3","10","1","1","B03","7","9","1","8","9","6","","17","17","1","20","5","B03","24.232118","120.565574","2"
"2019","7","11","16","55","臺中市","神岡區","0","0","0","8","","","60","","","","","","","","","","","","","","","","","","","","B03","","","1","","2","","","17","","1","3","","B03","24.232448","120.693628","3"
"2019","7","11","16","57","臺中市","北屯區","0","0","0","8","","","50","","","","","","","","","","","","","","","","","","","","B12","","","1","","2","","","6","","1","","","B12","24.182736","120.669263","3"
"2019","7","11","16","59","臺中市","西屯區","0","2","0","8","2","5","50","4","1","1","5","4","5","7","2","1","10","5","5","2","16","25","2","9","1","1","B03","7","9","1","8","2","1","","44","25","1","21","8","B03","24.191713","120.643933","2"
"2019","7","11","17","0","臺中市","西屯區","0","0","0","8","","","40","","","","","","","","","","","","","","","23","","","","","B03","","","1","","2","","","23","23","1","4","","B03","24.165373","120.633055","3"
"2019","7","11","17","0","臺中市","太平區","0","1","0","8","1","5","40","11","9","1","5","4","5","7","4","4","10","5","5","2","11","13","2","9","1","1","C03","7","9","3","18","2","11","","13","13","1","16","2","C03","24.125806","120.711773","2"
"2019","7","11","17","2","臺中市","龍井區","0","2","0","8","1","5","50","4","1","1","5","4","5","7","4","4","10","5","5","2","15","6","2","9","1","1","C03","7","9","1","10","2","11","","6","6","1","3","8","C03","24.217866","120.517801","2"
"2019","7","11","17","6","臺中市","太平區","0","0","0","8","","","50","","","","","","","","","","","","","","","44","","","","","B03","","","1","","2","","","23","44","1","","","B03","24.122885","120.725015","3"
"2019","7","11","17","17","臺中市","潭子區","0","0","0","8","","","50","","","","","","","","","","","","","","","","","","","","B02","","","1","","2","","","23","","1","22","","B02","24.204564","120.715959","3"
"2019","7","11","17","20","臺中市","潭子區","0","5","0","8","1","5","60","14","9","1","5","4","5","7","1","1","8","3","4","1","15","44","2","9","1","1","B03","7","9","1","8","2","5","","44","44","1","22","1","B03","24.200942","120.703414","2"
"2019","7","11","17","21","臺中市","北屯區","0","0","0","8","","","50","","","","","","","","","","","","","","","","","","","","B03","","","1","","2","","","16","","1","21","","B03","24.186336","120.722266","3"
"2019","7","11","17","23","臺中市","西屯區","0","1","0","8","1","5","40","14","8","1","5","4","5","7","4","4","1","4","1","2","13","23","2","7","1","1","C03","7","9","1","10","2","11","","23","23","1","21","8","C03","24.166381","120.642612","2"
"2019","7","11","17","24","臺中市","太平區","0","0","0","8","","","50","","","","","","","","","","","","","","","","","","","","C03","","","1","","2","","","16","","1","","","C03","24.141366","120.727838","3"
"2019","7","11","17","35","臺中市","西屯區","0","0","0","8","","","40","","","","","","","","","","","","","","","6","","","","","B01","","","1","","2","","","6","6","1","22","","B01","24.155906","120.641936","3"
"2019","7","11","17","37","臺中市","西區","0","0","0","8","","","40","","","","","","","","","","","","","","","","","","","","C03","","","3","","2","","","6","","1","21","","C03","24.141287","120.656641","3"
"2019","7","11","17","37","臺中市","西屯區","0","1","0","8","2","5","50","14","7","1","5","4","5","7","4","4","9","4","4","2","12","6","3","10","1","1","B03","7","5","1","8","2","4","","6","6","1","21","8","B03","24.200886","120.643953","2"
"2019","7","11","17","43","臺中市","南區","0","1","0","8","1","5","40","4","1","1","5","4","5","7","4","4","1","5","5","2","16","6","3","10","1","1","B03","7","6","1","8","2","2","","6","6","1","21","8","B03","24.126508","120.676065","2"
"2019","7","11","17","44","臺中市","太平區","0","1","0","8","2","5","50","4","1","1","5","4","5","7","1","1","10","5","5","2","16","23","2","8","1","1","C03","7","9","1","10","2","11","","23","23","1","19","7","C03","24.134755","120.732757","2"
"2019","7","11","17","45","臺中市","西屯區","0","1","0","8","1","5","50","3","1","1","5","4","5","7","1","1","10","5","5","2","16","6","2","9","1","1","C03","7","5","1","10","2","12","","6","6","1","4","8","C03","24.169958","120.633301","2"
"2019","7","11","17","50","臺中市","北屯區","0","0","0","8","","","50","","","","","","","","","","","","","","","","","","","","B03","","","1","","2","","","16","","1","22","","B03","24.192351","120.665978","3"
"2019","7","11","17","52","臺中市","大雅區","0","1","0","8","1","5","50","4","2","1","4","4","5","7","3","1","1","3","4","1","16","6","3","10","1","1","B02","7","5","1","8","2","2","","6","6","1","22","9","B02","24.238503","120.671408","2"
"2019","7","11","17","54","臺中市","后里區","0","4","0","8","1","5","50","3","2","1","5","4","5","7","1","1","5","5","4","1","17","3","2","9","1","1","C03","7","6","1","10","2","12","","3","3","1","21","8","C03","24.309371","120.719516","2"
"2019","7","11","17","57","臺中市","神岡區","0","1","0","7","1","5","50","3","1","1","5","4","5","7","3","1","1","4","4","1","16","6","3","10","1","1","B03","7","6","1","8","2","7","","6","6","1","22","8","B03","24.232471","120.692072","2"
"2019","7","11","18","5","臺中市","東勢區","0","0","0","8","","","50","","","","","","","","","","","","","","","","","","","","B02","","","1","","2","","","12","","1","22","","B02","24.286115","120.795396","3"
"2019","7","11","18","14","臺中市","梧棲區","0","2","0","8","1","5","50","3","2","1","5","4","5","7","4","4","3","2","4","1","13","16","2","9","3","4","C03","7","9","1","10","2","11","","16","16","1","21","8","C03","24.252164","120.550496","2"
"2019","7","11","18","18","臺中市","南屯區","0","1","0","8","1","5","50","4","1","1","5","4","5","7","2","1","10","5","5","2","16","6","3","10","1","1","B03","7","6","1","8","2","2","","6","6","1","21","8","B03","24.150946","120.643688","2"
"2019","7","11","18","24","臺中市","東區","0","1","0","8","1","5","50","14","7","1","5","4","5","7","4","4","5","4","4","2","12","1","3","10","1","1","B12","7","9","1","8","2","2","","1","1","1","5","8","B12","24.130434","120.705055","2"
"2019","7","11","18","28","臺中市","南區","0","1","0","8","2","5","40","3","1","1","5","4","5","7","1","1","10","5","5","2","18","42","2","9","1","1","C03","7","9","1","10","2","15","","42","42","1","22","8","C03","24.125583","120.679314","2"
"2019","7","11","18","29","臺中市","西屯區","0","0","0","8","","","40","","","","","","","","","","","","","","","","","","","","C03","","","1","","2","","","16","","1","22","","C03","24.172476","120.642643","3"
"2019","7","11","18","35","臺中市","北屯區","0","0","0","8","","","40","","","","","","","","","","","","","","","","","","","","B03","","","1","","2","","","12","","1","22","","B03","24.175878","120.712496","3"
"2019","7","11","18","40","臺中市","南屯區","0","2","0","8","3","5","50","14","7","1","5","4","5","7","4","4","5","4","4","2","12","7","2","8","1","1","C03","7","7","1","10","2","14","","7","7","1","4","1","C03","24.138911","120.634317","2"
"2019","7","11","18","43","臺中市","北區","0","1","0","8","1","5","50","5","18","1","5","4","5","7","1","1","9","4","5","2","3","15","3","10","1","1","C03","7","9","1","10","2","11","","15","15","1","5","8","C03","24.15369","120.68341","2"
"2019","7","11","18","48","臺中市","南屯區","0","1","0","8","3","5","50","14","9","1","5","4","5","7","4","4","1","4","5","2","17","23","2","7","1","1","C03","7","9","1","10","2","15","","23","23","1","5","8","C03","24.138228","120.646646","2"
"2019","7","11","18","55","臺中市","神岡區","0","2","0","8","3","5","40","3","1","1","5","4","5","7","3","1","4","5","4","2","16","6","2","9","2","1","F03","7","5","8","20","5","16","","6","6","1","9","1","F03","24.254973","120.672363","2"
"2019","7","11","19","4","臺中市","北區","0","1","0","8","3","5","50","3","2","1","5","4","5","7","1","1","10","5","5","2","17","23","2","9","3","4","C03","7","5","2","18","2","11","","23","23","1","22","8","C03","24.163083","120.680838","2"
"2019","7","11","19","6","臺中市","西屯區","0","1","0","8","3","5","50","14","9","1","5","4","5","7","1","1","3","4","5","2","23","23","2","7","1","1","B03","7","6","1","10","2","1","","23","23","1","4","8","B03","24.193961","120.655857","2"
"2019","7","11","19","13","臺中市","龍井區","0","1","0","8","3","5","50","11","9","1","5","4","5","7","4","4","5","5","5","1","11","42","3","10","1","1","B03","7","15","1","8","2","8","","42","42","1","21","8","B03","24.189182","120.554382","2"
"2019","7","11","19","21","臺中市","潭子區","0","1","0","8","3","5","50","14","9","1","5","4","5","7","4","4","8","3","5","1","12","23","2","9","1","1","C03","7","9","1","10","2","12","","23","23","1","22","1","C03","24.21601","120.702029","2"
"2019","7","11","19","30","臺中市","東區","0","3","0","8","3","5","40","3","1","1","5","4","5","7","4","4","10","5","5","2","16","42","2","8","4","5","F01","7","5","8","20","2","16","","42","42","1","14","8","F01","24.143952","120.70106","2"
"2019","7","11","19","35","臺中市","北區","0","2","0","8","3","5","50","4","1","1","5","4","5","7","1","1","5","4","5","2","16","6","3","10","1","1","B03","7","6","1","8","2","6","","6","6","1","5","8","B03","24.15354","120.68581","2"
"2019","7","11","19","45","臺中市","西區","0","1","0","8","3","5","50","4","1","1","5","4","5","7","1","1","10","5","5","2","17","10","3","10","1","1","B01","7","11","1","3","2","2","","10","10","1","21","8","B01","24.15088","120.658475","2"
"2019","7","11","20","1","臺中市","北屯區","0","0","0","8","","","50","","","","","","","","","","","","","","","","","","","","B03","","","1","","2","","","12","","1","21","","B03","24.176911","120.729264","3"
"2019","7","11","20","8","臺中市","沙鹿區","0","1","0","8","3","5","50","3","1","1","5","4","5","7","4","4","5","5","5","1","16","6","3","10","1","1","B12","7","5","1","7","2","8","","6","6","1","7","8","B12","24.251616","120.56763","2"
"2019","7","11","20","9","臺中市","西區","0","1","0","8","1","5","50","4","1","1","5","4","5","7","1","1","10","5","5","2","16","26","2","9","1","1","C03","7","9","4","11","2","11","","23","26","1","21","8","C03","24.140034","120.655231","2"
"2019","7","11","20","14","臺中市","東勢區","0","1","0","8","3","5","50","5","2","1","5","4","5","7","2","1","5","4","5","2","12","6","3","10","1","1","B03","7","9","1","8","2","4","","6","6","1","22","9","B03","24.260305","120.82823","2"
"2019","7","11","20","25","臺中市","大里區","0","0","0","8","","","50","","","","","","","","","","","","","","","","","","","","B12","","","1","","2","","","12","","1","12","","B12","24.102752","120.695165","3"
"2019","7","11","20","33","臺中市","梧棲區","0","1","0","8","1","5","70","4","1","1","5","4","5","7","1","1","10","5","5","1","17","23","3","10","3","4","B03","7","9","1","8","2","8","","23","23","1","21","8","B03","24.25395","120.524914","2"
"2019","7","11","20","38","臺中市","東區","0","0","0","7","3","5","50","14","7","1","5","4","5","7","1","1","9","4","4","2","13","23","","","","","B03","","9","1","8","2","1","","23","23","1","5","","B03","24.147913","120.699868","3"
"2019","7","11","20","40","臺中市","南屯區","0","0","0","8","","","50","","","","","","","","","","","","","","","","","","","","B03","","","1","","2","","","12","","1","10","","B03","24.137095","120.648255","3"
"2019","7","11","20","41","臺中市","太平區","0","0","0","8","","","50","","","","","","","","","","","","","","","","","","","","B01","","","1","","2","","","17","","1","10","","B01","24.101346","120.721331","3"
"2019","7","11","20","52","臺中市","龍井區","0","0","0","","","","","","","","","","","","","","","","","","","","","","","","C03","","","1","","2","","","23","","1","22","","C03","24.184571","120.58059","3"
"2019","7","11","20","55","臺中市","大雅區","0","0","0","8","","","40","","","","","","","","","","","","","","","","","","","","B03","","","1","","2","","","12","","1","21","","B03","24.219645","120.648412","3"
"2019","7","11","21","13","臺中市","西屯區","0","0","0","8","","","50","","","","","","","","","","","","","","","","","","","","B03","","","1","","2","","","12","","1","22","","B03","24.169837","120.656031","3"
"2019","7","11","21","19","臺中市","北屯區","0","0","0","8","","","40","","","","","","","","","","","","","","","","","","","","B03","","","1","","2","","","23","","1","5","","B03","24.20147","120.689961","3"
"2019","7","11","21","20","臺中市","西區","0","1","0","8","1","5","50","4","1","1","5","4","5","7","1","1","10","5","5","2","15","25","3","10","1","1","C03","7","9","1","10","2","12","","25","25","2","5","5","C03","24.141124","120.666847","2"
"2019","7","11","21","44","臺中市","大雅區","0","0","0","8","","","40","","","","","","","","","","","","","","","","","","","","B03","","","1","","2","","","5","","1","","","B03","24.229471","120.664082","3"
"2019","7","11","21","50","臺中市","南區","0","2","0","8","3","5","50","4","1","1","5","4","5","7","3","1","10","5","5","2","15","6","2","9","1","1","C03","7","9","1","10","2","12","","6","6","1","22","8","C03","24.121523","120.6655","2"
"2019","7","11","22","0","臺中市","南區","0","1","0","8","3","5","40","14","8","1","5","4","5","7","4","4","1","4","4","2","17","23","2","9","1","1","C03","7","9","1","10","2","11","","23","23","1","4","8","C03","24.130219","120.6575","2"
"2019","7","11","22","10","臺中市","西區","0","0","0","8","","","40","","","","","","","","","","","","","","","","","","","","C03","","","1","","2","","","23","","1","21","","C03","24.148772","120.652197","3"
"2019","7","11","22","13","臺中市","北區","0","0","0","8","","","50","","","","","","","","","","","","","","","","3","","","","C03","","","1","","2","","","12","","1","22","","C03","24.171248","120.677325","3"
"2019","7","11","22","18","臺中市","東區","0","0","0","8","","","40","","","","","","","","","","","","","","","","","","","","B03","","","1","","2","","","12","","1","22","","B03","24.129611","120.702595","3"
"2019","7","11","22","25","臺中市","南屯區","0","1","0","8","3","5","50","4","1","1","5","4","5","7","2","1","10","5","5","2","16","7","3","10","1","1","C03","7","8","1","10","2","12","","7","7","1","21","8","C03","24.150793","120.652936","2"
"2019","7","11","22","42","臺中市","北區","0","1","0","8","3","5","50","4","1","1","5","4","5","7","1","1","10","5","5","2","13","16","3","10","3","4","B03","7","9","1","8","2","1","1","16","16","1","22","9","B03","24.161291","120.664739","2"
"2019","7","11","22","47","臺中市","北屯區","0","1","0","8","3","5","50","14","9","1","5","4","5","7","4","4","5","4","5","2","17","26","3","10","3","4","B03","7","11","1","8","2","4","","26","26","1","21","8","B03","24.176216","120.725442","2"
"2019","7","11","22","54","臺中市","沙鹿區","0","2","0","8","3","5","50","3","1","1","5","4","5","7","3","1","4","4","4","1","16","38","2","8","1","1","C03","7","14","1","10","2","11","","38","38","1","3","8","C03","24.221816","120.578354","2"
"2019","7","11","23","4","臺中市","南屯區","0","0","0","8","","","50","","","","","","","","","","","","","","","","","","","","C03","","","1","","2","","","23","","1","","","C03","24.148558","120.640551","3"
"2019","7","12","0","33","臺中市","北區","0","1","0","8","3","5","50","4","1","1","5","4","5","7","3","1","1","2","4","2","15","6","2","9","1","1","C03","7","9","1","9","2","14","","6","6","1","21","8","C03","24.15592","120.68561","2"
"2019","7","12","0","58","臺中市","南區","0","1","0","8","3","5","50","14","7","1","5","4","5","7","4","4","4","4","4","2","16","26","3","10","1","1","B03","7","11","1","8","2","2","","26","26","1","5","8","B03","24.131978","120.674464","2"
"2019","7","12","1","50","臺中市","南屯區","0","0","0","8","3","5","50","3","1","1","5","4","5","7","4","4","10","5","5","2","16","6","3","10","1","1","B03","7","5","1","8","2","5","5","6","6","1","5","5","B03","24.135344","120.643487","3"
"2019","7","12","2","58","臺中市","西區","0","2","0","8","3","5","1","4","1","1","5","4","5","7","1","1","10","5","5","2","16","25","2","9","3","4","C03","7","9","1","10","2","15","","25","25","1","21","8","C03","24.150827","120.657357","2"
"2019","7","12","4","45","臺中市","石岡區","0","0","0","8","","","70","","","","","","","","","","","","","","","","","","","","B11","","","1","","2","","","23","","","22","","B11","24.260174","120.816786","3"
"2019","7","12","4","46","臺中市","中區","0","2","0","8","3","5","40","4","1","1","5","4","5","7","4","4","10","4","5","2","15","6","3","10","1","1","A12","7","9","1","6","2","1","","6","6","1","21","8","A12","24.141853","120.681735","2"
"2019","7","12","5","50","臺中市","清水區","0","0","0","8","2","5","40","14","8","1","5","4","5","7","4","4","5","4","4","2","14","12","3","10","1","1","B03","7","2","1","8","2","3","","12","12","1","19","8","B03","24.272335","120.574015","3"
"2019","7","12","5","55","臺中市","太平區","0","0","0","8","","","50","","","","","","","","","","","","","","","","","","","","B03","","","1","","2","","","23","","1","5","","B03","24.112022","120.703739","3"
"2019","7","12","6","33","臺中市","北區","0","0","0","8","","","50","","","","","","","","","","","","","","","","3","","","","A12","","","1","","2","","","12","","1","22","","A12","24.159176","120.692597","3"
"2019","7","12","6","55","臺中市","中區","0","0","0","8","","","50","","","","","","","","","","","","","","","","","","","","B12","","","1","","2","","","12","","1","5","","B12","24.142692","120.681222","4"
"2019","7","12","7","0","臺中市","西區","0","1","0","8","1","5","50","14","9","1","5","4","5","7","4","4","5","1","5","1","17","40","3","10","1","1","B03","7","15","1","8","2","4","","40","40","1","21","8","B03","24.139104","120.672557","2"
"2019","7","12","7","5","臺中市","西屯區","0","1","0","8","1","5","50","4","2","1","5","4","5","7","2","1","1","4","4","2","16","26","2","8","1","4","C03","7","7","1","10","2","14","","26","26","1","21","8","C03","24.17466","120.639463","2"
"2019","7","12","7","13","臺中市","清水區","0","1","0","8","1","5","70","4","1","1","5","4","5","7","1","1","10","5","5","2","11","6","3","10","1","1","B03","7","5","1","8","2","5","","6","6","1","21","8","B03","24.265485","120.562955","2"
"2019","7","12","7","20","臺中市","南屯區","0","0","0","8","","","50","","","","","","","","","","","","","","","","","","","","C03","","","1","","2","","","19","","1","22","","C03","24.150324","120.612309","3"
"2019","7","12","7","20","臺中市","太平區","0","1","0","8","1","5","50","4","1","1","5","4","5","7","4","4","10","5","5","2","16","6","3","10","1","1","A12","7","5","1","7","2","8","","6","6","1","21","8","A12","24.111488","120.730598","2"
"2019","7","12","7","25","臺中市","大雅區","0","1","0","8","1","5","50","4","1","1","5","4","5","7","1","1","10","4","5","1","16","6","3","10","1","1","B03","7","6","1","8","2","2","","6","6","1","22","9","B03","24.208691","120.62959","2"
"2019","7","12","7","30","臺中市","南屯區","0","0","0","8","","","50","","","","","","","","","","","","","","","","","","","","B12","","","1","","3","","","2","","1","22","","B12","24.148088","120.604568","3"
"2019","7","12","7","30","臺中市","大雅區","0","1","0","8","1","5","50","11","9","1","5","4","5","7","4","4","5","5","5","2","17","26","3","10","1","1","B03","7","9","1","8","2","8","","26","26","1","21","8","B03","24.207408","120.624173","2"
"2019","7","12","7","32","臺中市","潭子區","0","0","0","8","","","50","","","","","","","","","","","","","","","","","","","","B03","","","1","","9","","","19","","1","21","","B03","24.215519","120.703385","3"
"2019","7","12","7","37","臺中市","沙鹿區","0","0","0","8","","","60","","","","","","","","","","","","","","","","","","","","B03","","","1","","2","","","9","","1","","","B03","24.243943","120.615064","3"
"2019","7","12","7","37","臺中市","沙鹿區","0","0","0","8","","","60","","","","","","","","","","","","","","","","","","","","B03","","","1","","2","","","9","","1","","","B03","","","3"
"2019","7","12","7","38","臺中市","龍井區","0","1","0","8","1","5","50","4","1","1","5","4","5","7","4","4","10","5","5","2","16","6","3","10","1","1","B03","7","5","1","8","2","2","","6","6","1","12","8","B03","24.19529","120.522798","2"
"2019","7","12","7","39","臺中市","東區","0","0","0","","","","","","","","","","","","","","","","","","","","","","","","B03","","","1","","2","","","23","","1","21","","B03","24.135004","120.682778","3"
"2019","7","12","7","40","臺中市","北屯區","0","1","0","8","1","5","50","11","9","1","5","4","5","7","4","4","10","5","5","2","18","23","2","9","4","5","F01","7","9","8","20","2","16","","23","23","1","22","8","F01","24.190866","120.783378","2"
"2019","7","12","7","45","臺中市","豐原區","0","1","0","8","1","5","50","3","2","1","5","4","5","7","1","1","5","5","5","1","13","23","2","8","1","1","C03","7","9","4","8","2","11","","23","23","1","21","8","C03","24.236045","120.722676","2"
"2019","7","12","7","49","臺中市","北屯區","0","2","0","8","1","5","50","4","1","1","5","4","5","7","1","1","10","5","5","2","16","43","2","9","1","1","C03","7","9","1","10","2","11","12","43","43","1","5","8","C03","24.171058","120.722751","2"
"2019","7","12","7","50","臺中市","西屯區","0","2","0","8","1","5","40","3","1","1","5","4","5","7","4","4","10","5","5","2","16","8","2","9","1","4","C03","7","5","1","10","2","11","","8","8","1","21","8","C03","24.163235","120.625327","2"
"2019","7","12","7","57","臺中市","烏日區","0","1","0","8","1","5","40","4","1","1","5","4","5","7","1","1","10","5","5","2","16","8","3","10","1","1","B12","7","5","1","8","2","5","","8","8","1","21","8","B12","24.057926","120.657485","2"
"2019","7","12","8","0","臺中市","新社區","0","2","0","8","1","5","50","5","1","1","5","4","5","7","3","1","10","5","5","2","17","25","2","9","1","1","C03","7","11","1","10","2","12","","25","25","1","22","8","C03","24.247716","120.809845","2"
"2019","7","12","8","2","臺中市","烏日區","0","2","0","8","1","5","50","3","1","1","4","4","5","7","4","4","10","5","5","2","17","43","2","9","1","1","C03","7","5","1","10","2","12","","43","43","1","21","1","C03","24.102736","120.626988","2"
"2019","7","12","8","5","臺中市","北屯區","0","0","0","8","","","40","","","","","","","","","","","","","","","","","","","","B03","","","1","","2","","","12","","1","","","B03","24.168584","120.679161","3"
"2019","7","12","8","5","臺中市","大雅區","0","1","0","8","1","5","50","5","1","1","5","4","5","7","1","1","9","4","4","1","17","6","3","10","1","1","C03","7","7","1","10","2","11","","6","6","1","22","9","C03","24.21566","120.66762","2"
"2019","7","12","8","15","臺中市","西屯區","0","0","0","8","","","80","","","","","","","","","","","","","","","","","","","","B03","","","1","","2","","","23","","1","","","B03","24.157663","120.625851","3"
"2019","7","12","8","17","臺中市","北屯區","0","0","0","8","","","50","","","","","","","","","","","","","","","","","","","","B03","","","1","","2","","","43","","1","22","","B03","24.192175","120.660359","3"
"2019","7","12","8","17","臺中市","神岡區","0","0","0","8","","","50","","","","","","","","","","","","","","","","","","","","A11","","","1","","2","","","23","","1","22","","A11","24.248523","120.694102","3"
"2019","7","12","8","20","臺中市","太平區","0","1","0","7","1","5","50","14","9","1","5","4","5","7","4","4","5","5","5","2","16","26","2","9","1","1","C03","7","4","1","10","2","11","","26","26","1","5","5","C03","24.100797","120.721982","2"