"年","月","日","時","分","縣市","區","死","受傷","2-30","天候","光線","道路類別","速限","道路型態","事故位置","路面鋪裝","路面狀態","路面缺陷","障礙物","視距","號誌種類","號誌動作","分向設施","快車道或一般車道間","快慢車道間","路面邊線","事故類型及型態","主要肇因","受傷程度","主要傷處","保護裝備","行動電話","當事者區分_類別","車輛用途","當事者行動狀態","駕駛資格情形","駕駛執照種類","飲酒情形","車輛撞擊部位最初","車輛撞擊部位其他","肇事因素個別","肇事因素主要","肇事逃逸","職業","旅次目的","車種","GPS座標_緯度","GPS座標_經度","事故類別"
"2019","7","12","8","23","臺中市","北屯區","0","2","0","8","1","5","50","4","1","1","5","4","5","7","1","1","10","5","5","2","13","16","2","9","1","1","C03","7","9","1","10","2","11","","16","16","1","21","8","C03","24.169408","120.705878","2"
"2019","7","12","8","25","臺中市","西屯區","0","2","0","8","1","5","40","4","1","1","5","4","5","7","1","1","5","5","4","2","12","8","2","9","3","4","C03","7","5","1","10","2","13","","8","8","1","22","8","C03","24.167992","120.648234","2"
"2019","7","12","8","26","臺中市","南屯區","0","1","0","8","1","5","50","14","7","1","5","4","5","7","4","4","5","5","4","2","16","26","2","9","1","1","C03","7","1","1","10","2","12","","26","26","1","22","9","C03","24.115706","120.626605","2"
"2019","7","12","8","29","臺中市","西區","0","0","0","8","","","50","","","","","","","","","","","","","","","","","","","","B03","","","1","","3","","","12","","1","22","","B03","24.150957","120.654006","3"
"2019","7","12","8","29","臺中市","太平區","0","0","0","8","","","40","","","","","","","","","","","","","","","","","","","","B03","","","1","","2","","","18","","1","20","","B03","24.130939","120.743963","3"
"2019","7","12","8","30","臺中市","北屯區","0","1","0","8","1","5","50","4","1","1","5","4","5","7","1","1","10","5","5","2","12","17","2","9","1","1","C03","7","9","1","10","2","14","","17","17","1","21","8","C03","24.18556","120.686256","2"
"2019","7","12","8","39","臺中市","大雅區","0","1","0","8","1","5","50","5","1","1","5","4","5","7","1","1","9","4","4","1","12","6","3","10","1","1","B03","7","6","1","8","2","5","","6","6","1","22","9","B03","24.2167","120.66592","2"
"2019","7","12","8","40","臺中市","西區","0","1","0","8","1","5","50","5","1","1","5","4","4","6","1","1","2","2","2","1","16","26","3","10","1","1","B03","7","6","1","8","2","5","","26","26","1","21","8","B03","24.132189","120.666983","2"
"2019","7","12","8","40","臺中市","南屯區","0","1","0","8","1","5","50","14","9","1","5","4","5","7","4","4","1","4","5","2","29","43","2","9","1","1","C03","7","9","1","10","2","11","","43","43","1","22","9","C03","24.144015","120.603064","2"
"2019","7","12","8","44","臺中市","北區","0","2","0","8","1","5","50","14","7","1","5","4","5","7","4","4","4","5","4","2","16","6","2","9","1","1","C04","7","5","1","10","2","14","","6","6","1","5","8","C04","24.156377","120.665501","2"
"2019","7","12","8","46","臺中市","西屯區","0","0","0","8","","","50","","","","","","","","","","","","","","","","","","","","B03","","","1","","2","","","23","","1","","","B03","24.187333","120.613478","3"
"2019","7","12","8","52","臺中市","梧棲區","0","1","0","8","1","5","50","3","2","1","5","4","5","7","1","1","1","4","4","2","16","9","3","10","1","1","B03","7","6","1","8","2","6","","9","9","1","9","8","B03","24.259067","120.536121","2"
"2019","7","12","8","58","臺中市","大里區","0","1","0","8","1","5","50","14","9","1","5","4","5","7","1","1","5","5","5","1","16","9","3","10","1","1","B03","7","6","1","8","2","5","","9","9","1","21","8","B03","24.087406","120.687441","2"
"2019","7","12","9","0","臺中市","南屯區","0","1","0","8","1","5","40","3","1","1","5","4","5","7","3","1","10","5","5","2","16","6","3","10","1","1","B03","7","5","1","8","2","8","","6","6","1","22","9","B03","24.137812","120.607484","2"
"2019","7","12","9","0","臺中市","沙鹿區","0","1","0","8","1","5","50","4","1","1","5","4","5","7","4","4","10","5","5","2","15","6","2","9","1","1","C03","7","9","3","18","2","14","","6","6","1","20","5","C03","24.230093","120.570211","2"
"2019","7","12","9","0","臺中市","潭子區","0","0","0","8","","","50","","","","","","","","","","","","","","","","","","","","B03","","","6","","2","","","12","","1","22","","B03","24.203735","120.709577","3"
"2019","7","12","9","5","臺中市","南屯區","0","1","0","8","1","5","50","4","1","1","5","4","5","7","4","4","10","5","5","2","15","6","2","6","1","1","C03","7","9","1","10","2","11","","6","6","1","22","9","C03","24.143006","120.610723","2"
"2019","7","12","9","5","臺中市","太平區","0","1","0","8","1","5","40","14","9","1","5","4","5","7","4","4","10","5","5","2","17","19","3","10","1","1","B03","7","1","1","8","2","1","","19","19","1","21","8","B03","24.128845","120.730442","2"
"2019","7","12","9","8","臺中市","清水區","0","0","0","8","","","50","","","","","","","","","","","","","","","","","","","","B01","","","1","","2","","","16","","1","10","","B01","24.300346","120.577832","4"
"2019","7","12","9","8","臺中市","豐原區","0","0","0","8","","","50","","","","","","","","","","","","","","","","","","","","B03","","","1","","11","","","23","","2","21","","B03","24.240902","120.720152","3"
"2019","7","12","9","13","臺中市","北屯區","0","0","0","8","","","50","","","","","","","","","","","","","","","","","","","","B03","","","1","","2","","","23","","1","","","B03","24.16937","120.711971","3"
"2019","7","12","9","15","臺中市","潭子區","0","1","0","8","1","5","40","4","2","1","5","4","5","7","4","4","10","5","5","2","16","40","3","10","3","4","B03","7","13","1","8","2","4","","40","40","1","22","8","B03","24.20605","120.679161","2"
"2019","7","12","9","17","臺中市","北屯區","0","1","0","8","1","5","50","4","1","1","5","4","5","7","1","1","1","2","4","2","13","23","2","1","1","1","B03","7","9","3","18","2","8","","23","23","1","22","8","B03","24.174539","120.685654","2"
"2019","7","12","9","27","臺中市","太平區","0","1","0","8","1","5","50","4","1","1","5","4","5","7","1","1","10","5","5","2","14","12","3","10","1","1","C03","7","2","1","10","2","13","","12","12","1","21","8","C03","24.119922","120.721515","2"
"2019","7","12","9","38","臺中市","南屯區","0","1","0","8","1","5","50","4","2","1","5","4","5","7","1","1","5","5","4","2","16","19","3","10","3","4","C03","7","1","1","10","2","13","","19","19","1","22","9","C03","24.148444","120.634837","2"
"2019","7","12","9","40","臺中市","大甲區","0","3","0","8","1","5","50","4","1","1","5","4","5","7","4","4","10","5","5","2","17","23","2","9","4","5","F03","7","9","8","20","2","16","","23","23","1","22","9","F03","24.349489","120.620937","2"
"2019","7","12","9","43","臺中市","東區","0","0","0","8","","","50","","","","","","","","","","","","","","","","3","","","","B12","","","1","","2","","","23","","1","21","","B12","24.143928","120.709304","3"
"2019","7","12","9","44","臺中市","潭子區","0","0","0","8","","","50","","","","","","","","","","","","","","","","","","","","B03","","","1","","2","","","42","","1","22","","B03","24.200942","120.702954","3"
"2019","7","12","10","0","臺中市","太平區","0","0","0","8","","","40","","","","","","","","","","","","","","","","","","","","B01","","","1","","2","","","23","","1","","","B01","24.122533","120.721708","3"
"2019","7","12","10","3","臺中市","烏日區","0","1","0","8","1","5","40","4","1","1","5","4","5","7","4","4","10","5","5","2","15","6","3","10","1","1","C03","7","9","1","10","2","11","","6","6","1","21","8","C03","24.105633","120.623438","2"
"2019","7","12","10","4","臺中市","北區","0","1","0","8","1","5","50","14","9","1","5","4","5","7","4","4","1","2","5","2","13","23","2","5","3","4","C03","7","9","1","10","2","11","","23","23","1","22","9","C03","24.174198","120.671775","2"
"2019","7","12","10","10","臺中市","大甲區","0","1","0","8","1","5","50","14","9","1","5","4","5","7","4","4","5","5","5","2","9","23","3","10","1","1","C03","7","5","3","18","2","11","","23","23","1","22","9","C03","24.344845","120.622106","2"
"2019","7","12","10","13","臺中市","潭子區","0","1","0","8","1","5","50","14","7","1","5","4","5","7","4","4","5","4","4","2","17","26","3","10","1","1","C03","7","11","1","10","2","13","","26","26","1","22","8","C03","24.211336","120.704628","2"
"2019","7","12","10","20","臺中市","西屯區","0","0","0","8","","","50","","","","","","","","","","","","","","","","","","","","B03","","","1","","2","","","42","","1","22","","B03","24.181841","120.636034","3"
"2019","7","12","10","25","臺中市","北區","0","0","0","8","","","50","","","","","","","","","","","","","","","","","","","","B03","","","1","","2","","","23","","1","5","","B03","24.157382","120.681405","3"
"2019","7","12","10","25","臺中市","東勢區","0","0","0","8","","","50","","","","","","","","","","","","","","","","","","","","B12","","","1","","2","","","6","","1","7","","B12","24.264105","120.825915","3"
"2019","7","12","10","34","臺中市","南屯區","0","0","0","8","","","50","","","","","","","","","","","","","","","","","","","","C03","","","1","","2","","","17","","1","22","","C03","24.138412","120.608908","3"
"2019","7","12","10","35","臺中市","后里區","0","0","0","8","","","50","","","","","","","","","","","","","","","","","","","","B12","","","1","","2","","","42","","1","","","B12","24.304998","120.722125","3"
"2019","7","12","10","40","臺中市","南屯區","0","1","0","8","1","5","40","14","8","1","5","4","5","7","1","1","1","5","1","2","18","23","2","9","1","1","C03","7","9","1","10","2","14","","23","23","1","22","9","C03","24.151116","120.60583","2"
"2019","7","12","10","43","臺中市","烏日區","0","1","0","8","1","5","40","4","1","1","5","4","5","7","1","1","10","5","5","2","15","25","2","9","1","1","C03","7","9","1","10","2","12","","25","25","1","21","8","C03","24.116481","120.640786","2"
"2019","7","12","10","43","臺中市","沙鹿區","0","0","0","8","","","60","","","","","","","","","","","","","","","","","","","","A31","","","1","","2","","","43","","1","","","A31","24.210101","120.558749","3"
"2019","7","12","10","46","臺中市","清水區","0","1","0","8","1","5","50","4","1","1","5","4","5","7","4","4","10","5","5","2","15","6","3","10","1","1","A41","7","9","1","1","2","5","","6","6","1","10","8","A41","24.269248","120.536435","2"
"2019","7","12","10","49","臺中市","北區","0","1","0","8","1","5","50","4","1","1","5","4","5","7","1","1","10","5","5","2","16","6","3","10","1","1","B03","7","5","1","8","2","8","","6","6","1","22","8","B03","24.17","120.6755","2"
"2019","7","12","10","51","臺中市","北區","0","1","0","8","1","5","50","3","2","1","5","4","5","7","4","4","1","4","4","2","16","6","3","10","3","4","B01","7","6","1","4","2","2","","6","6","1","22","9","B01","24.152265","120.69869","2"
"2019","7","12","10","53","臺中市","潭子區","0","0","0","8","","","40","","","","","","","","","","","","","","","","","","","","B03","","","1","","2","","","12","","1","22","","B03","24.190512","120.715053","3"
"2019","7","12","10","55","臺中市","西屯區","0","1","0","8","1","5","50","4","1","1","5","4","5","7","1","1","1","4","5","2","16","6","3","10","3","4","B03","7","6","6","8","2","2","","6","6","1","21","8","B03","24.179425","120.634531","2"
"2019","7","12","11","1","臺中市","西區","0","2","0","8","1","5","50","3","1","1","5","4","3","7","4","4","5","4","4","1","16","6","3","10","1","1","B03","7","5","1","8","2","5","","6","6","1","21","8","B03","24.134289","120.674664","2"
"2019","7","12","11","18","臺中市","南區","0","1","0","8","1","5","40","4","1","1","5","4","5","7","1","1","9","4","4","2","16","6","3","10","1","1","B03","7","6","1","8","2","2","","6","6","1","5","8","B03","24.122688","120.65329","2"
"2019","7","12","11","20","臺中市","東區","0","1","0","8","1","5","50","14","7","1","5","4","5","7","2","1","3","4","4","2","17","23","2","9","1","1","C02","7","9","1","9","2","12","","23","23","1","21","8","C02","24.138898","120.696479","2"
"2019","7","12","11","20","臺中市","沙鹿區","0","2","0","8","1","5","50","3","1","1","5","4","5","7","1","1","10","5","5","2","17","9","2","9","1","1","C03","7","6","3","18","2","11","","9","9","1","19","7","C03","24.214956","120.579897","2"
"2019","7","12","11","25","臺中市","北屯區","0","0","0","8","","","50","","","","","","","","","","","","","","","","","","","","C03","","","1","","2","","","10","","1","","","C03","24.171147","120.680485","3"
"2019","7","12","11","25","臺中市","北屯區","0","2","0","8","1","5","50","3","1","1","5","4","5","7","4","4","10","5","5","2","17","43","2","3","1","1","C03","7","5","1","10","2","11","","43","43","1","21","8","C03","24.181303","120.688876","2"
"2019","7","12","11","25","臺中市","霧峰區","0","0","0","8","","","50","","","","","","","","","","","","","","","","","","","","B02","","","1","","2","","","12","","1","","","B02","24.05993","120.664846","3"
"2019","7","12","11","26","臺中市","西屯區","0","1","0","8","1","5","50","4","1","1","5","4","5","7","1","1","5","5","5","2","12","6","3","10","3","4","B03","7","6","1","8","2","5","","6","6","1","22","8","B03","24.169479","120.648089","2"
"2019","7","12","11","27","臺中市","霧峰區","0","0","0","8","","","50","","","","","","","","","","","","","","","","","","","","B12","","","1","","2","","","12","","1","","","B12","24.072423","120.709458","3"
"2019","7","12","11","28","臺中市","南區","0","0","0","8","","","50","","","","","","","","","","","","","","","","3","","","","C03","","","1","","2","","","23","","1","21","","C03","24.133546","120.68345","3"
"2019","7","12","11","29","臺中市","西區","0","1","0","8","1","5","50","14","9","1","5","4","5","7","4","4","5","4","5","2","17","42","3","10","1","1","B03","7","15","1","8","2","2","","42","42","1","5","5","B03","24.141034","120.676272","2"
"2019","7","12","11","39","臺中市","北區","0","0","0","8","","","50","","","","","","","","","","","","","","","","","","","","B03","","","1","","2","","","6","","1","5","","B03","24.152964","120.684866","3"
"2019","7","12","11","40","臺中市","西屯區","0","1","0","8","1","5","50","4","1","1","5","4","5","7","2","1","10","5","5","2","17","42","2","9","1","1","C03","7","5","1","10","2","12","","42","42","1","21","8","C03","24.163269","120.657413","2"
"2019","7","12","11","49","臺中市","北屯區","0","0","0","8","","","50","","","","","","","","","","","","","","","","","","","","B03","","","1","","2","","","23","","1","","","B03","24.179328","120.667715","3"
"2019","7","12","12","0","臺中市","北屯區","0","0","0","8","","","40","","","","","","","","","","","","","","","","","","","","B11","","","1","","2","","","23","","1","10","","B11","24.17794","120.719618","3"
"2019","7","12","12","0","臺中市","外埔區","0","0","0","8","","","50","","","","","","","","","","","","","","","","","","","","B12","","","1","","2","","","23","","1","","","B12","24.342651","120.637396","3"
"2019","7","12","12","5","臺中市","北屯區","0","0","0","","","","","","","","","","","","","","","","","","","","","","","","B03","","","1","","2","","","23","","1","22","","B03","24.173926","120.691303","3"
"2019","7","12","12","5","臺中市","大雅區","0","1","0","8","1","5","40","4","2","1","5","4","5","7","4","4","5","5","4","2","18","23","2","9","1","1","C03","7","9","1","10","2","14","","23","23","1","22","8","C03","24.234579","120.666416","2"
"2019","7","12","12","13","臺中市","北區","0","0","0","8","","","50","","","","","","","","","","","","","","","","","","","","H01","","","8","","2","","","52","","1","22","","H01","24.151175","120.67755","3"
"2019","7","12","12","15","臺中市","西屯區","0","0","0","8","","","50","","","","","","","","","","","","","","","26","","","","","B03","","","3","","2","","","26","26","1","22","","B03","24.174728","120.648695","3"
"2019","7","12","12","15","臺中市","大甲區","0","0","0","","","","","","","","","","","","","","","","","","","10","","","","","C03","","","1","","2","","","23","10","","","","C03","24.347694","120.627435","3"
"2019","7","12","12","21","臺中市","西屯區","0","0","0","8","","","50","","","","","","","","","","","","","","","23","","","","","B03","","","1","","2","","","23","23","1","","","B03","24.18919","120.615863","3"
"2019","7","12","12","26","臺中市","北區","0","0","0","8","","","40","","","","","","","","","","","","","","","67","","","","","B03","","","1","","2","","","38","67","1","5","","B03","24.169135","120.676801","3"
"2019","7","12","12","28","臺中市","后里區","0","1","0","8","1","5","50","4","1","1","5","4","5","7","1","1","10","5","5","2","15","25","2","9","3","4","C03","7","9","1","10","2","11","","25","25","1","21","8","C03","24.308255","120.712181","2"
"2019","7","12","12","50","臺中市","梧棲區","0","2","0","8","1","5","40","3","2","1","5","4","5","5","1","1","10","5","5","2","16","43","2","8","1","1","C03","7","5","1","10","2","11","","43","43","1","5","1","C03","24.247165","120.54437","2"
"2019","7","12","12","55","臺中市","西屯區","0","2","0","8","1","5","50","4","1","1","5","4","5","7","4","4","5","5","5","2","16","6","3","10","3","4","C03","7","5","1","10","2","14","","6","6","1","21","8","C03","24.161246","120.653702","2"
"2019","7","12","13","0","臺中市","沙鹿區","0","0","0","8","","","50","","","","","","","","","","","","","","","","","","","","B03","","","1","","2","","","12","","1","4","","B03","24.248612","120.564087","3"
"2019","7","12","13","10","臺中市","北區","0","2","0","8","1","5","50","4","1","1","5","4","5","7","1","1","10","5","5","2","15","25","3","10","1","1","B03","7","9","1","8","2","4","","25","25","1","22","8","B03","24.1638","120.6866","2"
"2019","7","12","13","15","臺中市","沙鹿區","0","0","0","8","","","60","","","","","","","","","","","","","","","","","","","","A12","","","1","","2","","","12","","1","10","","A12","24.250114","120.589732","3"
"2019","7","12","13","19","臺中市","西屯區","0","0","0","8","","","50","","","","","","","","","","","","","","","","","","","","C03","","","1","","2","","","16","","1","22","","C03","24.176363","120.643653","3"
"2019","7","12","13","25","臺中市","大雅區","0","0","0","8","1","5","40","13","9","1","5","4","5","7","4","4","10","5","5","1","14","12","3","10","1","1","B03","7","2","1","6","2","3","","12","12","1","22","9","B03","24.225842","120.661449","3"
"2019","7","12","13","37","臺中市","南屯區","0","0","0","8","","","50","","","","","","","","","","","","","","","","","","","","B12","","","1","","2","","","19","","1","","","B12","24.129619","120.654575","3"
"2019","7","12","13","37","臺中市","北屯區","0","1","0","8","1","5","50","4","1","1","5","4","5","7","1","1","10","5","5","2","16","25","2","9","1","1","C03","7","1","1","10","2","11","","25","25","1","22","8","C03","24.176916","120.733701","2"
"2019","7","12","13","46","臺中市","南區","0","2","0","8","1","5","50","4","1","1","5","4","5","7","4","4","10","5","5","2","15","6","2","9","4","5","F01","7","9","8","20","2","16","","6","6","1","21","8","F01","24.129848","120.681886","2"
"2019","7","12","13","47","臺中市","西區","0","0","0","8","","","40","","","","","","","","","","","","","","","","","","","","B12","","","1","","2","","","12","","1","21","","B12","24.146944","120.67211","3"
"2019","7","12","13","52","臺中市","西屯區","0","0","0","8","","","50","","","","","","","","","","","","","","","","","","","","B03","","","1","","2","","","6","","1","","","B03","24.160166","120.646453","3"
"2019","7","12","13","54","臺中市","潭子區","0","1","0","8","1","5","50","14","7","1","5","4","5","7","4","4","5","4","4","2","12","23","3","10","1","1","B03","7","9","1","8","2","2","","23","23","1","22","8","B03","24.211058","120.707327","2"
"2019","7","12","13","56","臺中市","西區","0","1","0","8","1","5","50","4","1","1","5","4","5","7","1","1","10","5","5","2","15","25","3","10","1","1","B03","7","9","1","8","2","7","","25","25","1","5","5","B03","24.13216","120.661705","2"
"2019","7","12","14","1","臺中市","北屯區","0","0","0","8","","","40","","","","","","","","","","","","","","","","","","","","B03","","","1","","2","","","12","","1","","","B03","24.196093","120.662066","3"
"2019","7","12","14","2","臺中市","大里區","0","0","0","8","","","50","","","","","","","","","","","","","","","","","","","","B12","","","1","","2","","","1","","1","","","B12","24.085146","120.680398","3"
"2019","7","12","14","5","臺中市","北屯區","0","0","0","8","","","50","","","","","","","","","","","","","","","6","","","","","B03","","","1","","2","","","6","6","1","22","","B03","24.170896","120.7295","3"
"2019","7","12","14","6","臺中市","西屯區","0","0","0","8","","","50","","","","","","","","","","","","","","","","","","","","B11","","","1","","2","","","23","","1","","","B11","24.179741","120.638821","3"
"2019","7","12","14","7","臺中市","沙鹿區","0","0","0","8","","","50","","","","","","","","","","","","","","","","","","","","B12","","","1","","2","","","23","","1","9","","B12","24.240482","120.562","3"
"2019","7","12","14","19","臺中市","沙鹿區","0","0","0","8","","","40","","","","","","","","","","","","","","","","","","","","B03","","","1","","2","","","12","","1","4","","B03","24.243498","120.614537","3"
"2019","7","12","14","21","臺中市","北區","0","1","0","8","1","5","50","4","1","1","5","4","5","7","2","1","5","2","5","2","16","6","3","10","3","4","B12","7","6","1","8","2","2","","6","6","1","22","9","B12","24.153828","120.682128","2"
"2019","7","12","14","24","臺中市","東區","0","1","0","8","1","5","50","14","7","1","5","4","5","7","1","1","9","4","5","2","13","45","2","9","1","1","C03","7","9","1","10","2","11","","45","45","1","5","8","C03","24.134803","120.682753","2"
"2019","7","12","14","30","臺中市","大甲區","0","1","0","8","1","5","50","14","8","1","5","4","5","7","4","4","9","5","5","1","13","23","2","8","1","1","C03","7","9","1","10","2","11","","23","23","1","4","1","C03","24.36726","120.634762","2"
"2019","7","12","14","31","臺中市","南屯區","0","0","0","8","","","50","","","","","","","","","","","","","","","16","","","","","B03","","","1","","2","","","16","16","1","22","","B03","24.13888","120.646516","3"
"2019","7","12","14","32","臺中市","西屯區","0","2","0","8","1","5","50","14","8","1","5","4","5","7","4","4","1","4","1","2","12","7","3","10","3","4","B12","7","8","1","8","2","2","","7","7","1","22","8","B12","24.19699","120.648527","2"
"2019","7","12","15","3","臺中市","大里區","0","0","0","8","","","40","","","","","","","","","","","","","","","","","","","","B03","","","1","","2","","","19","","1","21","","B03","24.102365","120.67133","3"
"2019","7","12","15","3","臺中市","潭子區","0","1","0","8","1","5","50","4","1","1","5","4","5","7","4","4","10","5","5","2","16","23","2","9","1","1","C03","7","9","1","10","2","14","","23","23","1","22","8","C03","24.202651","120.709497","2"
"2019","7","12","15","5","臺中市","梧棲區","0","0","0","8","","","50","","","","","","","","","","","","","","","","","","","","B03","","","1","","2","","","23","","","","","B03","24.241812","120.546476","3"
"2019","7","12","15","11","臺中市","大雅區","0","1","0","8","1","5","40","3","1","1","5","4","5","7","4","4","10","5","5","2","16","6","3","10","1","1","B03","7","5","1","8","2","5","","6","6","1","22","9","B03","24.226008","120.618982","2"
"2019","7","12","15","18","臺中市","西屯區","0","1","0","8","1","5","40","3","1","1","5","4","5","7","1","1","10","5","5","2","16","9","3","10","1","1","B03","7","6","1","8","2","2","","9","9","1","4","8","B03","24.183372","120.615171","2"
"2019","7","12","15","20","臺中市","霧峰區","0","0","0","8","","","50","","","","","","","","","","","","","","","","","","","","B02","","","1","","2","","","12","","1","22","","B02","24.054656","120.686125","3"
"2019","7","12","15","20","臺中市","大雅區","0","0","0","8","","","50","","","","","","","","","","","","","","","","","","","","B03","","","1","","2","","","23","","1","","","B03","24.236076","120.635372","3"
"2019","7","12","15","21","臺中市","太平區","0","0","0","6","","","50","","","","","","","","","","","","","","","","","","","","B03","","","1","","2","","","12","","1","","","B03","24.111009","120.723933","3"
"2019","7","12","15","22","臺中市","西屯區","0","0","0","8","","","70","","","","","","","","","","","","","","","16","","","","","B03","","","1","","2","","","16","16","1","22","","B03","24.181543","120.618876","3"
"2019","7","12","15","28","臺中市","北屯區","0","0","0","8","","","50","","","","","","","","","","","","","","","","","","","","B03","","","1","","1","","","26","","1","5","","B03","24.189","120.7224","3"
"2019","7","12","15","29","臺中市","大甲區","0","0","0","8","","","50","","","","","","","","","","","","","","","","","","","","B03","","","1","","2","","","12","","1","5","","B03","24.354073","120.63057","3"
"2019","7","12","15","30","臺中市","東區","0","2","0","8","1","5","50","4","18","1","5","4","5","7","1","1","10","5","5","2","1","26","2","9","1","1","C03","7","9","1","10","2","11","","26","26","1","22","8","C03","24.140692","120.708116","2"
"2019","7","12","15","30","臺中市","烏日區","0","0","0","8","","","40","","","","","","","","","","","","","","","","","","","","A12","","","1","","2","","","33","","1","21","","A12","24.065206","120.651271","3"
"2019","7","12","15","30","臺中市","大雅區","0","0","0","8","","","40","","","","","","","","","","","","","","","","","","","","B12","","","1","","2","","","12","","1","22","","B12","24.23887","120.66641","3"
"2019","7","12","15","33","臺中市","北區","0","0","0","8","","","40","","","","","","","","","","","","","","","","","","","","B12","","","1","","2","","","12","","1","","","B12","24.152921","120.688901","3"
"2019","7","12","15","35","臺中市","南區","0","1","0","8","1","5","50","13","9","1","5","4","5","7","4","4","5","4","5","2","13","16","2","8","1","1","C03","7","9","1","10","2","11","","16","16","1","21","8","C03","24.120831","120.650416","2"
"2019","7","12","15","37","臺中市","北屯區","0","0","0","8","","","50","","","","","","","","","","","","","","","","","","","","B12","","","1","","2","","","16","","1","","","B12","24.184038","120.664966","3"
"2019","7","12","15","45","臺中市","南屯區","0","2","0","8","1","5","50","4","1","1","5","4","5","7","2","1","10","5","5","2","16","6","2","9","1","1","C03","7","5","1","10","2","12","","6","6","1","5","8","C03","24.136384","120.649073","2"
"2019","7","12","15","45","臺中市","南屯區","0","0","0","8","","","40","","","","","","","","","","","","","","","","","","","","G03","","","8","","2","","","23","","1","5","","G03","24.153156","120.616128","3"
"2019","7","12","15","48","臺中市","西區","0","1","0","8","1","5","50","14","9","1","5","4","5","7","4","4","9","2","5","2","13","23","2","7","1","1","C03","7","9","1","10","2","11","","23","23","1","21","8","C03","24.153807","120.661983","2"
"2019","7","12","15","48","臺中市","西區","0","1","0","8","1","5","50","4","1","1","5","4","5","7","1","1","10","5","5","2","17","7","3","10","1","1","B03","7","8","1","8","2","2","","7","7","1","5","5","B03","24.146764","120.652972","2"
"2019","7","12","15","55","臺中市","烏日區","0","2","0","8","2","5","70","14","7","1","5","4","5","7","4","4","2","4","3","2","13","23","2","7","1","1","A12","7","9","1","7","2","6","","44","23","1","22","8","A12","24.106313","120.615532","2"
"2019","7","12","16","0","臺中市","西屯區","0","0","0","8","1","5","50","14","7","1","5","4","5","7","4","4","10","4","5","2","13","16","3","10","3","4","B03","7","9","1","8","2","1","","23","16","1","22","9","B03","24.160838","120.652986","3"
"2019","7","12","16","0","臺中市","太平區","0","0","0","8","1","7","80","14","9","1","5","4","5","7","4","4","1","3","5","1","13","","","","","","B02","","","1","","2","","","16","","1","22","","B02","24.132685","120.707703","3"
"2019","7","12","16","17","臺中市","大里區","0","0","0","8","","","50","","","","","","","","","","","","","","","","","","","","B03","","","1","","2","","","40","","1","21","","B03","24.107845","120.703933","3"
"2019","7","12","16","25","臺中市","沙鹿區","0","0","0","8","","","50","","","","","","","","","","","","","","","","","","","","B03","","","1","","2","","","6","","1","9","","B03","24.253069","120.568549","3"
"2019","7","12","16","35","臺中市","北屯區","0","3","0","8","1","5","60","14","7","1","5","4","5","7","1","1","1","4","4","2","13","16","3","10","1","1","B03","7","9","1","8","2","1","","16","16","1","21","8","B03","24.17769","120.719606","2"
"2019","7","12","16","38","臺中市","北屯區","0","0","0","8","","","50","","","","","","","","","","","","","","","","","","","","","","","7","","11","","","43","","","","","","24.177641","120.717323","3"
"2019","7","12","16","39","臺中市","南屯區","0","0","0","8","","","50","","","","","","","","","","","","","","","","","","","","B03","","","1","","2","","","6","","1","22","","B03","24.146817","120.648601","3"
"2019","7","12","16","40","臺中市","北區","0","0","0","8","","","50","","","","","","","","","","","","","","","","","","","","","","","8","","11","","","43","","1","","","","24.171768","120.678339","3"
"2019","7","12","16","44","臺中市","中區","0","1","0","8","1","5","50","4","2","1","5","4","5","7","2","1","5","2","5","2","13","16","3","10","1","1","C03","7","9","1","10","2","11","","16","16","1","5","9","C03","24.14098","120.68067","2"
"2019","7","12","16","44","臺中市","外埔區","0","0","0","8","1","5","50","14","9","1","5","4","5","7","1","1","1","4","5","1","13","23","3","10","1","1","B11","7","9","1","8","2","1","","23","23","1","21","8","B11","24.341","120.639854","3"
"2019","7","12","16","49","臺中市","西區","0","1","0","8","1","5","50","4","1","1","5","4","5","7","1","1","10","5","5","2","16","6","3","10","1","1","B03","7","5","1","8","2","1","","6","6","1","21","8","B03","24.146721","120.656775","2"
"2019","7","12","16","50","臺中市","大甲區","0","0","0","8","","","50","","","","","","","","","","","","","","","","","","","","B12","","","1","","2","","","12","","1","21","","B12","24.346284","120.627691","3"
"2019","7","12","16","54","臺中市","大甲區","0","1","0","8","1","5","50","3","1","1","5","4","5","7","4","4","10","5","5","2","3","43","2","9","4","5","H01","8","18","8","20","1","16","","54","43","1","14","8","H01","24.343984","120.631281","2"
"2019","7","12","17","5","臺中市","北區","0","0","0","8","","","50","","","","","","","","","","","","","","","","","","","","B03","","","3","","2","","","12","","1","22","","B03","24.157833","120.687486","3"