"年","月","日","時","分","縣市","區","死","受傷","2-30","天候","光線","道路類別","速限","道路型態","事故位置","路面鋪裝","路面狀態","路面缺陷","障礙物","視距","號誌種類","號誌動作","分向設施","快車道或一般車道間","快慢車道間","路面邊線","事故類型及型態","主要肇因","受傷程度","主要傷處","保護裝備","行動電話","當事者區分_類別","車輛用途","當事者行動狀態","駕駛資格情形","駕駛執照種類","飲酒情形","車輛撞擊部位最初","車輛撞擊部位其他","肇事因素個別","肇事因素主要","肇事逃逸","職業","旅次目的","車種","GPS座標_緯度","GPS座標_經度","事故類別"
"2019","7","12","17","7","臺中市","烏日區","0","1","0","8","1","5","50","3","1","1","5","4","5","7","1","1","10","5","5","2","16","10","3","10","1","1","B12","7","11","1","8","2","8","","10","10","1","23","8","B12","24.107836","120.602901","2"
"2019","7","12","17","8","臺中市","南區","0","1","0","8","1","5","40","14","9","1","5","4","5","7","4","4","5","4","5","2","16","23","2","9","1","1","C03","7","9","1","10","2","11","","23","23","1","22","8","C03","24.131061","120.684501","2"
"2019","7","12","17","9","臺中市","潭子區","0","0","0","8","","","50","","","","","","","","","","","","","","","","","","","","B03","","","1","","2","","","23","","1","","","B03","24.227511","120.708923","3"
"2019","7","12","17","10","臺中市","神岡區","0","1","0","8","1","5","40","11","9","1","5","4","5","4","4","4","10","5","5","2","17","5","3","10","3","4","B03","7","9","1","8","2","4","","5","5","1","22","1","B03","24.282895","120.649225","2"
"2019","7","12","17","14","臺中市","南屯區","0","1","0","8","1","5","50","4","1","1","5","4","5","7","4","4","10","5","5","2","15","6","2","9","3","4","C03","7","9","1","10","2","12","","6","6","1","22","8","C03","24.14178","120.647795","2"
"2019","7","12","17","16","臺中市","西屯區","0","1","0","8","1","5","40","4","1","1","5","4","5","7","1","1","10","5","5","2","27","23","2","9","1","1","C03","7","9","1","10","2","14","","23","23","1","4","8","C03","24.166477","120.658653","2"
"2019","7","12","17","18","臺中市","南屯區","0","0","0","8","","","50","","","","","","","","","","","","","","","","","","","","B03","","","1","","2","","","6","","1","22","","B03","24.140399","120.622738","3"
"2019","7","12","17","20","臺中市","北區","0","1","0","8","1","5","50","4","1","1","5","4","5","7","4","4","10","5","5","2","15","6","2","9","1","4","C03","7","9","1","10","2","11","","6","6","1","22","9","C03","24.151407","120.677438","2"
"2019","7","12","17","20","臺中市","東區","0","2","0","8","1","5","50","4","1","1","5","4","4","7","2","1","10","5","5","2","16","23","2","8","1","1","C03","7","6","1","10","2","12","","23","23","1","3","8","C03","24.13298","120.698749","2"
"2019","7","12","17","22","臺中市","潭子區","0","0","0","8","","","50","","","","","","","","","","","","","","","","","","","","B12","","","1","","2","","","23","","1","22","","B12","24.231205","120.69386","3"
"2019","7","12","17","25","臺中市","沙鹿區","0","0","0","8","","","50","","","","","","","","","","","","","","","","","","","","B03","","","1","","2","","","23","","1","","","B03","24.22765","120.574681","3"
"2019","7","12","17","25","臺中市","沙鹿區","0","0","0","","","","","","","","","","","","","","","","","","","","","","","","A12","","","1","","2","","","23","","1","10","","A12","24.262786","120.573503","3"
"2019","7","12","17","27","臺中市","東區","0","0","0","8","","","50","","","","","","","","","","","","","","","7","3","","","","B12","","","1","8","2","","","7","7","","21","","B12","24.133211","120.698223","3"
"2019","7","12","17","28","臺中市","南屯區","0","2","0","8","1","5","50","4","2","1","5","4","5","7","2","1","5","4","5","2","13","23","2","9","1","1","C03","7","9","1","10","2","11","","23","23","1","19","8","C03","24.136387","120.649123","2"
"2019","7","12","17","28","臺中市","西屯區","0","2","0","8","1","5","50","4","2","1","5","4","5","7","2","1","5","4","5","2","16","26","2","9","3","4","C03","7","15","1","10","2","12","","26","26","1","22","8","C03","24.179041","120.644545","2"
"2019","7","12","17","30","臺中市","梧棲區","0","0","0","8","","","60","","","","","","","","","","","","","","","","","","","","A41","","","1","","2","","","2","","1","10","","A41","24.225211","120.525895","3"
"2019","7","12","17","30","臺中市","神岡區","0","0","0","8","","","50","","","","","","","","","","","","","","","","","","","","B03","","","1","","2","","","23","","1","3","","B03","24.25825","120.655351","3"
"2019","7","12","17","31","臺中市","大雅區","0","2","0","8","1","5","50","4","1","1","5","4","5","7","1","1","1","4","4","1","16","23","2","8","1","1","C03","7","6","1","10","2","12","","44","23","1","22","9","C03","24.221384","120.648288","2"
"2019","7","12","17","36","臺中市","龍井區","0","0","0","","","","","","","","","","","","","","","","","","","","","","","","B03","","","1","","2","","","9","","1","22","","B03","24.179374","120.589719","3"
"2019","7","12","17","37","臺中市","西屯區","0","1","0","8","1","5","50","14","7","1","5","4","5","7","1","1","8","4","4","2","13","23","3","10","3","4","B03","7","9","1","8","9","1","","23","23","2","22","9","B03","24.167651","120.648736","2"
"2019","7","12","17","40","臺中市","太平區","0","1","0","8","2","5","50","3","1","1","5","4","5","7","1","1","10","5","5","2","16","6","3","10","1","1","B03","7","5","1","8","2","2","","6","6","1","21","8","B03","24.133768","120.71235","2"
"2019","7","12","17","42","臺中市","北區","0","2","0","8","1","5","50","3","1","1","5","4","5","7","1","1","10","5","5","2","17","6","2","9","1","1","C03","7","6","1","10","2","12","","6","6","1","21","8","C03","24.151795","120.688253","2"
"2019","7","12","17","45","臺中市","西屯區","","","","8","","","50","","","","","","","","","","","","","","","","","","","","B03","","","1","","2","","","23","","1","22","","B03","24.193741","120.659196","3"
"2019","7","12","17","45","臺中市","大雅區","0","0","0","8","","","40","","","","","","","","","","","","","","","","","","","","C03","","","1","","2","","","16","","1","","","C03","24.227963","120.65167","3"
"2019","7","12","17","53","臺中市","烏日區","0","1","0","8","1","5","50","4","1","1","5","4","5","7","1","1","1","4","1","1","15","25","3","10","1","1","B03","7","9","1","6","2","7","","25","25","1","22","1","B03","24.114176","120.584968","2"
"2019","7","12","17","55","臺中市","北屯區","0","0","0","8","","","50","","","","","","","","","","","","","","","","","","","","B03","","","1","","2","","","18","","1","22","","B03","24.178278","120.740805","3"
"2019","7","12","17","56","臺中市","梧棲區","0","1","0","8","1","5","40","4","1","1","5","4","5","7","4","4","10","5","5","2","15","6","3","10","1","1","B03","7","9","1","8","2","2","","6","6","1","5","1","B03","24.227465","120.524658","2"
"2019","7","12","17","57","臺中市","大甲區","0","1","0","8","1","5","60","3","1","1","5","4","5","7","2","1","10","5","5","2","16","6","3","10","1","1","B12","7","6","1","8","2","5","2","6","6","1","12","8","B12","24.35432","120.618882","2"
"2019","7","12","18","1","臺中市","烏日區","0","2","0","8","1","5","50","3","2","1","4","4","5","7","4","4","1","4","4","1","12","17","2","9","1","1","C03","7","4","1","10","2","11","","17","17","1","21","8","C03","24.07884","120.643255","2"
"2019","7","12","18","6","臺中市","南屯區","0","0","0","8","2","5","40","14","12","1","5","4","5","7","4","4","5","5","4","2","17","23","3","10","3","4","B03","7","9","6","8","8","5","","23","23","1","5","8","B03","24.151648","120.616141","3"
"2019","7","12","18","10","臺中市","東勢區","0","1","0","8","1","5","50","15","9","1","4","4","5","7","4","4","4","3","5","1","12","23","3","10","1","1","C03","7","9","1","10","2","11","","23","23","1","22","9","C03","24.28557","120.794005","2"
"2019","7","12","18","11","臺中市","潭子區","0","0","0","8","","","50","","","","","","","","","","","","","","","","","","","","B03","","","1","","2","","","16","","1","","","B03","24.227648","120.708743","3"
"2019","7","12","18","15","臺中市","南屯區","0","1","0","8","1","5","50","4","1","1","5","4","5","7","4","4","10","5","5","2","15","6","3","10","1","1","B03","7","9","1","8","2","5","","6","6","1","5","8","B03","24.133215","120.648493","2"
"2019","7","12","18","15","臺中市","南屯區","0","1","0","8","1","5","50","4","1","1","5","4","5","7","4","4","10","5","5","2","29","23","2","9","3","4","C03","7","9","1","10","2","14","","23","23","1","22","8","C03","24.154584","120.6486","2"
"2019","7","12","18","15","臺中市","潭子區","0","1","0","8","1","5","50","14","9","1","5","4","5","7","1","1","8","3","5","1","12","6","2","9","1","1","C03","7","5","1","10","2","13","","6","6","1","22","1","C03","24.218149","120.71737","2"
"2019","7","12","18","16","臺中市","北屯區","0","0","0","8","","","40","","","","","","","","","","","","","","","43","","","","","C03","","","1","","2","","","43","43","1","22","","C03","24.17482","120.721185","3"
"2019","7","12","18","17","臺中市","南區","0","0","0","8","","","50","","","","","","","","","","","","","","","","","","","","B03","","","1","","2","","","23","","1","4","","B03","24.114782","120.669537","3"
"2019","7","12","18","17","臺中市","南屯區","0","0","0","8","","","50","","","","","","","","","","","","","","","","","","","","B12","","","1","","2","","","23","","1","5","","B12","24.149768","120.612874","3"
"2019","7","12","18","20","臺中市","大雅區","0","0","0","8","","","50","","","","","","","","","","","","","","","","","","","","B12","","","1","","2","","","17","","1","","","B12","24.228761","120.651246","3"
"2019","7","12","18","21","臺中市","大里區","0","0","0","8","1","3","40","14","9","1","5","4","5","7","4","4","8","4","5","2","13","16","3","10","1","1","C03","7","9","1","10","2","11","","16","16","1","21","8","C03","24.109973","120.673746","3"
"2019","7","12","18","23","臺中市","北屯區","0","0","0","8","","","50","","","","","","","","","","","","","","","","","","","","B03","","","1","","2","","","23","","1","21","","B03","24.163506","120.71827","3"
"2019","7","12","18","25","臺中市","大甲區","0","0","0","8","","","50","","","","","","","","","","","","","","","","","","","","B03","","","1","","2","","","18","","1","","","B03","24.350601","120.624318","3"
"2019","7","12","18","28","臺中市","神岡區","0","1","0","8","2","5","40","14","9","1","5","4","5","7","4","4","10","5","5","2","10","23","2","7","1","1","C03","7","9","1","10","2","11","","23","23","1","22","9","C03","24.249578","120.698485","2"
"2019","7","12","18","30","臺中市","北區","0","0","0","8","","","50","","","","","","","","","","","","","","","","","","","","C03","","","1","","2","","","13","","1","","","C03","24.166911","120.671149","3"
"2019","7","12","18","30","臺中市","南屯區","0","1","0","8","3","5","50","3","1","1","5","4","5","7","1","1","10","5","5","2","16","6","3","10","1","1","B12","7","6","1","8","2","2","","6","6","1","5","8","B12","24.140315","120.62008","2"
"2019","7","12","18","39","臺中市","北屯區","0","1","0","8","2","5","50","14","7","1","5","4","5","7","4","4","5","5","4","2","16","19","3","10","1","1","B03","7","1","1","8","2","8","","19","19","1","21","8","B03","24.180851","120.672393","2"
"2019","7","12","18","40","臺中市","太平區","0","0","0","8","","","50","","","","","","","","","","","","","","","","","","","","B03","","","1","","2","","","6","","1","21","","B03","24.16022","120.71578","3"
"2019","7","12","18","40","臺中市","后里區","0","0","0","8","2","5","50","4","2","1","5","4","5","7","2","1","1","4","5","1","13","","","","","","B03","","","1","","2","","","23","","1","5","","B03","24.326503","120.708095","3"
"2019","7","12","18","44","臺中市","西區","0","1","0","8","2","5","50","4","1","1","5","4","5","7","4","4","10","5","5","2","15","6","3","10","1","1","B03","7","9","1","8","2","4","","6","6","1","5","5","B03","24.149558","120.668186","2"
"2019","7","12","18","47","臺中市","北區","0","2","0","8","1","5","50","4","4","1","5","4","5","7","1","1","10","5","5","2","17","6","3","10","1","1","B03","7","6","1","8","2","2","","6","6","1","21","8","B03","24.151666","120.688055","2"
"2019","7","12","18","53","臺中市","西區","0","0","0","8","","","50","","","","","","","","","","","","","","","","","","","","B03","","","1","","2","","","7","","1","5","","B03","24.145501","120.671223","3"
"2019","7","12","19","0","臺中市","西區","0","1","0","8","1","5","50","3","1","1","5","4","5","7","1","1","10","5","5","2","17","25","3","10","1","1","B03","7","9","1","8","2","1","","25","25","1","5","5","B03","24.149027","120.655182","2"
"2019","7","12","19","8","臺中市","梧棲區","0","1","0","8","4","5","40","4","1","1","5","4","5","7","4","4","10","5","5","2","15","6","3","10","1","1","B12","7","9","1","8","2","8","","6","6","1","9","8","B12","24.225475","120.536826","2"
"2019","7","12","19","15","臺中市","沙鹿區","0","0","0","8","","","60","","","","","","","","","","","","","","","","","","","","B03","","","1","","2","","","7","","1","21","","B03","24.25197","120.575585","3"
"2019","7","12","19","20","臺中市","西區","0","2","0","8","3","5","50","4","1","1","5","4","5","7","1","1","10","5","5","2","16","25","3","10","1","1","B03","7","5","1","8","2","8","","25","25","1","3","9","B03","24.139695","120.671207","2"
"2019","7","12","19","32","臺中市","北屯區","0","0","0","8","3","5","60","14","9","1","5","4","5","7","4","4","1","4","5","2","13","23","3","10","1","1","B12","7","9","6","8","6","1","","23","23","1","5","8","B12","24.163062","120.719701","3"
"2019","7","12","19","40","臺中市","龍井區","0","1","0","8","3","5","40","5","1","1","5","4","5","7","1","1","10","5","5","2","15","25","3","10","3","4","B03","7","9","1","8","2","8","","25","25","1","9","9","B03","24.193393","120.536466","2"
"2019","7","12","19","44","臺中市","北區","0","0","0","8","","","50","","","","","","","","","","","","","","","","","","","","B03","","","1","","2","","","23","","1","22","","B03","24.150903","120.687987","3"
"2019","7","12","19","45","臺中市","潭子區","0","0","0","8","","","80","","","","","","","","","","","","","","","","","","","","B03","","","1","","2","","","23","","1","22","","B03","24.200483","120.71141","3"
"2019","7","12","20","5","臺中市","大里區","0","0","0","8","","","60","","","","","","","","","","","","","","","","","","","","B03","","","1","","2","","","6","","1","1","","B03","24.086338","120.687945","3"
"2019","7","12","20","8","臺中市","后里區","0","0","0","8","3","5","50","14","13","1","5","4","5","7","4","4","5","5","5","1","14","","","","","","B03","","","1","","2","","","12","","1","4","","B03","24.30914","120.726345","3"
"2019","7","12","20","14","臺中市","南區","0","2","0","7","3","5","50","4","1","1","5","4","5","7","1","1","10","5","5","2","15","25","3","10","1","1","B03","7","9","1","8","2","4","","25","25","1","22","8","B03","24.130796","120.677023","2"
"2019","7","12","20","14","臺中市","梧棲區","0","0","0","8","","","40","","","","","","","","","","","","","","","","","","","","B12","","","1","","2","","","6","","1","20","","B12","24.251758","120.529043","3"
"2019","7","12","20","17","臺中市","南屯區","0","2","0","8","3","5","50","3","1","1","5","4","5","7","4","4","10","5","5","2","13","23","2","8","3","4","C03","7","9","1","10","2","11","","23","23","1","22","8","C03","24.138908","120.65458","2"
"2019","7","12","20","24","臺中市","西屯區","0","0","0","8","","","50","","","","","","","","","","","","","","","","","","","","B03","","","1","","2","","","17","","1","22","","B03","24.200003","120.657356","3"
"2019","7","12","20","33","臺中市","潭子區","0","2","0","8","3","5","50","5","1","1","5","4","5","7","1","1","10","5","5","2","17","6","2","9","1","1","C03","7","6","1","10","2","14","","6","6","1","21","8","C03","24.208223","120.710266","2"
"2019","7","12","20","35","臺中市","北區","0","0","0","8","","","50","","","","","","","","","","","","","","","","","","","","B03","","","1","","2","","","19","","1","","","B03","24.163789","120.671954","3"
"2019","7","12","20","41","臺中市","西區","0","1","0","8","3","5","50","4","1","1","5","4","5","7","4","4","10","5","5","2","3","15","3","10","1","1","B03","7","5","1","8","2","8","","15","15","1","5","5","B03","24.152552","120.658873","2"
"2019","7","12","20","54","臺中市","大雅區","0","1","0","8","3","5","50","4","1","1","5","4","5","7","2","1","10","5","5","2","13","23","3","10","1","1","B03","7","9","1","8","2","1","","23","23","1","22","9","B03","24.22125","120.653552","2"
"2019","7","12","21","1","臺中市","南屯區","0","1","0","8","3","5","50","5","1","1","5","4","5","7","2","1","10","5","5","2","12","23","2","9","1","1","C03","7","9","1","10","2","14","","23","23","1","18","8","C03","24.143049","120.635975","2"
"2019","7","12","21","4","臺中市","梧棲區","0","1","0","8","3","5","50","4","1","1","5","4","5","7","3","1","10","5","5","2","15","6","2","9","3","4","C03","7","9","1","10","2","12","","6","6","1","21","8","C03","24.258126","120.533626","2"
"2019","7","12","21","6","臺中市","中區","0","0","0","8","","","50","","","","","","","","","","","","","","","12","3","","","","B03","","","1","","2","","","12","12","1","21","","B03","24.136308","120.681799","3"
"2019","7","12","21","10","臺中市","西屯區","0","0","0","8","","","40","","","","","","","","","","","","","","","","","","","","B03","","","1","","2","","","6","","1","","","B03","24.182881","120.648355","3"
"2019","7","12","21","13","臺中市","南區","0","0","0","8","","","50","","","","","","","","","","","","","","","12","3","","","","B03","","","6","8","2","","","12","12","","21","","B03","24.129993","120.656938","3"
"2019","7","12","21","16","臺中市","北區","0","1","0","8","3","5","50","3","2","1","5","4","5","7","4","4","9","4","4","2","16","19","3","10","1","1","B03","7","1","1","8","2","7","","19","19","1","5","8","B03","24.15585","120.67875","2"
"2019","7","12","21","16","臺中市","北屯區","0","0","0","8","","","50","","","","","","","","","","","","","","","","","","","","B03","","","1","","2","","","16","","1","21","","B03","24.174418","120.685708","3"
"2019","7","12","21","27","臺中市","北區","0","2","0","8","3","5","50","14","9","1","5","4","5","7","4","4","10","5","5","2","17","43","2","9","1","1","C03","7","9","1","10","2","11","","43","43","1","21","8","C03","24.165239","120.679863","2"
"2019","7","12","21","27","臺中市","西屯區","0","4","0","8","3","5","40","3","1","1","5","4","5","7","4","4","10","5","5","2","16","6","2","8","1","1","B02","7","9","1","4","2","5","","6","6","1","10","8","B02","24.165913","120.631248","2"
"2019","7","12","21","34","臺中市","潭子區","0","0","0","8","","","60","","","","","","","","","","","","","","","","","","","","B03","","","1","","2","","","16","","1","","","B03","24.208056","120.710353","3"
"2019","7","12","21","47","臺中市","北區","0","0","0","8","","","50","","","","","","","","","","","","","","","","","","","","C03","","","1","","2","","","19","","1","22","","C03","24.162867","120.684788","3"
"2019","7","12","21","53","臺中市","北區","0","0","0","8","","","50","","","","","","","","","","","","","","","","","","","","B03","","","1","","2","","","43","","1","","","B03","24.165158","120.671584","3"
"2019","7","12","21","55","臺中市","中區","0","0","0","8","","","50","","","","","","","","","","","","","","","44","","","","","A04","","","1","","2","","","16","44","1","10","","A04","24.142474","120.677353","3"
"2019","7","12","21","55","臺中市","南區","0","0","0","8","1","5","50","14","8","1","5","4","5","7","4","4","5","4","4","2","14","12","3","10","1","1","B03","7","2","1","8","2","7","","12","12","1","22","8","B03","24.116681","120.66743","3"
"2019","7","12","21","57","臺中市","后里區","0","0","0","8","1","5","50","4","13","1","5","4","5","","2","1","5","4","4","1","14","","","","","","B03","","","1","","2","","","12","","1","4","","B03","24.309211","120.717238","3"
"2019","7","12","22","4","臺中市","南屯區","0","0","0","8","","","50","","","","","","","","","","","","","","","","","","","","B01","","","1","","2","","","23","","1","","","B01","24.13959","120.633228","3"
"2019","7","12","22","27","臺中市","東區","0","0","0","8","","","50","","","","","","","","","","","","","","","23","3","","","","B03","","","1","8","2","","","23","23","","21","","B03","24.13545","120.709051","3"
"2019","7","12","22","46","臺中市","北屯區","0","0","0","8","","","50","","","","","","","","","","","","","","","","","","","","B03","","","1","","2","","","12","","1","5","","B03","24.171291","120.68536","3"
"2019","7","12","23","0","臺中市","東區","0","1","0","8","3","5","50","4","1","1","5","4","5","7","4","4","10","5","5","2","15","6","3","10","1","1","B03","7","9","1","8","2","5","","6","6","1","5","8","B03","24.134452","120.686508","2"
"2019","7","12","23","4","臺中市","北屯區","0","0","0","8","3","5","50","4","2","1","5","4","5","7","1","1","5","5","5","1","13","23","3","10","1","1","C03","7","9","3","18","6","11","","23","23","1","21","8","C03","24.202628","120.67501","3"
"2019","7","12","23","12","臺中市","北區","0","1","0","8","3","5","50","14","9","4","5","4","5","7","1","1","5","5","5","2","18","23","2","9","1","1","C03","7","9","1","10","2","14","14","23","23","1","22","9","C03","24.153573","120.685521","2"
"2019","7","12","23","26","臺中市","神岡區","0","1","0","8","3","5","50","4","1","1","5","4","5","7","3","1","10","5","5","2","17","6","2","9","3","4","C03","7","9","1","10","2","12","","6","6","1","21","9","C03","24.251241","120.70119","2"
"2019","7","12","23","28","臺中市","北區","0","1","0","8","3","5","50","4","1","1","5","4","5","7","4","4","10","5","5","2","15","6","3","10","1","1","B03","7","9","1","8","2","2","","6","6","1","22","8","B03","24.162574","120.680071","2"
"2019","7","12","23","28","臺中市","大里區","0","0","0","8","","","50","","","","","","","","","","","","","","","","","","","","B03","","","1","","2","","","6","","1","4","","B03","24.102616","120.681818","3"
"2019","7","12","23","45","臺中市","北屯區","0","0","0","8","","","50","","","","","","","","","","","","","","","","","","","","B12","","","1","","11","","","12","","2","5","","B12","24.176659","120.727212","3"
"2019","7","13","0","23","臺中市","西屯區","0","1","0","8","3","5","50","4","1","1","5","4","5","7","3","1","10","5","5","2","18","23","2","9","1","1","C03","7","9","1","10","2","14","","23","23","1","4","8","C03","24.164057","120.632773","2"
"2019","7","13","0","25","臺中市","南屯區","0","1","0","8","3","5","50","4","1","1","5","4","5","7","3","1","5","2","5","2","15","6","2","9","1","1","C03","7","9","1","10","2","11","","6","6","1","17","8","C03","24.141121","120.650013","2"
"2019","7","13","1","45","臺中市","北區","0","1","0","8","1","5","40","14","8","1","5","4","5","7","4","4","1","2","4","2","12","17","3","10","3","4","B03","7","9","2","18","2","4","4","17","17","1","22","9","B03","24.164639","120.674119","2"
"2019","7","13","2","25","臺中市","梧棲區","0","0","0","8","3","5","50","4","1","1","5","4","5","7","3","1","10","5","5","2","15","6","3","10","3","4","B03","7","9","1","8","2","5","","6","6","1","21","8","B03","24.260429","120.54283","3"
"2019","7","13","3","6","臺中市","西區","0","0","0","8","","","50","","","","","","","","","","","","","","","","","","","","B03","","","1","","2","","","12","","1","21","","B03","24.151025","120.661685","4"
"2019","7","13","3","15","臺中市","南區","0","1","0","8","3","5","50","4","1","1","5","4","5","7","1","1","10","5","5","2","29","13","2","9","1","1","C03","7","9","2","18","2","11","","13","13","1","22","8","C03","24.12304","120.67012","2"
"2019","7","13","4","14","臺中市","沙鹿區","0","0","0","","","","","","","","","","","","","","","","","","","","","","","","B03","","","1","","2","","","23","","1","","","B03","24.221758","120.571638","3"
"2019","7","13","6","30","臺中市","沙鹿區","0","2","0","8","1","5","40","3","1","1","5","4","5","7","4","4","10","5","5","2","17","19","2","9","1","1","C03","7","9","1","10","2","11","","23","19","1","21","8","C03","24.244091","120.559424","2"
"2019","7","13","6","45","臺中市","龍井區","0","1","0","8","1","5","50","3","1","1","5","4","5","7","2","1","10","5","5","2","16","19","2","9","1","1","C03","7","1","1","10","2","14","","19","19","1","12","8","C03","24.191936","120.545993","2"
"2019","7","13","6","46","臺中市","西區","0","1","0","8","1","5","50","3","1","1","5","4","5","7","1","1","10","5","5","2","16","6","3","10","1","1","B03","7","5","1","8","2","8","","6","6","1","21","8","B03","24.137336","120.674233","2"
"2019","7","13","7","9","臺中市","南屯區","0","0","0","8","","","40","","","","","","","","","","","","","","","2","","","","","B03","","","1","","2","","","2","2","1","22","","B03","24.149061","120.620146","3"
"2019","7","13","7","15","臺中市","東區","0","1","0","8","1","5","50","3","1","1","5","4","5","7","4","4","10","5","5","2","16","6","3","10","1","1","C03","7","5","1","10","2","14","","6","6","1","22","8","C03","24.132956","120.694264","2"
"2019","7","13","7","24","臺中市","沙鹿區","0","2","0","8","1","5","60","4","9","1","5","4","5","7","1","1","1","4","4","2","13","45","3","10","1","1","A02","7","9","1","2","2","1","","45","45","1","10","8","A02","24.206476","120.564056","2"
"2019","7","13","7","28","臺中市","潭子區","0","1","0","8","1","5","40","4","1","1","5","4","5","7","1","1","10","5","5","2","16","6","2","7","1","1","C03","7","6","1","10","2","12","","6","6","1","22","8","C03","24.200874","120.709805","2"
"2019","7","13","7","30","臺中市","大雅區","0","0","0","8","1","5","40","3","1","1","5","4","5","7","4","4","4","5","5","1","16","6","3","10","1","1","C03","7","6","1","10","2","11","","6","6","1","22","9","C03","24.22498","120.64913","3"
"2019","7","13","7","40","臺中市","大安區","0","1","0","8","1","5","60","11","13","1","5","4","5","7","4","4","4","5","4","1","12","7","3","10","1","1","B03","7","8","1","8","2","2","","7","7","1","22","1","B03","24.369736","120.601374","2"
"2019","7","13","7","55","臺中市","北屯區","0","1","0","8","1","5","50","4","1","1","5","4","5","7","4","4","10","5","5","2","16","23","2","8","1","1","C03","7","9","1","10","2","14","","23","23","1","22","8","C03","24.171172","120.702376","2"
"2019","7","13","8","0","臺中市","和平區","0","1","0","8","1","8","30","12","9","2","5","4","5","2","4","4","10","5","5","1","11","5","3","10","1","1","B03","7","9","1","1","2","8","","44","5","1","5","6","B03","24.324207","121.304311","2"
"2019","7","13","8","18","臺中市","南屯區","0","1","0","8","1","5","50","4","2","1","5","4","5","7","1","1","4","2","4","2","16","9","3","10","1","1","B03","7","6","1","8","2","2","","9","9","1","22","8","B03","24.129363","120.654658","2"
"2019","7","13","8","24","臺中市","北區","0","1","0","8","1","5","50","4","2","1","5","4","5","7","1","1","5","5","5","2","18","23","2","9","3","4","C03","7","9","1","10","2","12","","23","23","1","22","9","C03","24.154256","120.674515","2"
"2019","7","13","8","30","臺中市","東勢區","0","1","0","8","1","5","50","14","9","1","5","4","5","7","1","1","8","3","5","1","12","23","3","10","1","1","B03","7","9","1","8","2","2","","23","23","1","22","9","B03","24.261716","120.823529","2"
"2019","7","13","8","35","臺中市","北屯區","0","0","0","8","","","40","","","","","","","","","","","","","","","","","","","","B11","","","1","","1","","","12","","1","","","B11","24.179698","120.666874","3"
"2019","7","13","8","40","臺中市","西屯區","0","1","0","8","1","5","40","4","2","1","5","4","5","7","1","1","9","5","5","2","13","16","2","9","3","4","C03","7","9","1","10","3","11","","16","16","1","22","8","C03","24.171635","120.666926","2"
"2019","7","13","8","40","臺中市","梧棲區","0","0","0","8","","","40","","","","","","","","","","","","","","","","","","","","B03","","","1","","2","","","8","","1","20","","B03","24.245042","120.541342","3"
"2019","7","13","8","42","臺中市","沙鹿區","0","0","0","8","","","40","","","","","","","","","","","","","","","","","","","","B03","","","1","","2","","","18","","1","3","","B03","24.237563","120.56291","3"
"2019","7","13","8","53","臺中市","外埔區","0","0","0","8","1","5","50","3","1","1","5","4","5","7","4","4","4","4","4","1","13","","","","","","B03","","","3","","2","","","16","","1","","","B03","24.344095","120.63502","3"
"2019","7","13","8","54","臺中市","太平區","0","0","0","8","","","40","","","","","","","","","","","","","","","","","","","","B01","","","1","","2","","","12","","1","","","B01","24.141438","120.725557","3"
"2019","7","13","8","55","臺中市","沙鹿區","0","1","0","8","1","5","40","3","2","1","5","4","5","7","1","1","10","5","5","2","17","4","2","8","1","1","C03","7","9","1","10","2","11","","4","4","1","22","8","C03","24.24735","120.563311","2"
"2019","7","13","9","6","臺中市","沙鹿區","0","1","0","8","1","5","60","14","8","1","5","4","5","7","4","4","1","5","3","2","17","9","3","10","1","1","B03","7","6","1","8","2","5","","9","9","1","4","8","B03","24.2502","120.582456","2"
"2019","7","13","9","14","臺中市","南屯區","0","1","0","8","1","5","50","4","1","1","5","4","5","7","1","1","10","5","5","2","16","6","3","10","1","1","B03","7","6","1","8","2","7","","6","6","1","22","8","B03","24.145853","120.638702","2"
"2019","7","13","9","15","臺中市","北區","0","1","0","8","1","5","50","14","8","1","5","4","4","7","1","1","1","5","4","2","13","23","3","10","1","1","C03","7","9","4","8","2","11","","23","23","1","5","8","C03","24.15402","120.677188","2"
"2019","7","13","9","19","臺中市","西屯區","0","1","0","8","1","5","50","14","7","1","5","4","5","7","4","4","3","4","4","2","18","43","2","9","1","1","C03","7","9","1","10","2","12","","43","43","1","21","8","C03","24.181233","120.627391","2"
"2019","7","13","9","36","臺中市","大甲區","0","0","0","8","1","5","50","14","9","1","5","4","5","7","4","4","10","5","5","1","12","19","3","10","3","4","A41","7","11","1","5","9","2","","19","19","1","10","9","A41","24.411588","120.641951","3"
"2019","7","13","9","43","臺中市","西屯區","0","1","0","8","1","5","40","3","2","1","5","4","5","7","4","4","10","5","5","2","3","8","3","10","3","4","B03","7","5","1","8","2","5","","8","8","1","22","8","B03","24.174344","120.64446","2"
"2019","7","13","9","50","臺中市","北屯區","0","0","0","8","","","50","","","","","","","","","","","","","","","","","","","","B03","","","1","","9","","","43","","1","22","","B03","24.169411","120.72576","3"
"2019","7","13","9","50","臺中市","大雅區","0","1","0","8","1","5","50","4","1","1","5","4","5","7","4","4","9","4","5","1","17","6","3","10","1","1","B03","7","9","1","8","2","4","","6","6","1","22","9","B03","24.23122","120.66551","2"