"年","月","日","時","分","縣市","區","死","受傷","2-30","天候","光線","道路類別","速限","道路型態","事故位置","路面鋪裝","路面狀態","路面缺陷","障礙物","視距","號誌種類","號誌動作","分向設施","快車道或一般車道間","快慢車道間","路面邊線","事故類型及型態","主要肇因","受傷程度","主要傷處","保護裝備","行動電話","當事者區分_類別","車輛用途","當事者行動狀態","駕駛資格情形","駕駛執照種類","飲酒情形","車輛撞擊部位最初","車輛撞擊部位其他","肇事因素個別","肇事因素主要","肇事逃逸","職業","旅次目的","車種","GPS座標_緯度","GPS座標_經度","事故類別"
"2019","7","13","9","52","臺中市","太平區","0","1","0","8","1","5","50","14","8","1","5","4","5","7","4","4","10","5","5","2","16","6","3","10","1","1","B03","7","6","1","8","2","2","","6","6","1","21","8","B03","24.149708","120.713082","2"
"2019","7","13","9","58","臺中市","大甲區","0","1","0","8","1","5","60","4","1","1","5","4","5","7","1","1","10","5","5","1","12","6","3","10","1","1","B03","7","6","1","8","2","6","","6","6","1","22","8","B03","24.376551","120.648599","2"
"2019","7","13","10","0","臺中市","大甲區","0","1","0","8","1","5","50","3","19","1","5","4","5","7","3","1","10","5","5","1","3","23","3","10","1","1","C03","7","9","1","10","2","11","","23","23","1","19","8","C03","24.35307","120.622453","2"
"2019","7","13","10","5","臺中市","烏日區","0","2","0","8","1","5","50","14","9","1","5","4","5","6","4","4","10","4","5","1","3","23","2","7","1","1","C03","7","9","1","10","2","11","","23","23","1","21","8","C03","24.104231","120.618506","2"
"2019","7","13","10","10","臺中市","北區","0","0","0","8","","","50","","","","","","","","","","","","","","","","","","","","C03","","","1","","2","","","38","","1","22","","C03","24.16705","120.686551","4"
"2019","7","13","10","10","臺中市","南屯區","0","0","0","8","","","40","","","","","","","","","","","","","","","","","","","","B03","","","1","","11","","","12","","1","22","","B03","24.139016","120.635857","3"
"2019","7","13","10","10","臺中市","清水區","0","0","0","8","","","50","","","","","","","","","","","","","","","","","","","","B03","","","1","","2","","","6","","1","19","","B03","24.269207","120.578694","3"
"2019","7","13","10","20","臺中市","北屯區","0","0","0","8","","","50","","","","","","","","","","","","","","","","","","","","B03","","","1","","2","","","23","","1","","","B03","24.182084","120.702256","3"
"2019","7","13","10","30","臺中市","北區","0","0","0","8","","","50","","","","","","","","","","","","","","","","","","","","B03","","","1","","2","","","23","","1","5","","B03","24.162984","120.68137","3"
"2019","7","13","10","30","臺中市","大里區","0","0","0","8","","","50","","","","","","","","","","","","","","","","","","","","B03","","","1","","2","","","42","","1","","","B03","24.104731","120.681985","3"
"2019","7","13","10","34","臺中市","大肚區","0","1","0","8","1","5","50","14","9","1","5","4","5","7","4","4","9","5","5","2","12","17","3","10","1","4","C03","7","4","1","10","2","14","","17","17","1","22","8","C03","24.169406","120.576731","2"
"2019","7","13","10","36","臺中市","北區","0","2","0","8","1","5","50","3","1","1","5","4","5","7","1","1","10","5","5","2","16","6","2","9","1","1","C03","7","5","1","10","2","14","","6","6","1","5","8","C03","24.165388","120.68051","2"
"2019","7","13","10","45","臺中市","南屯區","0","1","0","8","1","5","50","14","7","1","5","4","5","7","4","4","5","4","5","2","3","51","2","8","4","5","H01","8","16","8","20","1","16","","51","51","1","22","9","H01","24.146777","120.636584","2"
"2019","7","13","10","46","臺中市","東區","0","1","0","8","1","5","50","3","1","1","5","4","3","5","4","4","10","5","5","2","16","6","3","10","1","1","B03","7","14","1","8","11","15","","38","6","1","22","8","B03","24.147758","120.693571","2"
"2019","7","13","10","47","臺中市","西屯區","0","0","0","8","","","40","","","","","","","","","","","","","","","23","","","","","B03","","","1","","2","","","23","23","1","","","B03","24.17934","120.622536","3"
"2019","7","13","10","47","臺中市","潭子區","0","0","0","8","","","50","","","","","","","","","","","","","","","","","","","","G03","","","1","","2","","","44","","1","22","","G03","24.207173","120.700578","3"
"2019","7","13","10","51","臺中市","西屯區","0","1","0","8","1","5","50","4","2","1","5","4","5","7","1","1","3","2","5","2","16","6","3","10","3","4","B03","7","6","1","8","2","2","","6","6","1","22","8","B03","24.195988","120.654758","2"
"2019","7","13","10","55","臺中市","南屯區","0","0","0","8","","","60","","","","","","","","","","","","","","","23","","","","","B12","","","1","","2","","","44","23","1","22","","B12","24.15232","120.621919","3"
"2019","7","13","10","57","臺中市","豐原區","0","1","0","8","1","5","60","4","1","1","5","4","5","7","2","1","1","3","4","1","12","14","2","8","1","1","C03","7","9","3","18","11","14","","14","14","2","4","5","C03","24.23842","120.726991","2"
"2019","7","13","11","1","臺中市","北區","0","0","0","8","","","50","","","","","","","","","","","","","","","","","","","","B12","","","1","","2","","","6","","1","22","","B12","24.1582","120.6776","3"
"2019","7","13","11","15","臺中市","西屯區","0","0","0","8","","","50","","","","","","","","","","","","","","","","","","","","B03","","","1","","2","","","16","","1","","","B03","24.15988","120.64343","3"
"2019","7","13","11","16","臺中市","北屯區","0","0","0","8","","","50","","","","","","","","","","","","","","","43","","","","","B12","","","1","","2","","","43","43","1","22","","B12","24.163597","120.693502","3"
"2019","7","13","11","21","臺中市","西屯區","0","1","0","8","1","5","50","14","7","1","5","4","5","7","4","4","5","4","4","2","13","43","2","9","1","1","C03","7","9","1","10","2","11","","43","43","1","21","8","C03","24.186185","120.640383","2"
"2019","7","13","11","26","臺中市","西屯區","0","0","0","8","","","50","","","","","","","","","","","","","","","","","","","","A12","","","1","","2","","","7","","1","22","","A12","24.203918","120.653189","3"
"2019","7","13","11","32","臺中市","潭子區","0","1","0","8","1","5","60","14","8","1","5","4","5","7","4","4","1","4","4","1","16","17","3","10","1","1","B03","7","9","4","10","2","2","","17","17","1","22","8","B03","24.227555","120.708125","2"
"2019","7","13","11","34","臺中市","清水區","0","3","0","8","1","5","50","4","2","1","5","4","5","7","3","1","5","5","5","1","11","6","3","10","1","1","B03","7","9","1","8","2","5","","6","6","1","5","7","B03","24.275416","120.57746","2"
"2019","7","13","11","34","臺中市","后里區","0","1","0","8","1","5","50","5","2","1","5","4","5","7","2","1","1","4","4","1","13","7","2","9","1","1","C03","7","7","1","10","2","14","","7","7","1","21","8","C03","24.298519","120.732342","2"
"2019","7","13","11","40","臺中市","北區","0","0","0","8","","","40","","","","","","","","","","","","","","","","","","","","B03","","","1","","2","","","12","","1","22","","B03","24.15495","120.66492","3"
"2019","7","13","11","45","臺中市","西屯區","0","2","0","8","1","5","40","4","1","1","5","4","5","7","4","4","10","5","5","2","16","6","2","7","1","1","C03","7","5","1","10","2","12","","6","6","1","21","8","C03","24.179833","120.637586","2"
"2019","7","13","11","46","臺中市","西屯區","0","1","0","8","1","5","50","14","7","1","5","4","5","7","4","4","3","4","4","2","13","23","3","10","3","4","C03","7","9","1","10","2","11","","23","23","1","22","8","C03","24.1865","120.613808","2"
"2019","7","13","11","48","臺中市","南屯區","0","1","0","8","1","5","50","4","1","1","5","4","5","7","1","1","10","5","5","2","16","42","3","10","1","1","B03","7","5","1","8","2","1","","42","42","1","22","8","B03","24.136685","120.649917","2"
"2019","7","13","11","50","臺中市","大雅區","0","1","0","8","1","5","50","14","7","1","5","4","5","7","4","4","1","4","4","1","16","19","3","10","1","1","B03","7","1","1","8","2","4","","19","19","1","22","9","B03","24.221294","120.648514","2"
"2019","7","13","11","51","臺中市","西屯區","0","0","0","8","","","50","","","","","","","","","","","","","","","","","","","","B12","","","1","","2","","","16","","1","","","B12","24.202039","120.657053","3"
"2019","7","13","11","55","臺中市","西屯區","0","1","0","8","1","5","50","14","7","1","5","4","5","7","4","4","5","4","4","2","17","43","2","9","1","1","C03","7","9","1","10","2","14","","43","43","1","21","8","C03","24.19087","120.61139","2"
"2019","7","13","11","55","臺中市","大里區","0","0","0","8","","","80","","","","","","","","","","","","","","","","","","","","B03","","","1","","2","","","42","","1","","","B03","24.085647","120.675758","3"
"2019","7","13","12","0","臺中市","大里區","0","0","0","8","","","50","","","","","","","","","","","","","","","","","","","","B03","","","1","","2","","","23","","1","21","","B03","24.115208","120.676625","3"
"2019","7","13","12","0","臺中市","梧棲區","0","2","0","8","1","5","50","4","1","1","5","4","5","7","3","1","10","5","5","2","15","6","2","1","1","1","B03","7","9","1","8","2","8","","6","6","1","5","8","B03","24.258124","120.53363","2"
"2019","7","13","12","3","臺中市","西屯區","0","1","0","8","1","5","50","14","8","1","5","4","5","7","4","4","10","4","4","2","16","17","2","8","3","4","C03","7","7","1","10","2","15","","17","17","2","22","9","C03","24.169238","120.641618","2"
"2019","7","13","12","8","臺中市","梧棲區","0","0","0","8","","","40","","","","","","","","","","","","","","","","","","","","B03","","","1","","2","","","12","","1","5","","B03","24.253467","120.531821","4"
"2019","7","13","12","10","臺中市","南區","0","0","0","8","","","50","","","","","","","","","","","","","","","","","","","","C03","","","1","","2","","","7","","1","22","","C03","24.126471","120.677679","3"
"2019","7","13","12","11","臺中市","太平區","0","2","0","8","1","5","50","14","7","1","5","4","5","7","4","4","5","5","4","2","13","8","2","7","1","1","C03","7","5","1","10","2","11","","8","8","1","21","8","C03","24.15314","120.718168","2"
"2019","7","13","12","17","臺中市","大里區","0","2","0","8","1","5","40","4","1","1","5","4","5","7","1","1","10","5","5","2","12","6","3","10","1","1","B03","7","6","1","8","2","2","","6","6","1","20","8","B03","24.102367","120.669593","2"
"2019","7","13","12","18","臺中市","烏日區","0","3","0","8","1","5","40","4","1","1","5","4","5","7","4","4","10","5","5","2","15","6","2","9","1","1","C04","7","9","1","10","2","11","","6","6","1","19","8","C04","24.104181","120.618469","2"
"2019","7","13","12","20","臺中市","龍井區","0","1","0","8","1","5","50","5","1","1","5","4","5","7","4","4","10","5","5","1","29","43","2","9","3","4","C03","7","21","3","18","2","15","","43","43","1","22","9","C03","24.191761","120.548326","2"
"2019","7","13","12","20","臺中市","東勢區","0","0","0","8","","","50","","","","","","","","","","","","","","","","","","","","B03","","","1","","2","","","23","","1","22","","B03","24.236081","120.854361","3"
"2019","7","13","12","29","臺中市","梧棲區","0","0","0","8","","","40","","","","","","","","","","","","","","","","","","","","B03","","","1","","2","","","12","","1","5","","B03","24.25924","120.54082","4"
"2019","7","13","12","30","臺中市","清水區","0","1","0","8","1","5","40","4","1","1","5","4","5","7","3","3","10","5","5","2","15","6","2","9","1","1","C03","7","9","1","10","2","11","","6","6","1","16","8","C03","24.288209","120.54118","2"
"2019","7","13","12","31","臺中市","太平區","0","0","0","8","","","50","","","","","","","","","","","","","","","","","","","","B12","","","3","","2","","","18","","1","21","","B12","24.159244","120.708454","3"
"2019","7","13","12","31","臺中市","大雅區","0","1","0","8","1","5","50","11","8","1","5","4","5","7","4","4","9","5","5","1","18","23","2","9","1","1","C03","7","9","1","10","2","14","","23","23","1","22","9","C03","24.20917","120.67392","2"
"2019","7","13","12","32","臺中市","北區","0","0","0","8","","","50","","","","","","","","","","","","","","","","","","","","C03","","","1","","2","","","6","","1","5","","C03","24.154008","120.682371","3"
"2019","7","13","12","39","臺中市","西屯區","0","0","0","8","","","40","","","","","","","","","","","","","","","","","","","","C03","","","1","","2","","","23","","1","","","C03","24.180103","120.645788","3"
"2019","7","13","12","44","臺中市","西屯區","0","0","0","8","","","50","","","","","","","","","","","","","","","","","","","","B03","","","1","","2","","","43","","1","22","","B03","24.183875","120.602542","3"
"2019","7","13","12","46","臺中市","西屯區","0","0","0","8","","","50","","","","","","","","","","","","","","","","","","","","F03","","","1","","2","","","7","","1","22","","F03","24.171606","120.644565","3"
"2019","7","13","12","52","臺中市","東勢區","0","1","0","8","1","5","60","14","8","1","5","4","5","7","4","4","8","3","4","1","26","21","2","9","1","1","C03","7","9","3","18","8","11","","21","21","1","22","9","C03","24.270983","120.822908","2"
"2019","7","13","12","59","臺中市","東區","0","0","0","8","","","50","","","","","","","","","","","","","","","","","","","","B03","","","1","","2","","","23","","1","22","","B03","24.150734","120.698257","3"
"2019","7","13","13","0","臺中市","北區","0","1","0","8","1","5","50","14","9","1","5","4","5","7","4","4","9","5","5","2","8","42","3","10","1","1","C03","7","11","1","10","2","11","","42","42","1","22","8","C03","24.1527","120.6876","2"
"2019","7","13","13","0","臺中市","南屯區","0","1","0","8","1","5","50","4","1","1","5","4","5","7","2","1","10","5","5","2","16","9","3","10","1","1","B03","7","6","1","8","2","6","","9","9","1","22","9","B03","24.151245","120.640596","2"
"2019","7","13","13","10","臺中市","北屯區","0","0","0","8","","","50","","","","","","","","","","","","","","","","","","","","","","","8","","10","","","65","","1","","","","24.167386","120.684916","3"
"2019","7","13","13","17","臺中市","西屯區","0","0","0","8","","","40","","","","","","","","","","","","","","","","","","","","C03","","","1","","2","","","23","","1","","","C03","24.168898","120.63899","3"
"2019","7","13","13","22","臺中市","南屯區","0","2","0","8","1","5","50","4","1","1","5","4","5","7","4","4","10","5","5","2","16","19","2","9","1","1","C03","7","1","1","10","2","14","","19","19","1","22","8","C03","24.140092","120.637855","2"
"2019","7","13","13","36","臺中市","西屯區","0","0","0","8","","","50","","","","","","","","","","","","","","","","","","","","B03","","","1","","2","","","43","","1","","","B03","24.161118","120.651851","3"
"2019","7","13","13","39","臺中市","沙鹿區","0","0","0","8","","","40","","","","","","","","","","","","","","","","","","","","B03","","","1","","2","","","23","","1","20","","B03","24.245065","120.560972","3"
"2019","7","13","13","40","臺中市","沙鹿區","0","0","0","8","","","60","","","","","","","","","","","","","","","","","","","","B03","","","1","","2","","","23","","1","","","B03","24.212639","120.556397","3"
"2019","7","13","13","49","臺中市","潭子區","0","1","0","8","1","5","60","14","9","1","5","4","5","7","1","1","8","3","4","1","12","23","3","10","1","1","B03","7","9","1","8","2","1","","23","23","1","22","1","B03","24.215572","120.688143","2"
"2019","7","13","13","50","臺中市","南屯區","0","2","0","8","1","5","50","14","9","1","5","4","5","7","4","4","9","4","5","2","17","7","2","9","1","1","C03","7","7","4","8","2","14","","7","7","1","22","9","C03","24.151413","120.651898","2"
"2019","7","13","13","52","臺中市","西屯區","0","0","0","8","","","80","","","","","","","","","","","","","","","","","","","","A31","","","1","","2","","","16","","1","","","A31","24.155379","120.624938","3"
"2019","7","13","13","56","臺中市","北區","0","0","0","8","","","50","","","","","","","","","","","","","","","","","","","","B03","","","1","","2","","","19","","1","22","","B03","24.16726","120.682681","3"
"2019","7","13","14","2","臺中市","北屯區","0","2","0","8","1","5","50","14","9","1","5","4","5","7","4","4","1","4","5","2","13","23","3","10","1","1","B03","7","9","1","8","2","1","","23","23","1","5","8","B03","24.17346","120.676818","2"
"2019","7","13","14","2","臺中市","龍井區","0","2","0","8","1","5","50","3","1","1","5","4","5","7","4","4","10","5","5","2","16","6","2","8","1","1","C03","7","5","1","10","2","14","","6","6","1","22","8","C03","24.182499","120.575775","2"
"2019","7","13","14","2","臺中市","大安區","0","2","0","8","1","5","50","4","1","1","5","4","5","7","4","4","10","5","5","2","15","6","2","1","1","1","B03","7","9","1","8","2","2","","6","6","1","19","8","B03","24.380975","120.597677","2"
"2019","7","13","14","8","臺中市","西屯區","0","0","0","8","","","1","","","","","","","","","","","","","","","","","","","","B03","","","1","","2","","","42","","1","22","","B03","24.1696","120.665","3"
"2019","7","13","14","9","臺中市","大里區","0","0","0","8","","","50","","","","","","","","","","","","","","","","","","","","B03","","","1","","2","","","7","","1","21","","B03","24.120113","120.688423","3"
"2019","7","13","14","14","臺中市","西區","0","0","0","8","","","50","","","","","","","","","","","","","","","","","","","","B03","","","1","","2","","","23","","1","5","","B03","24.140313","120.660848","4"
"2019","7","13","14","22","臺中市","南屯區","0","1","0","8","1","5","50","14","6","1","5","4","5","7","4","4","9","5","4","2","16","10","2","9","1","1","C03","7","11","1","10","2","14","","10","10","1","22","8","C03","24.144268","120.637083","2"
"2019","7","13","14","23","臺中市","西屯區","0","1","0","8","1","5","50","14","7","1","5","4","5","7","4","4","1","4","4","2","13","42","2","1","3","4","B01","7","9","1","4","2","1","","42","42","1","21","8","B01","24.156636","120.641311","2"
"2019","7","13","14","33","臺中市","太平區","0","1","0","8","1","5","50","3","1","1","5","4","5","7","4","4","10","5","5","2","16","6","2","9","1","1","C03","7","5","1","10","2","11","","6","6","1","21","8","C03","24.15152","120.721116","2"
"2019","7","13","14","40","臺中市","西區","0","2","0","8","1","5","50","4","1","1","5","4","5","7","4","4","5","5","5","1","16","6","2","9","1","1","C03","7","9","1","10","2","11","","6","6","1","21","8","C03","24.155479","120.659794","2"
"2019","7","13","14","40","臺中市","南屯區","0","1","0","8","1","5","50","14","7","1","5","4","5","7","4","4","5","4","5","2","16","26","3","10","1","1","B03","7","11","1","8","2","5","","26","26","1","22","9","B03","24.146868","120.643295","2"
"2019","7","13","14","42","臺中市","太平區","0","0","0","8","1","5","40","14","9","1","5","4","5","7","4","4","10","5","5","2","16","23","3","10","1","1","B03","7","15","1","8","5","5","","23","23","1","21","8","B03","24.143381","120.734489","3"
"2019","7","13","14","48","臺中市","梧棲區","0","2","0","8","1","5","40","4","1","1","5","4","5","7","4","4","10","5","5","2","15","6","2","9","1","1","B12","7","10","1","8","2","1","","6","6","1","3","8","B12","24.252887","120.548942","2"
"2019","7","13","14","50","臺中市","北區","0","1","0","8","1","5","50","4","9","1","4","4","5","7","1","1","5","4","5","2","17","19","2","9","1","1","C03","7","9","1","10","2","11","","44","19","1","5","8","C03","24.159204","120.67048","2"
"2019","7","13","14","57","臺中市","西區","0","0","0","8","","","50","","","","","","","","","","","","","","","19","3","","","","B12","","","1","","2","","","19","19","1","21","","B12","24.135862","120.661668","3"
"2019","7","13","15","6","臺中市","北區","0","2","0","8","1","5","50","3","1","1","5","4","5","7","2","1","10","5","5","2","17","25","2","9","1","1","C03","7","5","1","10","2","12","","25","25","1","22","8","C03","24.147221","120.686401","2"
"2019","7","13","15","10","臺中市","清水區","0","0","0","8","1","5","40","5","1","1","5","4","5","7","4","4","10","5","5","2","15","6","3","10","1","1","B11","7","9","1","2","2","1","8","6","6","1","10","1","B11","24.26823","120.556154","3"
"2019","7","13","15","11","臺中市","潭子區","0","1","0","8","1","5","60","14","9","1","5","4","5","7","4","4","9","4","4","1","17","23","2","9","1","1","C04","7","9","1","10","2","11","","23","23","1","21","8","C04","24.23414","120.709436","2"
"2019","7","13","15","14","臺中市","北屯區","0","0","0","8","","","50","","","","","","","","","","","","","","","","","","","","B03","","","1","","2","","","12","","1","22","","B03","24.173699","120.714295","3"
"2019","7","13","15","30","臺中市","清水區","0","0","0","","","","50","","","","","","","","","","","","","","","","","","","","B03","","","1","","2","","","16","","1","5","","B03","24.267319","120.574768","3"
"2019","7","13","15","33","臺中市","大甲區","0","2","0","8","1","5","50","3","2","1","5","4","5","7","4","4","5","5","5","1","13","16","2","9","1","1","C03","7","4","1","10","2","11","","16","16","1","5","8","C03","24.338448","120.625025","2"
"2019","7","13","15","44","臺中市","后里區","0","1","0","8","1","5","50","4","2","1","5","4","5","7","1","1","5","4","5","1","16","25","2","9","4","5","F03","7","9","8","20","2","16","","25","25","1","4","8","F03","24.316313","120.677798","2"
"2019","7","13","15","45","臺中市","大甲區","0","1","0","8","1","5","50","3","2","1","5","4","5","7","4","4","4","5","5","1","16","26","3","10","1","1","B03","7","11","1","8","2","4","8","26","26","1","9","8","B03","24.349369","120.627683","2"
"2019","7","13","15","49","臺中市","中區","0","1","0","8","1","5","50","5","1","1","5","4","5","7","1","1","10","5","5","2","16","23","3","10","1","1","C03","7","9","1","10","2","14","","23","23","1","21","8","C03","24.137607","120.6849","2"
"2019","7","13","15","50","臺中市","北區","0","1","0","8","1","5","50","14","7","1","5","4","5","7","4","4","5","5","4","2","3","51","2","9","4","5","H01","8","16","8","20","10","16","","51","51","1","22","9","H01","24.167328","120.666249","2"
"2019","7","13","15","53","臺中市","西區","0","0","0","8","","","50","","","","","","","","","","","","","","","","","","","","B02","","","1","","2","","","43","","1","22","","B02","24.143155","120.65724","3"
"2019","7","13","15","57","臺中市","太平區","0","0","0","8","1","5","50","5","1","1","5","4","5","7","1","1","4","3","4","1","13","16","3","10","1","1","C03","7","9","1","10","2","11","","16","16","1","21","8","C03","24.14354","120.713108","3"
"2019","7","13","15","58","臺中市","西屯區","0","0","0","8","","","50","","","","","","","","","","","","","","","","","","","","B03","","","1","","2","","","23","","1","4","","B03","24.200758","120.657968","3"
"2019","7","13","16","10","臺中市","大甲區","0","1","0","8","1","5","50","14","9","1","5","4","5","7","4","4","10","5","5","1","16","23","2","8","1","1","C03","7","9","1","10","2","11","","23","23","1","20","8","C03","24.34553","120.626554","2"
"2019","7","13","16","14","臺中市","梧棲區","0","2","0","8","1","5","40","4","1","1","5","4","5","7","4","4","10","5","5","2","16","23","2","9","1","1","C03","7","9","1","10","2","14","","23","23","1","9","8","C03","24.250186","120.534498","2"
"2019","7","13","16","16","臺中市","西區","0","0","0","8","","","50","","","","","","","","","","","","","","","","","","","","B03","","","1","","2","","","23","","1","21","","B03","24.151091","120.673483","3"
"2019","7","13","16","26","臺中市","外埔區","0","0","0","8","","","","","","","","","","","","","","","","","","","","","","","B03","","","1","","2","","","23","","1","22","","B03","24.342276","120.63817","3"
"2019","7","13","16","29","臺中市","沙鹿區","0","1","0","8","1","5","50","3","1","1","5","4","5","7","4","4","4","4","4","1","13","16","2","9","1","1","C03","7","9","1","9","2","11","","16","16","1","18","8","C03","24.224941","120.576321","2"
"2019","7","13","16","31","臺中市","北屯區","0","0","0","8","","","50","","","","","","","","","","","","","","","","","","","","B03","","","1","","2","","","12","","1","21","","B03","24.162516","120.71937","3"
"2019","7","13","16","34","臺中市","南屯區","0","1","0","8","1","5","50","4","1","1","5","4","5","7","2","1","10","5","5","2","12","10","2","9","1","1","C03","7","11","1","10","2","11","","10","10","1","18","8","C03","24.136753","120.644135","2"
"2019","7","13","16","34","臺中市","大里區","0","0","0","8","","","50","","","","","","","","","","","","","","","","","","","","B03","","","1","","2","","","1","","2","21","","B03","24.100675","120.6856","3"
"2019","7","13","16","48","臺中市","石岡區","0","2","0","8","1","5","50","14","9","1","5","4","5","7","4","4","1","3","5","1","13","16","2","9","1","1","B03","7","9","1","8","2","5","","16","16","1","22","8","B03","24.27707","120.761546","2"
"2019","7","13","16","50","臺中市","龍井區","0","1","0","8","1","5","50","3","1","1","5","4","5","7","4","4","10","5","5","2","17","23","2","8","3","4","C03","7","9","1","10","2","11","","23","23","1","9","9","C03","24.196553","120.512986","2"
"2019","7","13","16","50","臺中市","東勢區","0","1","0","8","1","5","50","14","9","1","5","4","5","7","4","4","5","5","5","1","3","51","2","9","4","5","H01","8","16","8","20","10","16","","51","51","1","19","8","H01","24.256148","120.828723","2"
"2019","7","13","17","0","臺中市","霧峰區","0","0","0","8","","","50","","","","","","","","","","","","","","","","","","","","B03","","","1","","2","","","12","","1","22","","B03","24.059788","120.69654","3"
"2019","7","13","17","6","臺中市","北屯區","0","0","0","8","","","50","","","","","","","","","","","","","","","","","","","","B03","","","1","","2","","","23","","1","21","","B03","24.171768","120.686245","3"
"2019","7","13","17","17","臺中市","北屯區","0","0","0","8","1","5","50","14","9","1","5","4","5","7","4","4","9","4","5","2","13","23","3","10","1","1","B03","7","9","1","8","8","1","","23","23","1","21","8","B03","24.187595","120.686786","3"
"2019","7","13","17","18","臺中市","太平區","0","0","0","8","","","50","","","","","","","","","","","","","","","","","","","","C03","","","1","","2","","","16","","1","19","","C03","24.151007","120.7109","3"
"2019","7","13","17","20","臺中市","北區","0","0","0","","","","50","","","","","","","","","","","","","","","17","3","","","","B03","","","1","8","2","4","","17","17","","21","","B03","24.165982","120.685144","3"
"2019","7","13","17","21","臺中市","大雅區","0","0","0","8","","","50","","","","","","","","","","","","","","","","","","","","B12","","","1","","2","","","19","","1","","","B12","24.231174","120.658733","3"
"2019","7","13","17","22","臺中市","潭子區","0","1","0","8","1","5","50","14","9","1","5","4","5","7","4","4","8","3","5","1","16","18","3","10","1","1","C03","7","3","1","10","2","11","","18","18","1","22","1","C03","24.194407","120.699707","2"
"2019","7","13","17","25","臺中市","東區","0","1","0","8","1","5","50","4","1","1","5","4","5","7","4","4","10","5","5","2","16","42","2","9","1","1","C03","7","4","1","10","2","11","","42","42","1","22","8","C03","24.134238","120.702168","2"
"2019","7","13","17","27","臺中市","西區","0","3","0","8","1","5","50","4","1","1","5","4","5","7","2","1","10","5","5","2","12","7","2","9","1","1","C03","7","8","1","10","2","11","","7","7","1","18","9","C03","24.138183","120.672737","2"
"2019","7","13","17","28","臺中市","大雅區","0","1","0","8","2","5","40","11","9","1","5","4","5","7","4","4","10","5","5","2","12","5","3","10","1","1","B12","7","9","1","8","2","8","","5","5","1","22","9","B12","24.235496","120.646595","2"
"2019","7","13","17","30","臺中市","南屯區","0","1","0","8","1","5","50","3","1","1","5","4","5","7","4","4","1","4","4","2","16","6","3","10","1","1","B03","7","6","1","7","2","5","1","6","6","1","5","8","B03","24.145826","120.638618","2"
"2019","7","13","17","30","臺中市","西屯區","0","2","0","8","1","5","40","3","1","1","5","4","5","7","4","4","10","5","5","2","16","19","2","7","1","1","C03","7","1","6","18","2","14","","19","19","1","4","8","C03","24.187663","120.620359","2"
"2019","7","13","17","32","臺中市","北屯區","0","1","0","8","1","5","50","14","8","1","5","4","5","7","4","4","9","5","4","2","12","43","3","10","1","1","C03","7","8","1","10","2","12","","43","43","1","5","8","C03","24.171076","120.685735","2"
"2019","7","13","17","38","臺中市","東區","0","0","0","8","","","50","","","","","","","","","","","","","","","6","3","","","","B03","","","1","8","2","","","6","6","","21","","B03","24.133023","120.693511","3"
"2019","7","13","17","40","臺中市","西區","0","0","0","","","","","","","","","","","","","","","","","","","","","","","","","","","7","","11","","","43","","1","","","","","","3"
"2019","7","13","17","42","臺中市","清水區","0","0","0","8","","","50","","","","","","","","","","","","","","","","","","","","B03","","","1","","2","","","23","","1","19","","B03","24.278198","120.571136","3"
"2019","7","13","18","4","臺中市","南屯區","0","0","0","8","","","50","","","","","","","","","","","","","","","","","","","","B03","","","1","","2","","","7","","1","5","","B03","24.125011","120.630306","3"
"2019","7","13","18","20","臺中市","大雅區","0","0","0","8","","","50","","","","","","","","","","","","","","","","","","","","","","","7","","11","","","26","","1","","","","24.215848","120.667679","3"
"2019","7","13","18","29","臺中市","北屯區","0","0","0","8","","","50","","","","","","","","","","","","","","","23","","","","","B03","","","1","","2","","","23","23","1","5","","B03","24.161174","120.699894","3"
"2019","7","13","18","39","臺中市","太平區","0","1","0","8","3","5","50","14","9","1","5","4","5","7","4","4","5","5","5","1","16","8","3","10","4","5","F01","7","5","8","20","3","16","","8","8","1","9","8","F01","24.124925","120.713322","2"
"2019","7","13","18","47","臺中市","北屯區","0","1","0","8","3","5","50","4","1","1","5","4","5","7","1","1","10","5","5","2","12","7","2","9","1","1","C03","7","8","1","10","2","14","","7","7","1","21","8","C03","24.173763","120.71474","2"
"2019","7","13","18","56","臺中市","西屯區","0","1","0","8","3","5","40","4","1","1","5","4","5","7","4","4","10","5","5","2","16","8","2","8","1","1","C03","7","5","1","10","2","14","","8","8","1","4","8","C03","24.178792","120.644448","2"
"2019","7","13","19","20","臺中市","西屯區","0","3","0","8","3","5","50","4","1","1","5","4","5","7","1","1","1","1","2","2","16","25","2","9","3","4","C03","7","9","1","10","2","12","","25","25","1","22","8","C03","24.162451","120.649431","2"
"2019","7","13","19","23","臺中市","太平區","0","1","0","8","3","5","50","14","9","1","5","4","5","7","4","4","9","5","5","2","17","23","2","1","4","1","F02","7","9","8","20","2","16","","23","23","1","15","8","F02","24.103267","120.719629","2"