"年","月","日","時","分","縣市","區","死","受傷","2-30","天候","光線","道路類別","速限","道路型態","事故位置","路面鋪裝","路面狀態","路面缺陷","障礙物","視距","號誌種類","號誌動作","分向設施","快車道或一般車道間","快慢車道間","路面邊線","事故類型及型態","主要肇因","受傷程度","主要傷處","保護裝備","行動電話","當事者區分_類別","車輛用途","當事者行動狀態","駕駛資格情形","駕駛執照種類","飲酒情形","車輛撞擊部位最初","車輛撞擊部位其他","肇事因素個別","肇事因素主要","肇事逃逸","職業","旅次目的","車種","GPS座標_緯度","GPS座標_經度","事故類別"
"2019","7","13","19","30","臺中市","梧棲區","0","1","0","8","3","5","50","4","1","1","5","4","5","7","2","1","10","5","5","2","16","6","3","10","3","4","B03","7","5","1","7","2","1","","6","6","1","21","8","B03","24.222014","120.528434","2"
"2019","7","13","19","31","臺中市","梧棲區","0","1","0","8","3","5","50","4","1","1","5","4","5","7","1","1","10","5","5","2","15","25","2","8","1","1","C03","7","9","1","10","2","11","","25","25","1","18","8","C03","24.241973","120.53706","2"
"2019","7","13","19","45","臺中市","大里區","0","0","0","8","","","50","","","","","","","","","","","","","","","","","","","","","","","7","","11","","","43","","","","","","24.087646","120.696037","3"
"2019","7","13","19","50","臺中市","南區","0","1","0","7","3","5","50","4","1","1","5","4","5","7","1","1","10","5","5","2","16","23","2","9","1","1","C03","7","9","4","11","2","11","","23","23","1","22","8","C03","24.127305","120.679385","2"
"2019","7","13","20","6","臺中市","沙鹿區","0","0","0","8","","","60","","","","","","","","","","","","","","","23","","","","","B03","","","1","","2","","","23","23","1","","","B03","24.238251","120.568015","3"
"2019","7","13","20","17","臺中市","烏日區","0","0","0","8","","","50","","","","","","","","","","","","","","","","","","","","B03","","","1","","2","","","6","","1","21","","B03","24.110311","120.628176","3"
"2019","7","13","20","20","臺中市","烏日區","0","1","0","8","1","5","40","3","9","1","5","4","5","7","4","4","10","5","5","2","18","43","2","9","1","1","C03","7","5","1","10","9","14","","43","43","1","22","8","C03","24.109212","120.63305","2"
"2019","7","13","20","30","臺中市","大甲區","0","2","0","8","3","5","50","14","9","1","5","4","5","7","4","4","9","5","5","1","10","4","2","1","1","1","C03","7","9","2","18","2","11","","44","4","1","16","8","C03","24.393193","120.652367","2"
"2019","7","13","20","45","臺中市","北區","0","1","0","8","3","5","50","14","9","1","5","4","5","7","4","4","5","4","5","2","17","26","2","9","1","1","C03","7","11","1","10","2","12","","26","26","1","22","8","C03","24.15462","120.689563","2"
"2019","7","13","20","45","臺中市","后里區","0","1","0","8","3","5","50","4","18","1","5","4","5","7","1","1","10","5","5","2","3","15","3","10","1","1","B03","7","5","1","8","2","8","","15","15","1","21","8","B03","24.306868","120.717931","2"
"2019","7","13","21","10","臺中市","東區","0","0","0","8","","","50","","","","","","","","","","","","","","","17","3","","","","B03","","","1","8","2","","","17","17","","21","","B03","24.132926","120.693266","3"
"2019","7","13","21","30","臺中市","大甲區","0","0","0","","","","","","","","","","","","","","","","","","","16","","","","","B03","","","1","","2","","","23","16","1","22","","B03","24.355366","120.632167","3"
"2019","7","13","21","34","臺中市","梧棲區","0","0","0","8","","","40","","","","","","","","","","","","","","","","","","","","B03","","","1","","2","","","43","","1","9","","B03","24.246453","120.541195","3"
"2019","7","13","21","38","臺中市","西屯區","0","0","0","8","","","50","","","","","","","","","","","","","","","","","","","","B03","","","1","","2","","","23","","1","22","","B03","24.180013","120.621154","3"
"2019","7","13","21","38","臺中市","西屯區","0","2","0","8","3","5","50","3","1","1","5","4","5","7","4","4","1","4","3","2","18","23","2","9","3","4","C03","7","6","1","10","2","12","","23","23","1","22","8","C03","24.192696","120.642593","2"
"2019","7","13","21","41","臺中市","西區","0","2","0","8","3","5","50","4","1","1","5","4","5","7","4","4","10","5","5","2","15","6","2","9","1","1","C03","7","9","1","10","2","11","","6","6","1","21","8","C03","24.16062","120.660917","2"
"2019","7","13","22","17","臺中市","潭子區","0","0","0","8","","","50","","","","","","","","","","","","","","","25","","","","","C03","","","1","","2","","","25","25","1","6","","C03","24.215896","120.70345","3"
"2019","7","13","23","0","臺中市","南屯區","0","0","0","8","","","50","","","","","","","","","","","","","","","","","","","","B03","","","1","","2","","","23","","1","5","","B03","24.14098","120.650314","3"
"2019","7","13","23","20","臺中市","潭子區","0","0","0","8","","","60","","","","","","","","","","","","","","","17","","","","","B03","","","3","","2","","","7","17","1","5","","B03","24.200866","120.703443","3"
"2019","7","13","23","30","臺中市","東區","0","1","0","8","3","5","50","4","1","1","5","4","5","7","3","1","10","5","5","2","15","6","2","3","1","1","C03","7","9","1","10","2","11","","6","6","1","22","8","C03","24.142726","120.707115","2"
"2019","7","14","0","5","臺中市","太平區","0","1","0","8","3","5","50","4","1","1","5","4","5","7","2","1","5","5","5","2","3","52","2","9","4","1","H01","8","16","8","20","10","16","","52","52","1","20","8","H01","24.135853","120.715576","2"
"2019","7","14","0","10","臺中市","北屯區","0","1","0","8","3","5","50","4","1","1","5","4","5","7","4","4","10","5","5","2","16","6","2","9","1","1","C03","7","9","1","10","2","15","","14","6","1","21","8","C03","24.173383","120.715846","2"
"2019","7","14","0","20","臺中市","太平區","0","0","0","8","","","50","","","","","","","","","","","","","","","6","","","","","C03","","","1","","2","","","14","6","1","21","","C03","24.147149","120.716194","3"
"2019","7","14","0","41","臺中市","北屯區","0","1","0","8","3","5","40","14","9","1","5","4","5","7","4","4","1","4","4","2","17","23","2","9","1","1","C03","7","9","1","10","2","14","12","23","23","1","22","8","C03","24.16344","120.693439","2"
"2019","7","14","1","14","臺中市","西屯區","0","1","0","8","3","5","50","3","1","1","5","4","5","7","1","1","10","5","5","2","12","6","3","10","1","1","B03","7","6","1","8","2","5","","6","6","1","21","8","B03","24.172127","120.636965","2"
"2019","7","14","3","46","臺中市","西區","0","0","0","","","","","","","","","","","","","","","","","","","","","","","","","","","","","","","","","","","","","","","","3"
"2019","7","14","4","16","臺中市","梧棲區","0","0","0","8","","","60","","","","","","","","","","","","","","","","","","","","B03","","","1","","2","","","23","","1","9","","B03","24.254044","120.538203","3"
"2019","7","14","5","5","臺中市","南區","1","0","0","8","1","5","50","4","1","1","5","4","5","7","1","1","10","5","5","2","3","23","3","10","1","1","A11","7","5","1","3","5","1","","23","23","1","4","8","A11","24.126271","120.659957","1"
"2019","7","14","6","30","臺中市","太平區","0","0","0","8","","","50","","","","","","","","","","","","","","","44","","","","","","","","7","","11","","","43","44","1","","","","24.158551","120.739722","3"
"2019","7","14","6","52","臺中市","西屯區","0","1","0","8","1","5","50","4","2","1","5","4","5","7","1","1","9","4","5","2","12","40","3","10","1","1","B03","7","15","1","8","2","4","","40","40","1","21","8","B03","24.184625","120.626119","2"
"2019","7","14","7","13","臺中市","清水區","0","0","0","8","","","70","","","","","","","","","","","","","","","","","","","","B12","","","1","","2","","","43","","1","21","","B12","24.304036","120.590498","3"
"2019","7","14","7","30","臺中市","東區","0","1","0","8","1","5","50","4","1","1","5","4","5","7","1","1","10","5","5","2","16","25","2","9","1","1","C03","7","9","1","10","2","11","","25","25","1","22","8","C03","24.135241","120.699503","2"
"2019","7","14","7","32","臺中市","豐原區","0","1","0","8","1","5","60","14","8","1","5","4","5","7","4","4","10","4","4","2","12","21","2","9","3","4","C03","7","9","1","10","7","11","","21","21","1","22","8","C03","24.236251","120.724416","2"
"2019","7","14","7","38","臺中市","北屯區","0","0","0","8","","","50","","","","","","","","","","","","","","","","","","","","B12","","","1","","2","","","23","","","21","","B12","24.173352","120.685562","3"
"2019","7","14","8","4","臺中市","北區","0","2","0","8","1","5","50","4","1","1","5","4","5","7","1","1","5","4","4","2","16","25","3","10","1","1","B03","7","9","1","8","9","1","","25","25","2","21","8","B03","24.14828","120.68353","2"
"2019","7","14","8","17","臺中市","西區","0","0","0","8","","","50","","","","","","","","","","","","","","","","","","","","B03","","","1","","2","","","26","","1","22","","B03","24.140077","120.66562","3"
"2019","7","14","8","20","臺中市","北屯區","0","0","0","8","","","50","","","","","","","","","","","","","","","","","","","","B12","","","1","","2","","","19","","1","22","","B12","24.175426","120.689578","3"
"2019","7","14","8","30","臺中市","和平區","0","0","0","8","","","10","","","","","","","","","","","","","","","23","","","","","B03","","","1","","2","","","23","23","1","","","B03","24.254662","121.251832","3"
"2019","7","14","8","48","臺中市","北屯區","0","1","0","8","1","5","40","14","8","1","5","4","5","7","4","4","1","4","4","2","16","43","3","10","1","1","B03","7","6","1","8","2","6","","43","43","1","22","8","B03","24.178811","120.685855","2"
"2019","7","14","8","57","臺中市","北區","0","1","0","8","1","5","50","4","1","1","5","4","5","7","2","1","5","2","5","2","16","8","3","10","3","4","B01","7","5","1","4","2","8","","8","8","1","22","9","B01","24.148535","120.683745","2"
"2019","7","14","8","58","臺中市","太平區","0","1","0","8","1","5","50","4","1","1","5","4","5","7","1","1","5","4","4","2","16","23","2","9","1","1","C03","7","9","1","10","2","14","","23","23","1","21","8","C03","24.134792","120.710282","2"
"2019","7","14","9","1","臺中市","南屯區","0","1","0","8","1","5","50","4","2","1","5","4","5","7","1","1","8","4","4","2","12","6","2","9","1","1","C03","7","9","1","10","2","14","","44","6","1","22","8","C03","24.151088","120.646905","2"
"2019","7","14","9","2","臺中市","太平區","0","1","0","8","1","5","40","4","1","1","5","4","5","7","4","4","10","5","5","2","15","6","2","8","1","1","C03","7","9","1","10","2","11","","14","6","1","21","8","C03","24.117597","120.718345","2"
"2019","7","14","9","10","臺中市","北屯區","0","0","0","8","","","50","","","","","","","","","","","","","","","","","","","","A11","","","1","","2","","","23","","","10","","A11","24.182236","120.701888","3"
"2019","7","14","9","11","臺中市","南屯區","0","1","0","8","1","5","50","14","8","1","5","4","5","7","1","1","1","2","1","2","13","23","3","10","1","1","C03","7","9","6","18","2","11","","23","23","1","22","8","C03","24.125634","120.631576","2"
"2019","7","14","9","18","臺中市","西區","0","2","0","8","1","5","50","4","1","1","5","4","5","7","2","1","10","5","5","2","16","8","2","9","1","1","C03","7","5","4","11","2","12","","8","8","1","22","9","C03","24.148026","120.661675","2"
"2019","7","14","9","18","臺中市","西屯區","0","0","0","8","","","50","","","","","","","","","","","","","","","","","","","","B03","","","1","","2","","","42","","1","22","","B03","24.179503","120.634291","3"
"2019","7","14","9","25","臺中市","東區","0","1","0","8","1","5","50","14","12","1","5","4","5","7","4","4","5","4","4","2","12","7","3","10","1","1","C03","7","8","6","18","2","12","","7","7","1","20","8","C03","24.135877","120.690224","2"
"2019","7","14","9","27","臺中市","沙鹿區","0","0","1","8","1","5","50","14","9","1","5","4","5","7","4","4","5","5","4","2","9","12","3","10","1","1","B12","7","2","1","8","3","3","","12","12","1","21","8","B12","24.226429","120.571093","2"
"2019","7","14","9","30","臺中市","沙鹿區","0","0","0","8","","","50","","","","","","","","","","","","","","","","","","","","B03","","","1","","2","","","42","","2","22","","B03","24.222094","120.573224","3"
"2019","7","14","10","0","臺中市","梧棲區","0","1","0","8","1","5","60","4","1","1","5","4","5","7","1","1","10","5","5","2","16","21","2","9","3","4","B03","7","9","1","8","7","1","","21","21","1","9","8","B03","24.256348","120.525643","2"
"2019","7","14","10","23","臺中市","梧棲區","0","0","0","8","","","70","","","","","","","","","","","","","","","","","","","","B03","","","1","","2","","","41","","1","5","","B03","24.265398","120.529553","4"
"2019","7","14","10","38","臺中市","太平區","0","0","0","8","","","50","","","","","","","","","","","","","","","","","","","","B03","","","1","","2","","","23","","1","21","","B03","24.143935","120.734225","3"
"2019","7","14","10","38","臺中市","潭子區","0","2","0","8","1","5","50","4","1","1","5","4","5","7","1","1","5","4","4","1","16","6","2","9","1","1","C03","7","5","1","10","2","12","","6","6","1","22","9","C03","24.213057","120.710794","2"
"2019","7","14","10","44","臺中市","西屯區","0","1","0","8","1","5","40","4","1","1","5","4","5","7","1","1","9","5","4","2","16","8","3","10","3","4","B03","7","5","1","8","2","1","","8","8","1","22","8","B03","24.169395","120.636146","2"
"2019","7","14","10","48","臺中市","北區","0","2","0","8","1","5","50","4","1","1","5","4","5","7","1","1","10","5","5","2","13","23","2","9","1","1","C03","7","9","1","10","2","11","","23","23","1","5","8","C03","24.157793","120.689717","2"
"2019","7","14","10","56","臺中市","太平區","0","0","0","8","","","50","","","","","","","","","","","","","","","","","","","","C03","","","1","","2","","","23","","1","5","","C03","24.133611","120.7192","3"
"2019","7","14","10","59","臺中市","潭子區","0","2","0","8","1","5","60","4","1","1","5","4","5","7","1","1","10","5","5","2","17","16","2","9","1","1","C03","7","6","1","10","2","12","","16","16","1","21","8","C03","24.210715","120.710266","2"
"2019","7","14","11","10","臺中市","北屯區","0","1","0","8","1","5","50","4","1","1","5","4","5","7","4","4","10","5","5","2","15","6","3","10","1","1","B03","7","9","1","8","2","8","","6","6","1","22","8","B03","24.185276","120.699183","2"
"2019","7","14","11","17","臺中市","外埔區","0","0","0","8","","","50","","","","","","","","","","","","","","","","","","","","B03","","","1","","2","","","18","","1","","","B03","24.33137","120.653861","3"
"2019","7","14","11","22","臺中市","西屯區","0","1","0","8","1","5","50","4","1","1","5","4","5","7","1","1","5","5","4","2","12","9","3","10","3","4","B03","7","6","1","8","2","2","","9","9","1","22","8","B03","24.167927","120.646098","2"
"2019","7","14","11","33","臺中市","北屯區","0","0","0","8","","","50","","","","","","","","","","","","","","","","","","","","C04","","","3","","2","","","23","","1","","","C04","24.175418","120.720742","3"
"2019","7","14","11","36","臺中市","南區","0","1","0","8","1","5","50","14","7","1","5","4","5","7","4","4","1","4","4","2","13","23","2","8","1","1","B03","7","9","1","8","2","1","","23","23","1","22","8","B03","24.126896","120.669842","2"
"2019","7","14","11","39","臺中市","西區","0","0","0","8","","","50","","","","","","","","","","","","","","","","","","","","B03","","","1","","2","","","12","","1","20","","B03","24.137311","120.659177","3"
"2019","7","14","11","51","臺中市","南區","0","1","0","8","1","5","50","4","1","1","5","4","5","7","1","1","9","4","4","2","16","21","2","8","1","1","C03","7","9","1","10","6","11","","21","21","1","22","8","C03","24.111769","120.650282","2"
"2019","7","14","11","56","臺中市","西區","0","1","0","8","1","5","50","4","1","1","5","4","5","7","1","1","10","5","5","2","16","9","3","10","1","1","B03","7","6","1","8","2","2","","9","9","1","22","9","B03","24.134971","120.661993","2"
"2019","7","14","11","57","臺中市","西屯區","0","1","0","8","1","5","40","3","2","1","5","4","5","7","4","4","9","4","4","2","13","23","2","9","3","4","C03","7","9","1","10","2","11","","23","23","1","22","8","C03","24.189565","120.621223","2"
"2019","7","14","11","59","臺中市","北區","0","0","0","8","","","50","","","","","","","","","","","","","","","","","","","","","","","7","","11","","","43","","1","","","","24.161495","120.676756","3"
"2019","7","14","12","5","臺中市","西屯區","0","0","0","8","","","40","","","","","","","","","","","","","","","","","","","","B03","","","1","","2","","","12","","1","22","","B03","24.172591","120.645443","3"
"2019","7","14","12","7","臺中市","南屯區","0","1","0","8","1","5","50","3","2","1","5","4","5","7","4","4","8","4","4","2","16","8","3","10","1","1","B03","7","5","1","8","2","4","","8","8","1","22","8","B03","24.134836","120.644478","2"
"2019","7","14","12","9","臺中市","北區","0","2","0","8","1","5","50","4","1","1","5","4","5","7","4","4","10","5","5","2","15","6","3","10","1","1","B03","7","9","1","8","2","1","","6","6","1","5","8","B03","24.159247","120.697358","2"
"2019","7","14","12","20","臺中市","西區","0","0","0","8","","","50","","","","","","","","","","","","","","","","","","","","B03","","","1","","2","","","23","","1","5","","B03","24.135003","120.661938","4"
"2019","7","14","12","20","臺中市","南屯區","0","1","0","8","1","5","50","4","1","1","5","4","5","7","2","1","10","5","5","2","16","8","3","10","1","1","B03","7","5","1","8","2","1","","8","8","1","22","9","B03","24.14828","120.631442","2"
"2019","7","14","12","33","臺中市","北區","0","0","0","8","","","40","","","","","","","","","","","","","","","","","","","","B03","","","1","","2","","","23","","1","","","B03","24.152206","120.699393","3"
"2019","7","14","12","35","臺中市","南屯區","0","0","0","8","1","5","50","4","1","1","5","4","5","7","1","1","10","5","5","2","12","17","3","10","1","1","B03","7","9","1","8","2","4","","17","17","1","22","8","B03","24.150992","120.652209","3"
"2019","7","14","12","53","臺中市","南屯區","0","0","0","8","","","50","","","","","","","","","","","","","","","","","","","","B03","","","1","","2","","","10","","1","22","","B03","24.134713","120.644458","3"
"2019","7","14","13","2","臺中市","西區","0","1","0","8","1","5","50","14","9","1","5","4","5","7","4","4","5","4","5","2","17","19","3","10","1","1","B12","7","1","1","8","2","1","","19","19","1","21","8","B12","24.150831","120.668901","2"
"2019","7","14","13","9","臺中市","西區","0","1","0","8","1","5","50","3","1","1","5","4","5","7","4","4","10","5","5","2","17","42","2","9","1","1","C03","7","9","1","8","2","12","","42","42","1","5","9","C03","24.144854","120.65819","2"
"2019","7","14","13","17","臺中市","西區","0","0","0","8","","","50","","","","","","","","","","","","","","","","","","","","B03","","","1","","2","","","12","","1","22","","B03","24.141259","120.661169","3"
"2019","7","14","13","34","臺中市","太平區","0","1","0","8","1","5","40","14","9","1","5","4","5","7","4","4","5","4","5","1","16","26","3","10","1","1","B03","7","11","1","8","2","6","","26","26","1","21","8","B03","24.104621","120.769072","2"
"2019","7","14","13","45","臺中市","潭子區","0","1","0","8","3","5","40","15","9","1","5","4","1","7","4","4","9","4","5","2","17","2","3","10","1","1","B03","7","7","1","8","2","8","","2","2","1","21","8","B03","24.194134","120.721838","2"
"2019","7","14","13","51","臺中市","西區","0","1","0","8","1","5","50","4","2","1","5","4","5","7","1","1","5","2","4","2","13","23","2","9","1","1","C03","7","9","1","10","2","11","","23","23","1","21","8","C03","24.1406","120.667356","2"
"2019","7","14","13","58","臺中市","南屯區","0","2","0","8","1","5","40","4","7","1","5","4","5","7","1","1","10","5","5","2","16","26","2","9","1","1","C03","7","7","1","10","2","14","","26","26","1","22","9","C03","24.140399","120.620481","2"
"2019","7","14","14","0","臺中市","北區","0","1","0","8","1","5","40","14","8","1","5","4","5","7","4","4","1","4","4","2","18","13","2","9","3","4","C03","7","9","1","10","2","12","","13","13","1","22","9","C03","24.159116","120.690061","2"
"2019","7","14","14","2","臺中市","東區","0","0","0","8","","","50","","","","","","","","","","","","","","","","","","","","B03","","","1","","2","","","16","","1","","","B03","24.135825","120.690203","3"
"2019","7","14","14","4","臺中市","大甲區","0","1","0","8","1","5","40","4","1","1","5","4","5","7","4","4","10","5","5","2","15","6","2","9","1","1","C03","7","9","6","18","3","11","","6","6","1","20","8","C03","24.367671","120.612198","2"
"2019","7","14","14","13","臺中市","烏日區","0","1","0","8","1","5","40","5","1","1","5","4","5","7","2","1","10","5","5","2","16","9","3","10","1","1","B03","7","6","1","8","2","6","","9","9","1","19","8","B03","24.106962","120.650437","2"
"2019","7","14","14","20","臺中市","大甲區","0","1","0","8","1","5","50","14","9","1","5","4","5","7","4","4","5","5","5","1","17","40","3","10","1","1","B03","7","13","1","8","2","4","","40","40","1","9","8","B03","24.351708","120.621976","2"
"2019","7","14","14","20","臺中市","大雅區","0","2","0","8","1","5","50","4","1","1","5","4","5","7","1","1","10","5","5","2","16","6","3","10","1","1","B03","7","5","3","18","2","1","","6","6","1","22","9","B03","24.225236","120.64804","2"
"2019","7","14","14","26","臺中市","中區","0","1","0","8","1","5","50","14","9","1","5","4","5","7","4","4","10","4","5","2","16","26","3","10","1","1","C03","7","11","1","10","2","12","","26","26","1","22","8","C03","24.139608","120.684333","2"
"2019","7","14","14","29","臺中市","北區","0","0","0","8","1","5","50","14","7","1","5","4","5","7","1","1","10","4","4","2","13","23","3","10","1","1","B03","7","9","1","8","4","1","","23","23","1","5","8","B03","24.163129","120.686861","3"
"2019","7","14","14","30","臺中市","北屯區","0","0","0","8","","","40","","","","","","","","","","","","","","","","","","","","B03","","","1","","2","","","23","","1","5","","B03","24.173455","120.680846","3"
"2019","7","14","14","32","臺中市","南屯區","0","0","0","8","","","50","","","","","","","","","","","","","","","","","","","","B03","","","1","","2","","","23","","1","22","","B03","24.141471","120.639616","3"
"2019","7","14","14","35","臺中市","大雅區","0","0","0","8","","","50","","","","","","","","","","","","","","","","","","","","B01","","","1","","2","","","23","","1","","","B01","24.216124","120.649358","3"
"2019","7","14","14","36","臺中市","北屯區","0","0","0","8","","","50","","","","","","","","","","","","","","","","","","","","B12","","","1","","2","","","12","","","9","","B12","24.16395","120.715281","3"
"2019","7","14","14","40","臺中市","南屯區","0","0","0","8","","","50","","","","","","","","","","","","","","","23","","","","","B03","","","1","","2","","","44","23","1","22","","B03","24.148347","120.625252","3"
"2019","7","14","14","45","臺中市","東區","0","1","0","8","1","5","50","4","1","1","5","4","5","7","1","1","10","5","5","2","12","8","2","9","1","1","F03","7","5","8","20","2","16","","8","8","1","22","8","F03","24.142841","120.696103","2"
"2019","7","14","14","56","臺中市","石岡區","0","2","0","8","1","5","40","14","9","1","5","4","5","7","4","4","4","5","5","1","29","5","2","9","1","1","C03","7","9","1","9","2","12","","5","5","1","22","9","C03","24.270599","120.773495","2"
"2019","7","14","15","0","臺中市","中區","0","0","0","8","","","50","","","","","","","","","","","","","","","","","","","","B03","","","1","","2","","","42","","1","22","","B03","24.143651","120.678075","3"
"2019","7","14","15","0","臺中市","烏日區","0","1","0","8","1","5","50","4","1","1","5","4","5","7","2","1","5","4","5","1","17","19","3","10","1","1","B03","7","1","1","8","2","7","","19","19","1","21","8","B03","24.102665","120.624278","2"
"2019","7","14","15","5","臺中市","西屯區","0","0","0","8","","","50","","","","","","","","","","","","","","","","","","","","B03","","","1","","2","","","16","","1","22","","B03","24.201443","120.656825","3"
"2019","7","14","15","7","臺中市","西區","0","2","0","8","1","5","50","5","1","1","5","4","5","7","1","1","5","2","4","2","16","42","2","9","1","1","C03","7","6","1","10","2","14","","42","42","1","21","8","C03","24.132112","120.66858","2"
"2019","7","14","15","13","臺中市","南屯區","0","0","0","8","","","50","","","","","","","","","","","","","","","","","","","","B03","","","1","","2","","","7","","1","22","","B03","24.133693","120.64982","3"
"2019","7","14","15","17","臺中市","外埔區","0","0","0","8","","","50","","","","","","","","","","","","","","","7","","","","","B03","","","1","","2","","","7","7","1","","","B03","24.341523","120.639","3"
"2019","7","14","15","19","臺中市","太平區","0","0","0","8","","","50","","","","","","","","","","","","","","","","","","","","B12","","","1","","2","","","19","","1","6","","B12","24.148572","120.718684","3"
"2019","7","14","15","28","臺中市","西屯區","0","0","0","8","","","40","","","","","","","","","","","","","","","","","","","","B03","","","1","","2","","","12","","2","22","","B03","24.161514","120.643565","3"
"2019","7","14","15","28","臺中市","大甲區","0","0","0","8","","","50","","","","","","","","","","","","","","","19","","","","","B03","","","1","","2","","","19","19","1","21","","B03","24.350508","120.62","3"
"2019","7","14","15","33","臺中市","中區","0","0","0","8","","","50","","","","","","","","","","","","","","","","","","","","B03","","","1","","2","","","8","","1","2","","B03","24.140144","120.68021","3"
"2019","7","14","15","45","臺中市","沙鹿區","0","2","0","8","1","5","40","4","1","1","5","4","5","7","1","1","1","4","4","2","16","8","2","9","1","1","C03","7","5","1","10","2","14","","8","8","1","21","8","C03","24.237248","120.559568","2"
"2019","7","14","15","53","臺中市","東區","0","0","0","8","","","50","","","","","","","","","","","","","","","","","","","","B03","","","1","","2","","","23","","1","5","","B03","24.139038","120.691216","3"
"2019","7","14","15","57","臺中市","西屯區","0","1","0","8","1","5","50","4","1","1","5","4","5","7","3","1","4","3","5","2","13","23","2","9","1","1","C03","7","9","1","10","2","11","","23","23","1","21","8","C03","24.191525","120.643798","2"
"2019","7","14","16","7","臺中市","沙鹿區","0","1","0","8","1","5","50","14","9","1","5","4","5","7","4","4","5","4","5","1","16","10","3","10","1","1","B12","7","11","1","1","2","8","","10","10","1","20","8","B12","24.232249","120.561648","2"
"2019","7","14","16","19","臺中市","東勢區","0","0","0","8","","","50","","","","","","","","","","","","","","","","","","","","B03","","","1","","2","","","23","","1","22","","B03","24.224278","120.835946","3"
"2019","7","14","16","20","臺中市","北屯區","0","0","0","8","","","50","","","","","","","","","","","","","","","","","","","","B12","","","1","","2","","","26","","1","5","","B12","24.185303","120.664088","3"
"2019","7","14","16","26","臺中市","沙鹿區","0","1","0","8","1","5","40","3","1","1","5","4","5","4","4","4","10","5","5","2","16","9","3","10","1","1","B03","7","6","1","8","3","8","","9","9","1","9","1","B03","24.196413","120.589475","2"
"2019","7","14","16","30","臺中市","沙鹿區","0","1","0","8","1","5","50","4","1","1","5","4","5","7","1","1","10","5","5","2","17","26","3","10","1","1","B03","7","9","1","3","2","2","","26","26","1","21","8","B03","24.23965","120.564675","2"
"2019","7","14","16","31","臺中市","西屯區","0","0","0","8","","","60","","","","","","","","","","","","","","","","","","","","","","","7","","11","","","43","","","","","","24.168926","120.639346","3"
"2019","7","14","16","32","臺中市","北區","0","2","0","8","1","5","50","14","7","1","5","4","5","7","4","4","5","4","4","2","16","26","3","10","1","1","B12","7","11","1","8","2","4","","26","26","1","21","8","B12","24.154395","120.668222","2"
"2019","7","14","16","36","臺中市","南屯區","0","2","0","8","1","5","30","15","8","1","5","4","5","7","1","1","10","5","5","2","16","8","2","6","1","4","C03","7","5","1","10","2","14","","8","8","1","22","8","C03","24.117753","120.639696","2"
"2019","7","14","16","57","臺中市","豐原區","0","0","0","","","","","","","","","","","","","","","","","","","23","","","","","B03","","","1","","2","","","23","23","","","","B03","24.245665","120.703117","3"
"2019","7","14","16","58","臺中市","烏日區","0","2","0","8","1","5","80","10","7","1","5","4","5","7","4","4","1","4","3","1","13","16","3","10","1","1","B03","7","9","1","8","2","1","","16","16","1","21","8","B03","24.099483","120.610819","2"
"2019","7","14","17","7","臺中市","西區","0","1","0","8","1","5","50","14","9","1","5","4","5","7","4","4","5","4","5","2","17","46","2","9","1","1","C03","7","15","1","10","2","12","","46","46","1","21","8","C03","24.139172","120.663845","2"
"2019","7","14","17","8","臺中市","北屯區","0","0","0","8","","","50","","","","","","","","","","","","","","","","","","","","B03","","","1","","2","","","23","","1","4","","B03","24.16385","120.716365","3"
"2019","7","14","17","9","臺中市","大雅區","0","1","0","8","2","5","50","4","1","1","5","4","5","7","1","1","10","5","5","2","12","23","2","9","1","1","C03","7","9","1","10","2","14","","23","23","1","22","9","C03","24.229408","120.654291","2"
"2019","7","14","17","12","臺中市","西屯區","0","0","0","8","","","40","","","","","","","","","","","","","","","","","","","","B03","","","1","","2","","","12","","1","22","","B03","24.164226","120.640291","3"
"2019","7","14","17","14","臺中市","沙鹿區","0","1","0","8","1","5","40","14","8","1","5","4","5","7","4","4","1","5","3","2","17","9","3","10","1","1","B12","7","6","1","8","2","5","","9","9","1","4","8","B12","24.197679","120.580286","2"
"2019","7","14","17","25","臺中市","北屯區","0","0","0","","","","","","","","","","","","","","","","","","","","","","","","B03","","","1","","2","","","12","","2","5","","B03","24.185666","120.664315","3"
"2019","7","14","17","27","臺中市","北區","0","1","0","8","1","5","50","14","9","1","5","4","5","7","4","4","5","4","5","2","12","7","2","9","1","1","C03","7","10","1","10","2","14","","7","7","1","22","8","C03","24.151325","120.688217","2"
"2019","7","14","17","29","臺中市","南屯區","0","0","0","8","","","50","","","","","","","","","","","","","","","","","","","","C03","","","1","","2","","","6","","1","18","","C03","24.146745","120.64653","3"
"2019","7","14","17","30","臺中市","北屯區","0","3","0","8","1","5","50","4","1","1","5","4","5","7","1","1","10","5","5","2","15","25","2","9","1","1","C03","7","9","3","18","2","12","","25","25","1","5","8","C03","24.168976","120.731135","2"
"2019","7","14","17","30","臺中市","大肚區","0","1","0","8","1","5","40","4","1","1","5","4","5","7","4","4","10","5","5","2","15","6","2","8","1","1","C03","7","9","3","18","2","11","","6","6","1","19","8","C03","24.170436","120.535398","2"