"年","月","日","時","分","縣市","區","死","受傷","2-30","天候","光線","道路類別","速限","道路型態","事故位置","路面鋪裝","路面狀態","路面缺陷","障礙物","視距","號誌種類","號誌動作","分向設施","快車道或一般車道間","快慢車道間","路面邊線","事故類型及型態","主要肇因","受傷程度","主要傷處","保護裝備","行動電話","當事者區分_類別","車輛用途","當事者行動狀態","駕駛資格情形","駕駛執照種類","飲酒情形","車輛撞擊部位最初","車輛撞擊部位其他","肇事因素個別","肇事因素主要","肇事逃逸","職業","旅次目的","車種","GPS座標_緯度","GPS座標_經度","事故類別"
"2019","7","14","17","32","臺中市","北區","0","0","0","8","","","50","","","","","","","","","","","","","","","","","","","","B03","","","1","","2","","","23","","1","22","","B03","24.147574","120.685488","3"
"2019","7","14","17","40","臺中市","沙鹿區","0","1","0","8","1","5","50","4","1","1","5","4","5","7","1","1","10","5","5","2","17","40","3","10","1","1","B03","7","14","1","8","2","2","","40","40","1","21","8","B03","24.234784","120.558723","2"
"2019","7","14","17","41","臺中市","潭子區","0","1","0","8","1","5","60","14","8","1","5","4","5","7","4","4","1","4","4","1","17","23","2","9","1","1","C03","7","9","6","10","9","11","","23","23","2","12","8","C03","24.196879","120.702609","2"
"2019","7","14","17","42","臺中市","西區","0","0","0","8","","","50","","","","","","","","","","","","","","","","","","","","B12","","","1","","9","","","12","","1","21","","B12","24.14547","120.669175","3"
"2019","7","14","17","50","臺中市","南屯區","0","1","0","8","3","5","50","4","1","1","5","4","5","7","4","4","10","5","5","2","17","6","3","10","1","1","B03","7","5","1","8","2","15","","6","6","1","4","8","B03","24.155659","120.647779","2"
"2019","7","14","17","54","臺中市","南屯區","0","1","0","8","1","5","50","14","7","1","5","4","5","7","4","4","1","4","4","2","13","42","2","8","1","4","C03","7","9","1","10","2","11","","42","42","1","22","8","C03","24.148053","120.63802","2"
"2019","7","14","18","11","臺中市","北區","0","2","0","8","1","5","50","3","2","1","5","4","5","7","4","4","1","4","5","2","12","7","2","9","1","1","C03","7","8","1","10","2","12","","7","7","1","21","8","C03","24.159076","120.691424","2"
"2019","7","14","18","17","臺中市","新社區","0","1","0","8","1","5","50","4","2","1","5","4","5","7","1","1","4","3","4","2","11","8","3","10","1","1","B03","7","5","1","1","2","1","","8","8","1","22","9","B03","24.241278","120.808712","2"
"2019","7","14","18","29","臺中市","西屯區","0","2","0","8","1","5","50","4","1","1","5","4","5","7","1","1","4","3","5","2","16","26","2","7","1","1","C03","7","9","1","10","2","12","","26","26","1","21","8","C03","24.155613","120.646996","2"
"2019","7","14","18","31","臺中市","豐原區","0","1","0","8","1","5","60","5","2","1","5","4","5","7","1","1","10","5","5","2","16","26","2","9","1","4","C03","7","5","3","18","8","14","","26","26","2","22","8","C03","24.243488","120.702873","2"
"2019","7","14","18","34","臺中市","北區","0","0","0","8","","","50","","","","","","","","","","","","","","","","","","","","B03","","","1","","2","","","26","","1","21","","B03","24.165172","120.669221","3"
"2019","7","14","18","35","臺中市","南屯區","0","0","0","8","","","40","","","","","","","","","","","","","","","","","","","","B12","","","1","","2","","","23","","1","5","","B12","24.144223","120.623433","3"
"2019","7","14","18","58","臺中市","東區","0","0","0","6","","","50","","","","","","","","","","","","","","","","3","","","","B03","","","1","","2","","","12","","1","21","","B03","24.141964","120.706548","3"
"2019","7","14","19","9","臺中市","西區","0","0","0","8","","","50","","","","","","","","","","","","","","","","","","","","B03","","","1","","2","","","23","","1","21","","B03","24.153563","120.665939","3"
"2019","7","14","19","30","臺中市","北屯區","0","0","0","8","3","5","50","4","1","1","5","4","5","7","1","1","10","5","5","2","13","","","","","","B03","","","1","","2","","","16","","1","4","","B03","24.176586","120.681245","3"
"2019","7","14","19","32","臺中市","北屯區","0","0","0","8","","","50","","","","","","","","","","","","","","","","","","","","B03","","","1","","2","","","16","","1","22","","B03","24.18219","120.71868","3"
"2019","7","14","19","45","臺中市","梧棲區","0","0","0","8","","","50","","","","","","","","","","","","","","","","","","","","C03","","","1","","2","","","23","","1","9","","C03","24.256102","120.531941","4"
"2019","7","14","19","48","臺中市","大雅區","0","2","0","8","3","5","50","4","1","1","5","4","5","7","1","1","3","4","5","1","16","26","2","9","1","1","C03","7","5","1","10","2","13","","26","26","1","21","8","C03","24.222629","120.646755","2"
"2019","7","14","20","13","臺中市","南屯區","0","2","0","8","3","5","50","14","9","1","5","4","5","7","4","4","9","4","5","2","17","19","2","7","1","1","C03","7","1","1","10","2","11","","19","19","1","5","8","C03","24.137584","120.6371","2"
"2019","7","14","20","20","臺中市","北屯區","0","1","0","8","3","5","50","14","7","1","5","4","5","7","1","1","5","5","4","2","16","19","3","10","1","1","C03","7","1","1","10","2","15","","19","19","1","21","8","C03","24.170326","120.69316","2"
"2019","7","14","20","20","臺中市","沙鹿區","0","2","0","8","3","5","60","3","1","1","5","4","5","7","4","4","10","5","5","2","13","23","2","9","1","1","C03","7","9","1","10","2","11","","23","23","1","18","5","C03","24.239707","120.569754","2"
"2019","7","14","20","21","臺中市","北區","0","1","0","8","3","5","50","3","1","1","5","4","5","7","4","4","10","5","5","2","17","10","3","10","1","1","B03","7","11","1","8","2","15","","10","10","1","22","8","B03","24.160811","120.680984","2"
"2019","7","14","20","30","臺中市","沙鹿區","0","0","0","8","","","50","","","","","","","","","","","","","","","","","","","","B03","","","1","","2","","","23","","1","21","","B03","24.222521","120.57789","3"
"2019","7","14","20","32","臺中市","西屯區","0","0","0","8","","","50","","","","","","","","","","","","","","","","","","","","C03","","","1","","2","","","8","","1","22","","C03","24.170793","120.650946","3"
"2019","7","14","20","40","臺中市","沙鹿區","0","0","0","8","","","50","","","","","","","","","","","","","","","","","","","","B12","","","1","","2","","","26","","","4","","B12","24.227332","120.574588","3"
"2019","7","14","20","49","臺中市","潭子區","0","1","0","8","3","5","50","5","1","1","5","4","5","7","1","1","5","4","5","2","16","8","3","10","1","1","B02","7","5","1","8","2","6","","8","8","1","9","8","B02","24.206766","120.711338","2"
"2019","7","14","20","50","臺中市","烏日區","0","2","0","8","3","5","60","3","1","1","5","4","5","7","1","1","9","4","5","1","16","26","3","10","1","1","B03","7","5","1","8","2","2","","26","26","1","22","8","B03","24.110023","120.644996","2"
"2019","7","14","20","59","臺中市","南區","0","0","0","","","","","","","","","","","","","","","","","","","7","","","","","C03","","","1","7","2","","","44","7","1","5","","C03","24.127655","120.666436","3"
"2019","7","14","21","13","臺中市","東區","0","4","0","8","3","5","40","4","1","1","5","4","5","7","4","4","10","5","5","2","15","6","2","9","1","1","C03","7","9","1","10","2","11","","6","6","1","21","8","C03","24.136044","120.68886","2"
"2019","7","14","21","13","臺中市","北屯區","0","1","0","8","3","5","50","4","1","1","5","4","5","7","1","1","10","5","5","2","16","6","2","9","1","1","C03","7","9","1","10","2","11","","44","6","1","4","8","C03","24.171215","120.72064","2"
"2019","7","14","21","14","臺中市","西屯區","0","0","0","8","","","60","","","","","","","","","","","","","","","","","","","","B03","","","1","","2","","","23","","1","","","B03","24.163218","120.648998","3"
"2019","7","14","21","24","臺中市","龍井區","0","1","0","8","3","5","40","4","1","1","5","4","5","7","4","4","10","5","5","2","16","6","2","8","1","1","C03","7","9","1","10","2","14","","6","6","1","21","8","C03","24.189683","120.593812","2"
"2019","7","14","21","50","臺中市","大甲區","0","0","0","8","","","50","","","","","","","","","","","","","","","","","","","","B03","","","1","","2","","","19","","1","22","","B03","24.347328","120.622875","3"
"2019","7","14","21","57","臺中市","潭子區","0","1","0","8","3","5","40","3","2","1","5","4","5","7","4","4","5","5","5","2","16","6","3","10","1","1","B03","7","6","6","18","2","2","","6","6","1","21","8","B03","24.201088","120.713446","2"
"2019","7","14","22","15","臺中市","北區","0","0","0","8","","","50","","","","","","","","","","","","","","","23","3","","","","B03","","","1","8","2","1","","23","23","","21","","B03","24.173066","120.671641","3"
"2019","7","14","22","16","臺中市","龍井區","0","0","0","8","","","50","","","","","","","","","","","","","","","","","","","","B03","","","1","","2","","","23","","1","12","","B03","24.193878","120.534796","3"
"2019","7","14","22","20","臺中市","北區","0","0","0","8","","","50","","","","","","","","","","","","","","","","","","","","B03","","","1","","2","","","23","","1","","","B03","24.162862","120.674507","3"
"2019","7","14","22","34","臺中市","神岡區","0","2","0","8","3","5","50","4","1","1","5","4","5","7","1","1","10","5","5","2","16","6","2","9","1","1","C03","7","5","1","10","2","12","","6","6","1","22","9","C03","24.258971","120.658584","2"
"2019","7","14","23","6","臺中市","神岡區","0","1","0","8","1","5","40","3","1","1","5","4","5","7","4","4","10","5","5","2","16","6","3","10","1","1","B03","7","5","1","8","2","1","","6","6","1","21","8","B03","24.258405","120.657114","2"
"2019","7","15","0","9","臺中市","新社區","0","1","0","8","4","5","40","11","9","1","5","4","5","1","4","4","5","5","5","1","25","23","2","5","1","1","B03","7","9","1","8","2","1","","23","23","1","4","8","B03","24.15491","120.872007","2"
"2019","7","15","0","37","臺中市","北屯區","0","1","0","7","3","5","40","14","9","1","5","4","5","7","4","4","5","5","4","2","23","23","2","9","1","1","B03","7","9","1","8","2","1","","23","23","1","22","8","B03","24.16484","120.698184","2"
"2019","7","15","0","57","臺中市","北區","0","1","0","8","3","5","50","4","1","1","5","4","5","7","1","1","10","5","5","2","16","25","2","9","1","1","C03","7","9","1","10","2","11","","25","25","1","22","8","C03","24.163381","120.676438","2"
"2019","7","15","1","35","臺中市","北屯區","0","0","0","8","","","40","","","","","","","","","","","","","","","","","","","","B03","","","1","","2","","","42","","1","5","","B03","24.201189","120.66536","3"
"2019","7","15","6","11","臺中市","沙鹿區","0","1","0","8","1","5","50","4","1","1","5","4","5","7","1","1","9","5","5","1","17","23","3","10","1","1","B03","7","5","1","8","2","8","","23","23","1","4","8","B03","24.198491","120.568952","2"
"2019","7","15","6","55","臺中市","南屯區","0","1","0","8","1","5","50","14","9","1","5","4","5","7","4","4","1","4","5","2","29","23","2","9","1","1","C03","7","9","1","10","2","12","","23","23","1","21","8","C03","24.137745","120.646502","2"
"2019","7","15","7","4","臺中市","大甲區","0","2","0","8","1","5","50","5","1","1","5","4","5","7","4","4","10","5","5","2","16","23","2","7","1","1","C03","7","5","1","10","2","11","","23","23","1","4","8","C03","24.35224","120.624988","2"
"2019","7","15","7","6","臺中市","沙鹿區","0","0","0","8","","","50","","","","","","","","","","","","","","","","","","","","B03","","","1","","2","","","12","","1","22","","B03","24.244767","120.57206","3"
"2019","7","15","7","20","臺中市","南屯區","0","1","0","8","1","5","50","4","1","1","5","4","5","7","2","1","10","5","5","2","16","1","3","10","1","1","B03","7","6","1","8","2","6","","1","1","1","22","9","B03","24.143827","120.646851","2"
"2019","7","15","7","26","臺中市","西屯區","0","2","0","8","1","5","40","4","2","1","5","4","5","7","1","1","10","5","5","2","17","43","2","9","3","4","C03","7","6","1","10","2","11","","43","43","1","22","8","C03","24.20438","120.629326","2"
"2019","7","15","7","31","臺中市","沙鹿區","0","1","0","8","1","5","40","14","8","1","5","4","5","7","4","4","1","4","4","2","13","43","2","9","1","1","C03","7","9","1","10","2","11","","43","43","1","21","8","C03","24.231042","120.566195","2"
"2019","7","15","7","35","臺中市","大甲區","0","1","0","8","1","5","50","14","7","1","5","4","5","7","1","1","1","4","4","1","17","26","2","9","1","1","C03","7","9","1","10","2","12","","26","26","1","21","8","C03","24.366085","120.641773","2"
"2019","7","15","7","40","臺中市","太平區","0","0","0","8","","","50","","","","","","","","","","","","","","","","","","","","B03","","","1","","2","","","23","","1","21","","B03","24.157388","120.733777","3"
"2019","7","15","7","44","臺中市","潭子區","0","0","0","8","","","50","","","","","","","","","","","","","","","","","","","","C03","","","1","","2","","","6","","1","22","","C03","24.216653","120.712608","3"
"2019","7","15","7","51","臺中市","北區","0","0","0","8","","","50","","","","","","","","","","","","","","","","","","","","B03","","","1","","2","","","26","","1","","","B03","24.151365","120.67713","3"
"2019","7","15","7","55","臺中市","龍井區","0","0","0","8","","","60","","","","","","","","","","","","","","","","","","","","B03","","","1","","2","","","23","","1","21","","B03","24.218471","120.542255","3"
"2019","7","15","8","0","臺中市","清水區","0","0","0","8","","","40","","","","","","","","","","","","","","","","","","","","B03","","","1","","2","","","12","","1","21","","B03","24.295346","120.615208","4"
"2019","7","15","8","4","臺中市","大甲區","0","2","0","8","1","5","50","14","8","1","5","4","5","7","4","4","9","5","5","1","6","51","2","7","1","1","H01","8","18","8","20","2","16","","51","51","1","16","2","H01","24.346926","120.637165","2"
"2019","7","15","8","4","臺中市","潭子區","0","0","0","8","","","40","","","","","","","","","","","","","","","","","","","","B02","","","1","","2","","","23","","1","22","","B02","24.20011","120.707206","3"
"2019","7","15","8","14","臺中市","北區","0","0","0","8","","","50","","","","","","","","","","","","","","","23","","","","","B03","","","1","","2","","","23","23","1","20","","B03","24.169346","120.678904","3"
"2019","7","15","8","15","臺中市","西屯區","0","0","0","8","","","40","","","","","","","","","","","","","","","","","","","","C03","","","1","","2","","","43","","1","","","C03","24.159175","120.639624","3"
"2019","7","15","8","21","臺中市","西區","0","2","0","8","1","5","50","4","1","1","5","4","5","7","1","1","5","5","5","2","16","6","2","9","1","1","C03","7","5","1","10","2","12","","6","6","1","22","8","C03","24.152964","120.669696","2"
"2019","7","15","8","22","臺中市","梧棲區","0","2","0","8","1","5","50","4","1","1","5","4","5","7","4","4","10","5","5","2","16","16","2","9","3","4","F03","7","9","8","20","2","16","","16","16","1","21","8","F03","24.25797","120.534025","2"
"2019","7","15","8","25","臺中市","西區","0","1","0","8","1","5","40","14","8","1","5","4","5","7","4","4","1","4","5","2","17","7","2","9","1","1","C03","7","7","1","10","2","13","","7","7","1","22","9","C03","24.156471","120.66039","2"
"2019","7","15","8","25","臺中市","西屯區","0","0","0","8","","","50","","","","","","","","","","","","","","","","","","","","B02","","","1","","2","","","23","","1","22","","B02","24.162604","120.629126","3"
"2019","7","15","8","25","臺中市","西屯區","0","0","0","8","","","50","","","","","","","","","","","","","","","16","","","","","B03","","","1","","2","","","44","16","1","22","","B03","24.166111","120.652143","3"
"2019","7","15","8","27","臺中市","北屯區","0","1","0","8","1","5","50","3","1","1","5","4","5","7","1","1","10","5","5","2","16","43","3","10","1","1","B03","7","5","1","8","2","1","","43","43","1","22","8","B03","24.182697","120.665679","2"
"2019","7","15","8","28","臺中市","北屯區","0","1","0","8","1","5","50","14","9","1","5","4","5","7","4","4","5","4","5","2","17","16","2","9","1","1","C03","7","9","1","10","2","11","14","16","16","1","5","8","C03","24.17443","120.715355","2"
"2019","7","15","8","30","臺中市","南屯區","0","1","0","8","1","5","50","4","1","1","5","4","5","7","2","1","8","4","4","2","17","25","2","9","1","1","C03","7","9","1","10","2","12","","25","25","1","22","8","C03","24.146865","120.646793","2"
"2019","7","15","8","33","臺中市","北屯區","0","1","0","8","1","5","40","3","1","1","5","4","5","7","4","4","10","5","5","2","13","6","2","9","1","1","C03","7","5","1","10","2","13","","6","6","1","20","8","C03","24.1815","120.6675","2"
"2019","7","15","8","42","臺中市","西區","0","1","0","8","1","5","50","4","18","1","5","4","5","7","1","1","10","5","5","2","3","15","3","10","1","1","B03","7","5","1","8","2","8","","15","15","1","21","8","B03","24.13506","120.676969","2"
"2019","7","15","8","46","臺中市","北屯區","0","2","0","8","1","5","50","4","1","1","5","4","5","7","1","1","10","5","5","2","12","8","2","9","1","1","C03","7","5","3","18","2","14","","8","8","1","20","8","C03","24.185631","120.663871","2"
"2019","7","15","8","47","臺中市","東區","0","1","0","8","1","5","40","3","1","1","5","4","5","7","4","4","10","5","5","2","16","6","2","3","1","1","C03","7","5","1","10","2","14","","6","6","1","22","8","C03","24.132158","120.705521","2"
"2019","7","15","8","51","臺中市","西屯區","0","0","0","8","","","50","","","","","","","","","","","","","","","","","","","","B03","","","1","","2","","","23","","1","","","B03","24.1712","120.635998","3"
"2019","7","15","8","52","臺中市","西屯區","0","0","0","8","1","5","50","14","9","1","5","4","5","7","4","4","8","4","5","2","16","17","3","10","3","4","B12","7","9","1","8","9","4","","17","17","2","22","9","B12","24.173949","120.644728","3"
"2019","7","15","8","52","臺中市","清水區","0","1","0","8","1","5","60","4","2","1","5","4","5","7","1","1","1","5","5","1","12","26","3","10","1","1","B12","7","9","1","8","2","3","","26","26","1","21","8","B12","24.273435","120.558754","2"
"2019","7","15","8","53","臺中市","北區","0","2","0","8","1","5","50","14","9","1","5","4","5","7","4","4","5","5","5","2","16","26","2","8","3","4","C03","7","5","1","10","2","14","","26","26","1","22","9","C03","24.160468","120.682048","2"
"2019","7","15","9","0","臺中市","北屯區","0","1","0","8","1","5","50","14","7","1","5","4","5","7","4","4","9","5","5","2","13","16","2","9","1","1","C03","7","9","1","10","2","11","","16","16","1","22","8","C03","24.182794","120.692745","2"
"2019","7","15","9","0","臺中市","潭子區","0","1","0","8","1","5","60","4","1","1","5","4","5","7","1","1","1","4","5","1","16","9","3","10","1","1","B03","7","6","1","8","2","6","","9","9","1","6","8","B03","24.201278","120.703481","2"
"2019","7","15","9","8","臺中市","南屯區","0","0","0","8","","","50","","","","","","","","","","","","","","","","","","","","B03","","","1","","2","","","23","","1","22","","B03","24.135975","120.64503","3"
"2019","7","15","9","17","臺中市","西區","0","1","0","8","1","5","50","4","2","1","5","4","5","7","1","1","1","2","4","2","14","12","3","10","1","1","B12","7","2","1","8","2","3","","12","12","1","21","8","B12","24.144113","120.669781","2"
"2019","7","15","9","20","臺中市","西屯區","0","0","0","8","","","50","","","","","","","","","","","","","","","","","","","","B03","","","1","","2","","","16","","1","","","B03","24.196145","120.625165","3"
"2019","7","15","9","25","臺中市","大雅區","0","2","0","8","1","5","50","11","9","1","5","4","5","7","4","4","5","2","4","1","17","23","2","9","1","1","C03","7","9","2","18","2","11","12","23","23","1","22","9","C03","24.244977","120.657925","2"
"2019","7","15","9","30","臺中市","大甲區","0","0","0","8","","","50","","","","","","","","","","","","","","","","","","","","C03","","","1","","2","","","42","","1","9","","C03","24.353854","120.630238","3"
"2019","7","15","9","35","臺中市","西屯區","0","2","0","8","1","5","50","4","1","1","5","4","5","7","1","1","3","4","5","2","16","7","2","9","3","4","C03","7","9","1","10","2","11","","44","7","1","22","8","C03","24.192673","120.606567","2"
"2019","7","15","9","38","臺中市","潭子區","0","2","0","8","1","5","50","4","1","1","5","4","5","7","1","1","10","5","5","2","15","25","2","9","1","1","C03","7","9","1","10","2","12","","25","25","1","22","8","C03","24.211326","120.707173","2"
"2019","7","15","9","38","臺中市","大雅區","0","1","0","8","1","5","50","3","1","1","5","4","5","7","4","4","10","4","5","1","16","6","3","10","1","1","B03","7","6","1","8","2","5","","6","6","1","22","9","B03","24.233621","120.638144","2"
"2019","7","15","9","52","臺中市","西屯區","0","0","0","8","","","50","","","","","","","","","","","","","","","","","","","","B03","","","1","","2","","","42","","1","22","","B03","24.193883","120.659125","3"
"2019","7","15","10","6","臺中市","北屯區","0","0","0","8","","","50","","","","","","","","","","","","","","","","","","","","B03","","","1","","2","","","23","","1","4","","B03","24.173428","120.66763","3"
"2019","7","15","10","8","臺中市","北區","0","0","0","8","","","50","","","","","","","","","","","","","","","12","","","","","B12","","","1","8","11","","","12","12","2","","","B12","24.154925","120.684719","3"
"2019","7","15","10","24","臺中市","西屯區","0","2","0","8","1","5","40","14","8","1","5","4","5","7","4","4","5","5","4","2","12","7","2","9","3","4","C03","7","7","1","10","2","14","","7","7","1","22","8","C03","24.155996","120.653581","2"
"2019","7","15","10","40","臺中市","豐原區","0","0","0","8","","","50","","","","","","","","","","","","","","","43","","","","","B03","","","7","","11","","","43","43","1","","","B03","24.25321","120.717564","3"
"2019","7","15","10","45","臺中市","北屯區","0","2","0","8","1","5","50","4","2","1","5","4","5","7","1","1","9","5","5","2","13","23","2","7","1","1","C03","7","9","1","10","2","11","","23","23","1","22","8","C03","24.185671","120.663989","2"
"2019","7","15","10","47","臺中市","西區","0","1","0","8","1","5","50","4","1","1","5","4","5","7","1","1","3","4","4","2","16","6","3","10","1","1","B12","7","6","1","8","2","5","","6","6","1","22","8","B12","24.130929","120.66607","2"
"2019","7","15","10","50","臺中市","北區","0","0","0","8","1","5","50","","","","","","","","","","","","","","","","","","","","B12","","","1","","2","","","7","","1","5","","B12","24.164458","120.685087","3"
"2019","7","15","10","53","臺中市","太平區","0","0","0","8","1","1","80","10","9","1","5","4","5","7","4","4","10","3","4","1","13","16","3","10","1","1","B12","7","12","1","8","2","1","","16","16","1","21","8","B12","24.151887","120.715394","3"
"2019","7","15","10","53","臺中市","太平區","0","2","0","8","1","5","80","14","7","1","5","4","5","7","4","4","1","4","5","2","17","16","3","10","1","1","B11","7","9","1","2","2","5","8","16","16","1","21","8","B11","24.151887","120.715394","2"
"2019","7","15","11","0","臺中市","西區","0","0","0","8","","","50","","","","","","","","","","","","","","","","","","","","B03","","","1","","2","","","12","","1","22","","B03","24.14093","120.670458","3"
"2019","7","15","11","27","臺中市","潭子區","0","1","0","8","1","5","40","14","9","1","5","4","3","7","4","4","10","5","5","2","11","14","3","10","1","1","C03","7","6","1","10","2","14","","14","14","1","5","4","C03","24.212335","120.703536","2"
"2019","7","15","11","34","臺中市","南屯區","0","1","0","8","1","5","50","4","2","1","5","4","5","7","4","4","8","4","5","2","12","19","2","9","1","1","C03","7","1","1","10","2","14","","19","19","1","22","8","C03","24.142446","120.647808","2"
"2019","7","15","11","34","臺中市","梧棲區","0","1","0","8","1","5","60","3","2","1","5","4","5","7","3","1","1","4","3","1","16","26","3","10","1","1","B02","7","6","1","8","2","2","","26","26","1","4","8","B02","24.250422","120.534555","2"
"2019","7","15","11","35","臺中市","北區","0","0","0","8","","","50","","","","","","","","","","","","","","","","","","","","B03","","","1","","2","","","23","","1","","","B03","24.156538","120.685315","3"
"2019","7","15","11","42","臺中市","南區","0","0","0","8","","","40","","","","","","","","","","","","","","","","","","","","B03","","","1","","2","","","12","","1","","","B03","24.133598","120.679446","3"
"2019","7","15","11","42","臺中市","龍井區","0","1","0","8","1","5","40","3","1","1","5","4","5","7","1","1","10","5","5","2","16","8","3","10","3","4","B12","7","9","1","8","2","6","","43","8","1","22","9","B12","24.188265","120.578882","2"
"2019","7","15","12","0","臺中市","北屯區","0","1","0","8","2","7","80","14","16","1","5","4","5","7","4","4","9","4","5","1","13","23","2","9","1","1","B11","7","9","1","8","2","1","","23","23","1","10","8","B11","24.164418","120.719957","2"
"2019","7","15","12","1","臺中市","南屯區","0","2","0","8","1","5","50","3","1","1","5","4","5","7","2","1","10","5","5","2","16","6","2","9","1","1","C03","7","5","1","10","2","12","","6","6","1","21","8","C03","24.149805","120.615891","2"
"2019","7","15","12","1","臺中市","沙鹿區","0","1","0","8","1","5","60","3","1","1","5","4","5","7","1","1","10","5","5","2","17","9","3","10","1","1","B03","7","6","1","8","2","7","","9","9","1","21","8","B03","24.209758","120.581293","2"
"2019","7","15","12","8","臺中市","清水區","0","0","0","8","","","50","","","","","","","","","","","","","","","","","","","","B03","","","1","","2","","","42","","1","21","","B03","24.273614","120.57825","4"
"2019","7","15","12","17","臺中市","北屯區","0","0","0","8","","","50","","","","","","","","","","","","","","","42","","","","","B03","","","1","","2","","","42","42","1","5","","B03","24.17059","120.697595","3"
"2019","7","15","12","19","臺中市","南屯區","0","1","0","8","1","5","40","3","1","1","5","4","5","7","1","1","10","5","5","2","16","6","3","10","1","1","B03","7","6","1","8","2","5","","6","6","1","22","8","B03","24.152135","120.624207","2"
"2019","7","15","12","23","臺中市","北屯區","0","1","0","8","1","5","50","4","1","1","5","4","4","7","1","1","10","5","5","2","16","6","3","10","1","1","B03","7","6","1","8","2","5","","6","6","1","5","8","B03","24.1705","120.6912","2"
"2019","7","15","12","28","臺中市","北屯區","0","0","0","8","","","50","","","","","","","","","","","","","","","9","","","","","B03","","","1","","2","","","9","9","1","21","","B03","24.173168","120.686516","3"
"2019","7","15","12","32","臺中市","西屯區","0","0","0","8","","","50","","","","","","","","","","","","","","","","","","","","","","","7","","11","","","43","","1","","","","24.19061","120.595284","3"
"2019","7","15","12","45","臺中市","西屯區","0","0","0","8","","","40","","","","","","","","","","","","","","","","","","","","B03","","","1","","2","","","12","","1","22","","B03","24.158323","120.643592","3"
"2019","7","15","12","47","臺中市","西區","0","0","0","8","","","60","","","","","","","","","","","","","","","","","","","","B03","","","1","","2","","","7","","1","22","","B03","24.147853","120.673348","3"
"2019","7","15","12","48","臺中市","東區","0","1","0","8","1","5","50","4","1","1","5","4","3","5","4","4","10","5","5","2","15","6","2","9","1","1","C03","7","9","1","10","2","11","","6","6","1","22","8","C03","24.133997","120.683748","2"
"2019","7","15","12","50","臺中市","烏日區","0","1","0","8","1","5","50","4","1","1","5","4","5","7","2","1","1","4","5","2","16","25","3","10","1","1","B02","7","5","1","8","2","1","","25","25","1","21","8","B02","24.11719","120.614212","2"
"2019","7","15","13","5","臺中市","大甲區","0","0","0","8","","","50","","","","","","","","","","","","","","","","","","","","B03","","","1","","2","","","6","","1","9","","B03","24.34815","120.620464","3"
"2019","7","15","13","20","臺中市","外埔區","0","0","0","8","","","40","","","","","","","","","","","","","","","6","","","","","B03","","","1","","2","","","6","6","1","","","B03","24.332293","120.664533","3"
"2019","7","15","13","31","臺中市","清水區","0","0","0","8","","","50","","","","","","","","","","","","","","","","","","","","B03","","","1","","2","","","18","","1","20","","B03","24.270774","120.575283","3"
"2019","7","15","13","35","臺中市","南屯區","0","0","0","8","","","50","","","","","","","","","","","","","","","","3","","","","B03","","","1","","2","","","25","","1","22","","B03","24.146943","120.626076","3"
"2019","7","15","13","36","臺中市","梧棲區","0","1","0","8","1","5","50","3","1","1","5","4","3","7","4","4","10","5","5","2","16","4","2","9","1","1","C03","7","9","1","10","2","11","","4","4","1","19","8","C03","24.262889","120.53266","2"
"2019","7","15","13","41","臺中市","北區","0","0","0","8","","","40","","","","","","","","","","","","","","","","","","","","B03","","","1","","2","","","12","","1","5","","B03","24.163853","120.673811","3"
"2019","7","15","13","47","臺中市","南區","0","2","0","8","1","5","50","3","2","1","5","4","5","7","4","4","5","5","4","2","16","8","2","9","1","1","C03","7","5","1","10","2","14","","8","8","1","22","8","C03","24.133598","120.679446","2"
"2019","7","15","13","48","臺中市","北區","0","1","0","8","1","5","50","4","2","1","5","4","5","7","1","1","1","4","4","2","16","25","2","9","1","1","C03","7","5","1","10","2","12","","44","25","1","21","8","C03","24.159356","120.66618","2"
"2019","7","15","13","49","臺中市","西屯區","0","2","0","8","1","5","40","14","8","1","5","4","5","7","4","4","5","4","4","2","16","7","2","9","1","1","C03","7","7","1","10","2","14","","7","7","1","22","8","C03","24.16845","120.639641","2"
"2019","7","15","13","50","臺中市","清水區","0","0","0","","","","40","","","","","","","","","","","","","","","","","","","","B03","","","1","","2","","","12","","1","21","","B03","24.27106","120.578045","3"
"2019","7","15","13","55","臺中市","太平區","0","1","0","8","1","5","50","5","1","1","5","4","5","7","2","1","10","5","5","2","12","9","2","9","1","1","C03","7","9","1","10","2","14","","23","9","1","19","5","C03","24.134833","120.710097","2"
"2019","7","15","13","57","臺中市","沙鹿區","0","0","0","8","","","50","","","","","","","","","","","","","","","","","","","","B03","","","1","","2","","","16","","","4","","B03","24.236919","120.568578","3"
"2019","7","15","13","59","臺中市","南屯區","0","0","0","8","","","50","","","","","","","","","","","","","","","","","","","","B03","","","1","","2","","","12","","1","22","","B03","24.150776","120.65257","3"
"2019","7","15","14","3","臺中市","北區","0","0","0","8","","","40","","","","","","","","","","","","","","","","","","","","B03","","","3","","2","","","23","","1","22","","B03","24.153564","120.682568","3"