"年","月","日","時","分","縣市","區","死","受傷","2-30","天候","光線","道路類別","速限","道路型態","事故位置","路面鋪裝","路面狀態","路面缺陷","障礙物","視距","號誌種類","號誌動作","分向設施","快車道或一般車道間","快慢車道間","路面邊線","事故類型及型態","主要肇因","受傷程度","主要傷處","保護裝備","行動電話","當事者區分_類別","車輛用途","當事者行動狀態","駕駛資格情形","駕駛執照種類","飲酒情形","車輛撞擊部位最初","車輛撞擊部位其他","肇事因素個別","肇事因素主要","肇事逃逸","職業","旅次目的","車種","GPS座標_緯度","GPS座標_經度","事故類別"
"2019","7","15","14","14","臺中市","西屯區","0","0","0","8","","","50","","","","","","","","","","","","","","","","","","","","B12","","","1","","2","","","12","","1","","","B12","24.171541","120.637096","3"
"2019","7","15","14","19","臺中市","北區","0","0","0","8","","","50","","","","","","","","","","","","","","","","","","","","C03","","","1","","2","","","23","","1","22","","C03","24.157596","120.681063","3"
"2019","7","15","14","20","臺中市","西屯區","0","0","0","8","","","40","","","","","","","","","","","","","","","","","","","","C03","","","1","","2","","","23","","1","22","","C03","24.168024","120.657899","3"
"2019","7","15","14","21","臺中市","北屯區","0","1","0","8","1","5","40","3","1","1","5","4","5","7","1","1","10","5","5","2","12","7","2","9","1","1","C03","7","10","4","8","2","14","","7","7","1","19","8","C03","24.174403","120.696713","2"
"2019","7","15","14","38","臺中市","西區","0","0","0","8","","","60","","","","","","","","","","","","","","","23","3","","","","B12","","","1","","2","","","23","23","1","21","","B12","24.155831","120.662107","3"
"2019","7","15","14","53","臺中市","西屯區","0","0","0","8","","","50","","","","","","","","","","","","","","","","","","","","A11","","","1","","2","","","43","","1","22","","A11","24.178393","120.614804","3"
"2019","7","15","14","55","臺中市","南屯區","0","1","0","8","1","5","50","14","7","1","5","4","5","7","4","4","5","4","5","2","12","7","2","8","1","1","C03","7","7","1","10","2","14","","7","7","1","22","9","C03","24.139336","120.649964","2"
"2019","7","15","15","0","臺中市","梧棲區","0","2","0","8","1","5","70","4","1","1","5","4","5","7","1","1","10","5","5","2","16","9","3","10","1","1","B12","7","6","1","3","2","2","","9","9","1","3","8","B12","24.253866","120.52483","2"
"2019","7","15","15","7","臺中市","大雅區","0","0","0","8","","","50","","","","","","","","","","","","","","","","","","","","B12","","","1","","2","","","12","","1","","","B12","24.224126","120.646091","3"
"2019","7","15","15","9","臺中市","西區","0","1","0","8","1","5","50","14","9","1","5","4","3","5","4","4","9","4","5","2","16","19","3","10","1","1","B12","7","1","1","8","2","4","","19","19","1","21","8","B12","24.151325","120.659043","2"
"2019","7","15","15","26","臺中市","南屯區","0","0","0","8","","","50","","","","","","","","","","","","","","","","","","","","B03","","","1","","2","","","12","","1","22","","B03","24.1383","120.611458","3"
"2019","7","15","15","33","臺中市","西屯區","0","1","0","8","1","5","50","4","1","1","5","4","5","7","1","1","5","2","4","2","16","8","3","10","3","4","B03","7","5","1","8","2","6","","8","8","1","22","8","B03","24.186296","120.622191","2"
"2019","7","15","15","35","臺中市","北區","0","0","0","8","","","50","","","","","","","","","","","","","","","38","","","","","B12","","","1","8","2","","","44","38","1","","","B12","24.167046","120.682559","3"
"2019","7","15","15","35","臺中市","沙鹿區","0","0","0","8","","","50","","","","","","","","","","","","","","","","","","","","B03","","","1","","1","","","10","","2","20","","B03","24.237943","120.559841","3"
"2019","7","15","15","37","臺中市","太平區","0","1","0","8","1","5","50","14","9","1","5","4","5","7","4","4","5","5","5","2","12","9","3","10","1","1","B03","7","6","1","8","2","5","","9","9","1","20","5","B03","24.12682","120.710954","2"
"2019","7","15","15","38","臺中市","北屯區","0","0","0","8","","","50","","","","","","","","","","","","","","","","","","","","B01","","","1","","2","","","16","","1","10","","B01","24.1724","120.6828","3"
"2019","7","15","15","43","臺中市","南屯區","0","0","0","8","","","50","","","","","","","","","","","","","","","","","","","","B03","","","1","","2","","","25","","1","","","B03","24.152378","120.64968","3"
"2019","7","15","15","55","臺中市","南屯區","0","0","0","8","","","50","","","","","","","","","","","","","","","","","","","","B11","","","6","","2","","","23","","1","","","B11","24.133856","120.646285","3"
"2019","7","15","16","5","臺中市","西區","0","0","0","8","","","50","","","","","","","","","","","","","","","","","","","","B03","","","1","","2","","","26","","1","","","B03","24.149507","120.665263","4"
"2019","7","15","16","10","臺中市","中區","0","2","0","8","1","5","50","4","1","1","5","4","5","7","4","4","4","4","5","2","15","6","2","9","1","1","C03","7","9","1","10","2","11","","6","6","1","22","8","C03","24.139715","120.682641","2"
"2019","7","15","16","24","臺中市","北區","0","2","0","8","1","5","50","4","2","1","5","4","5","7","4","4","5","4","5","2","3","4","3","10","1","1","B03","7","9","1","8","2","5","","4","4","1","22","8","B03","24.147209","120.674035","2"
"2019","7","15","16","26","臺中市","西區","0","0","0","8","","","50","","","","","","","","","","","","","","","","","","","","B11","","","1","","2","","","23","","1","21","","B11","24.137942","120.679913","3"
"2019","7","15","16","27","臺中市","太平區","0","2","0","8","1","5","50","4","1","1","5","4","5","7","2","1","5","4","5","2","16","25","2","9","1","1","C03","7","5","1","10","2","11","","25","25","1","21","8","C03","24.155719","120.723089","2"
"2019","7","15","16","37","臺中市","霧峰區","0","0","0","8","1","5","70","5","1","1","5","4","5","7","1","1","10","5","5","2","12","3","3","10","1","1","B12","7","15","1","8","2","5","","3","3","1","9","8","B12","24.013361","120.695481","3"
"2019","7","15","16","42","臺中市","西屯區","0","1","0","8","1","5","50","4","1","1","5","4","5","7","1","1","10","5","5","2","13","23","3","10","1","1","C03","7","9","1","10","2","11","","23","23","1","21","8","C03","24.178865","120.645103","2"
"2019","7","15","16","44","臺中市","西區","0","1","0","8","1","5","50","4","1","1","5","4","5","7","4","4","10","4","5","2","15","6","2","1","1","1","B03","7","9","1","8","2","6","","6","6","1","22","8","B03","24.14645","120.673333","2"
"2019","7","15","16","44","臺中市","北屯區","0","0","0","8","","","50","","","","","","","","","","","","","","","23","","","","","B03","","","1","","2","","","23","23","1","21","","B03","24.182838","120.701964","3"
"2019","7","15","16","47","臺中市","西屯區","0","1","0","8","1","5","50","4","1","1","5","4","5","7","1","1","10","5","5","2","16","6","3","10","1","1","B03","7","6","1","8","2","2","","6","6","1","21","8","B03","24.169815","120.666249","2"
"2019","7","15","16","48","臺中市","南屯區","0","0","0","","","","","","","","","","","","","","","","","","","","","","","","B12","","","1","","3","","","23","","1","21","","B12","24.143158","120.622805","3"
"2019","7","15","16","50","臺中市","北屯區","0","1","0","8","1","5","50","5","22","1","5","4","5","7","2","1","10","5","5","2","17","43","2","8","1","1","B03","7","9","3","18","2","3","","43","43","1","21","8","B03","24.182784","120.699321","2"
"2019","7","15","16","54","臺中市","東區","0","0","0","8","","","50","","","","","","","","","","","","","","","","3","","","","B03","","","1","","2","","","23","","1","21","","B03","24.112943","120.67012","3"
"2019","7","15","17","0","臺中市","沙鹿區","0","0","0","8","","","50","","","","","","","","","","","","","","","","","","","","C03","","","1","","2","","","18","","","4","","C03","24.234823","120.558624","3"
"2019","7","15","17","6","臺中市","清水區","0","3","0","8","1","5","50","4","1","1","5","4","5","7","2","1","9","4","5","1","15","25","2","9","1","1","C03","7","9","1","10","2","12","","25","25","1","19","8","C03","24.267248","120.56084","2"
"2019","7","15","17","10","臺中市","烏日區","0","2","0","8","1","5","50","4","1","1","5","4","5","7","4","4","4","3","4","1","16","8","2","9","1","1","C03","7","5","1","10","2","14","","8","8","1","22","8","C03","24.07979","120.643398","2"
"2019","7","15","17","24","臺中市","沙鹿區","0","3","0","8","1","5","40","3","1","1","5","4","5","7","4","4","9","5","5","2","16","6","2","9","1","1","C03","7","9","1","10","2","14","","6","6","1","4","8","C03","24.217283","120.549073","2"
"2019","7","15","17","28","臺中市","南屯區","0","1","0","8","1","5","50","4","1","1","5","4","5","7","2","1","10","5","5","2","3","15","3","10","1","1","B12","7","9","1","8","11","5","","15","15","2","21","8","B12","24.150899","120.652988","2"
"2019","7","15","17","33","臺中市","大雅區","0","1","0","8","1","5","50","4","1","1","5","4","5","7","1","1","3","4","4","1","17","25","3","10","1","1","C03","7","9","1","10","2","15","","25","25","1","21","8","C03","24.219905","120.660092","2"
"2019","7","15","17","34","臺中市","西區","0","1","0","8","1","5","50","4","1","1","5","4","5","7","4","4","10","5","5","2","15","6","3","10","1","1","B03","7","9","1","8","2","5","","6","6","1","21","8","B03","24.140007","120.669593","2"
"2019","7","15","17","34","臺中市","東區","0","0","0","8","","","80","","","","","","","","","","","","","","","16","","","","","B12","","","1","","2","","","16","16","1","10","","B12","24.128763","120.705732","3"
"2019","7","15","17","37","臺中市","南區","0","1","0","8","2","5","50","4","2","1","5","4","5","7","1","1","10","5","5","2","17","26","2","9","1","1","C03","7","5","1","10","2","14","","26","26","1","21","8","C03","24.130121","120.673124","2"
"2019","7","15","17","40","臺中市","龍井區","0","2","0","8","1","5","50","4","2","1","5","4","5","7","4","4","5","5","5","1","17","23","3","10","3","4","B03","7","9","1","8","2","5","","23","23","1","22","9","B03","24.174908","120.581419","2"
"2019","7","15","17","42","臺中市","西屯區","0","1","0","8","1","5","50","14","8","1","5","4","5","7","4","4","1","4","5","2","16","42","2","9","3","4","C03","7","9","1","10","2","15","","42","42","1","22","8","C03","24.197938","120.650796","2"
"2019","7","15","17","45","臺中市","南屯區","0","0","0","8","","","50","","","","","","","","","","","","","","","","","","","","B12","","","1","","2","","","6","","1","","","B12","24.137958","120.653806","3"
"2019","7","15","17","45","臺中市","太平區","0","1","0","8","1","5","50","4","1","1","5","4","5","7","1","1","10","5","5","2","17","25","3","10","1","1","C03","7","15","1","10","2","12","","25","25","1","21","8","C03","24.130565","120.720817","2"
"2019","7","15","17","50","臺中市","北區","0","1","0","8","1","5","50","4","2","1","5","4","5","7","4","4","6","1","5","2","12","44","3","10","1","1","B01","7","9","1","4","2","5","","23","44","1","5","8","B01","24.148726","120.675456","2"
"2019","7","15","17","54","臺中市","北屯區","0","4","0","8","1","5","50","5","1","5","5","4","5","7","2","1","10","5","5","2","13","16","2","8","1","1","C03","7","9","1","10","2","11","","16","16","1","5","8","C03","24.170233","120.697778","2"
"2019","7","15","17","57","臺中市","烏日區","0","1","0","8","2","5","50","14","9","1","5","4","5","7","4","4","5","5","4","1","13","16","3","10","1","1","A12","7","7","1","7","2","5","","16","16","1","21","8","A12","24.104143","120.636076","2"
"2019","7","15","18","0","臺中市","南屯區","0","1","0","8","1","5","50","14","7","1","5","4","5","7","4","4","5","4","4","2","16","26","3","10","3","4","B03","7","5","1","8","2","4","","26","26","1","22","8","B03","24.1361","120.61179","2"
"2019","7","15","18","0","臺中市","后里區","0","1","0","8","1","5","50","14","12","1","5","4","5","7","4","4","1","4","4","1","16","7","3","10","3","4","B03","7","8","1","8","2","2","","7","7","1","21","8","B03","24.313086","120.697941","2"
"2019","7","15","18","0","臺中市","大甲區","0","3","0","8","1","5","50","3","1","1","5","4","5","7","1","1","10","5","5","2","9","67","2","9","4","5","H01","8","20","8","20","10","16","","67","67","1","22","9","H01","24.348009","120.624482","2"
"2019","7","15","18","5","臺中市","南區","0","1","0","8","1","5","50","14","9","1","5","4","5","7","4","4","1","4","5","2","13","23","3","10","1","1","B03","7","9","1","8","2","1","","23","23","1","5","8","B03","24.121112","120.649603","2"
"2019","7","15","18","9","臺中市","西屯區","0","0","0","8","","","50","","","","","","","","","","","","","","","","","","","","B03","","","1","","2","","","23","","1","","","B03","24.170578","120.632329","3"
"2019","7","15","18","15","臺中市","西屯區","0","0","0","8","1","5","50","14","8","1","5","4","5","7","4","4","8","4","4","2","14","12","3","10","3","4","B11","7","2","1","8","9","3","","12","12","2","22","9","B11","24.16718","120.662135","3"
"2019","7","15","18","16","臺中市","大里區","0","0","0","8","","","50","","","","","","","","","","","","","","","","","","","","B03","","","6","","2","","","23","","1","21","","B03","24.094761","120.687991","3"
"2019","7","15","18","21","臺中市","西屯區","0","0","0","8","","","50","","","","","","","","","","","","","","","","","","","","C03","","","1","","2","","","23","","1","22","","C03","24.195006","120.64405","3"
"2019","7","15","18","25","臺中市","西區","0","0","0","8","","","50","","","","","","","","","","","","","","","","","","","","B03","","","1","","2","","","23","","1","21","","B03","24.158471","120.662224","4"
"2019","7","15","18","27","臺中市","南屯區","0","1","0","8","2","5","50","4","2","1","5","4","5","7","2","1","10","5","5","2","16","26","3","10","1","1","B03","7","6","1","8","2","6","","26","26","1","4","1","B03","24.148836","120.646808","2"
"2019","7","15","18","30","臺中市","北屯區","0","2","0","8","1","5","50","14","9","1","5","4","5","7","4","4","1","4","5","2","29","67","","","","","","","","","","","","","67","67","1","","","","24.173971","120.670948","2"
"2019","7","15","18","30","臺中市","大甲區","0","0","0","8","3","5","40","13","9","1","5","4","5","7","4","4","8","3","5","2","23","42","3","10","1","1","B03","7","9","1","8","2","2","","42","42","1","5","1","B03","24.405181","120.649321","3"
"2019","7","15","18","34","臺中市","西屯區","0","0","0","8","","","40","","","","","","","","","","","","","","","","","","","","C03","","","1","","2","","","6","","1","22","","C03","24.163674","120.63342","3"
"2019","7","15","18","45","臺中市","大雅區","0","0","0","8","","","40","","","","","","","","","","","","","","","","","","","","B03","","","1","","2","","","12","","1","21","","B03","24.221716","120.66108","3"
"2019","7","15","18","54","臺中市","南屯區","0","2","0","8","1","5","50","4","1","1","5","4","5","7","4","4","10","5","5","2","15","6","2","9","1","1","C03","7","9","1","10","2","12","","6","6","1","4","8","C03","24.137726","120.640657","2"
"2019","7","15","18","54","臺中市","太平區","0","0","0","8","","","50","","","","","","","","","","","","","","","","","","","","C03","","","1","","2","","","16","","1","5","","C03","24.133518","120.717183","3"
"2019","7","15","18","55","臺中市","南屯區","0","0","0","8","","","50","","","","","","","","","","","","","","","","","","","","B03","","","1","","2","","","7","","1","22","","B03","24.151946","120.649724","3"
"2019","7","15","19","5","臺中市","西屯區","0","1","0","8","2","5","50","4","1","1","5","4","5","7","2","1","10","5","5","2","16","6","2","9","1","1","C03","7","5","1","10","2","11","","6","6","1","19","8","C03","24.169136","120.660114","2"
"2019","7","15","19","7","臺中市","梧棲區","0","0","0","8","","","40","","","","","","","","","","","","","","","","","","","","B03","","","1","","2","","","12","","1","11","","B03","24.258342","120.554639","3"
"2019","7","15","19","9","臺中市","清水區","0","1","0","7","3","5","70","3","1","1","5","4","5","7","2","1","9","4","4","1","16","26","3","10","1","1","B03","7","6","1","8","2","5","","26","26","1","5","1","B03","24.295305","120.591688","2"
"2019","7","15","19","10","臺中市","西屯區","0","0","0","8","","","50","","","","","","","","","","","","","","","6","","","","","B01","","","1","","2","","","6","6","1","","","B01","24.160112","120.646281","3"
"2019","7","15","19","10","臺中市","沙鹿區","0","1","0","8","3","5","50","4","1","1","5","4","5","7","3","1","10","5","5","2","15","6","2","8","1","1","C03","7","9","1","10","2","13","","6","6","1","10","5","C03","24.253584","120.567761","2"
"2019","7","15","19","23","臺中市","北區","0","1","0","8","3","5","50","14","7","1","5","4","5","7","4","4","1","2","4","2","16","26","2","9","1","1","C04","7","7","3","18","2","14","","26","26","1","19","8","C04","24.15442","120.686777","2"
"2019","7","15","19","30","臺中市","北屯區","0","1","0","8","3","5","40","14","8","1","5","4","5","7","4","4","5","5","4","2","17","23","2","9","1","1","C03","7","9","1","10","2","12","14","23","23","1","4","8","C03","24.188","120.69","2"
"2019","7","15","19","33","臺中市","南區","0","1","0","8","1","5","50","4","1","1","5","4","5","7","4","4","10","5","5","2","15","6","3","10","1","1","B01","7","9","1","8","2","1","","6","6","1","21","8","B01","24.117638","120.655551","2"
"2019","7","15","19","53","臺中市","北區","0","0","0","8","","","50","","","","","","","","","","","","","","","","","","","","B01","","","1","","2","","","23","","","10","","B01","24.161295","120.675","3"
"2019","7","15","19","54","臺中市","西區","0","0","0","8","","","50","","","","","","","","","","","","","","","","","","","","B03","","","1","","2","","","23","","1","","","B03","24.150845","120.660178","4"
"2019","7","15","20","0","臺中市","大雅區","0","0","0","8","","","40","","","","","","","","","","","","","","","","","","","","B12","","","1","","2","","","12","","1","21","","B12","24.21678","120.677119","3"
"2019","7","15","20","10","臺中市","后里區","0","1","0","8","3","5","60","4","1","1","5","4","5","7","2","1","1","2","2","1","17","1","2","9","1","1","C03","7","4","1","10","2","12","","1","1","1","21","8","C03","24.303852","120.678687","2"
"2019","7","15","20","13","臺中市","西屯區","0","2","0","8","3","5","50","4","1","1","5","4","5","7","1","1","10","5","5","2","3","15","2","9","1","1","C03","7","9","6","10","3","11","","15","15","1","22","5","C03","24.18504","120.641433","2"
"2019","7","15","20","21","臺中市","東區","0","1","0","8","3","5","50","4","1","1","5","4","5","7","1","1","10","5","5","2","16","6","3","10","1","1","B03","7","5","1","8","2","6","","6","6","1","5","8","B03","24.14444","120.706101","2"
"2019","7","15","20","21","臺中市","西屯區","0","0","0","8","","","60","","","","","","","","","","","","","","","","","","","","B03","","","1","","2","","","42","","1","22","","B03","24.160163","120.63671","3"
"2019","7","15","20","25","臺中市","南區","0","0","0","8","","","50","","","","","","","","","","","","","","","19","","","","","B03","","","1","","2","","","19","19","1","5","","B03","24.116893","120.660546","3"
"2019","7","15","20","27","臺中市","沙鹿區","0","0","0","8","","","40","","","","","","","","","","","","","","","23","","","","","B03","","","1","","2","","","23","23","","","","B03","24.231326","120.572606","3"
"2019","7","15","20","38","臺中市","西屯區","0","1","0","8","3","5","50","14","9","1","5","4","5","7","4","4","1","4","5","2","16","7","3","10","3","4","B03","7","8","1","8","2","5","","7","7","1","22","8","B03","24.198346","120.656493","2"
"2019","7","15","20","38","臺中市","太平區","0","0","0","8","","","50","","","","","","","","","","","","","","","","","","","","B03","","","1","","2","","","42","","1","21","","B03","24.152642","120.717628","3"
"2019","7","15","20","38","臺中市","沙鹿區","0","2","0","8","3","5","50","3","1","1","5","4","5","7","1","1","9","5","4","2","16","6","2","7","1","1","C03","7","5","1","10","2","11","","6","6","1","18","8","C03","24.214966","120.57992","2"
"2019","7","15","20","50","臺中市","后里區","0","0","0","","","","","","","","","","","","","","","","","","","17","","","","","B03","","","1","","2","","","17","17","1","","","B03","24.307005","120.725791","3"
"2019","7","15","20","59","臺中市","西屯區","0","0","1","8","1","5","40","14","9","1","5","4","5","7","4","4","10","5","5","2","14","12","5","9","1","1","C03","7","2","1","10","2","13","","12","12","2","22","8","C03","24.186111","120.608206","2"
"2019","7","15","21","7","臺中市","大雅區","0","1","0","8","3","5","50","14","8","1","5","4","5","7","1","1","9","4","4","1","17","23","2","1","1","1","B03","7","9","3","18","3","1","","23","23","1","12","9","B03","24.2382","120.63287","2"
"2019","7","15","21","10","臺中市","后里區","0","1","0","8","3","5","50","4","1","1","5","4","5","7","2","1","1","2","4","1","16","25","3","10","1","1","B03","7","5","1","8","2","5","","25","25","1","21","8","B03","24.32127","120.725132","2"
"2019","7","15","21","18","臺中市","西屯區","0","2","0","8","3","5","50","4","1","1","5","4","5","7","1","1","10","5","5","2","13","16","2","9","1","1","B03","7","5","1","8","2","8","","16","16","1","21","8","B03","24.185893","120.637317","2"
"2019","7","15","21","27","臺中市","南屯區","0","1","0","8","3","5","50","4","1","1","5","4","5","7","2","1","1","2","5","2","16","9","3","10","1","1","B03","7","6","1","8","2","5","","9","9","1","21","8","B03","24.150994","120.650476","2"
"2019","7","15","21","30","臺中市","大甲區","0","2","0","8","3","5","50","4","1","1","5","4","5","7","1","1","10","5","5","2","16","6","2","9","1","4","C03","7","6","3","18","2","11","","6","6","1","21","8","C03","24.351335","120.627694","2"
"2019","7","15","21","44","臺中市","東區","0","0","0","8","","","50","","","","","","","","","","","","","","","","3","","","","B03","","","1","","2","","","23","","1","21","","B03","24.127446","120.690386","3"
"2019","7","15","21","52","臺中市","北區","0","1","0","8","3","5","50","3","1","1","5","4","5","7","1","1","10","5","5","2","17","23","3","10","3","4","B03","7","1","1","8","2","8","8","23","23","1","22","9","B03","24.16685","120.669251","2"
"2019","7","15","21","55","臺中市","東區","0","0","0","8","","","50","","","","","","","","","","","","","","","23","","","","","B03","","","1","","2","","","23","23","1","5","","B03","24.137506","120.705614","3"
"2019","7","15","21","56","臺中市","西屯區","0","0","0","8","","","0","","","","","","","","","","","","","","","","","","","","B03","","","1","","2","","","26","","1","22","","B03","24.183455","120.635741","3"
"2019","7","15","22","0","臺中市","東勢區","0","0","0","8","","","60","","","","","","","","","","","","","","","","","","","","B03","","","1","","2","","","12","","1","21","","B03","24.24434","120.83299","3"
"2019","7","15","22","11","臺中市","西屯區","0","1","0","8","3","5","40","3","2","1","5","4","5","7","1","1","5","4","5","2","13","23","3","10","3","4","B03","7","9","1","8","2","1","","23","23","1","22","8","B03","24.19849","120.656538","2"
"2019","7","15","22","42","臺中市","北區","0","2","0","8","3","5","50","4","2","1","5","4","5","7","1","1","1","4","5","2","16","25","2","8","1","1","C04","7","6","1","11","2","14","","25","25","1","21","8","C04","24.173399","120.676196","2"
"2019","7","15","22","56","臺中市","西屯區","0","1","0","8","3","5","50","14","9","1","5","4","5","7","4","4","10","5","5","2","12","7","3","10","1","1","B03","7","8","1","8","2","2","","7","7","1","21","8","B03","24.165251","120.65142","2"
"2019","7","15","23","4","臺中市","南屯區","0","1","0","8","3","5","50","4","1","1","5","4","5","7","1","1","10","5","5","2","16","9","3","10","1","1","B03","7","6","1","8","2","2","","9","9","1","21","8","B03","24.129538","120.646302","2"
"2019","7","15","23","18","臺中市","北區","0","1","0","8","1","5","50","4","1","1","5","4","5","7","4","4","10","5","5","2","15","6","3","10","1","1","C03","7","9","1","10","2","11","","6","6","1","21","8","C03","24.160365","120.67997","2"
"2019","7","15","23","22","臺中市","西區","0","0","0","8","","","50","","","","","","","","","","","","","","","","","","","","B03","","","1","","2","","","23","","1","21","","B03","24.141676","120.67556","3"
"2019","7","16","0","0","臺中市","北區","0","0","0","8","","","40","","","","","","","","","","","","","","","43","","","","","","","","7","19","","","","43","43","1","","","","24.162699","120.678079","3"
"2019","7","16","0","12","臺中市","西屯區","0","2","0","8","3","5","50","3","1","1","5","4","5","7","1","1","1","3","5","2","16","25","3","10","1","1","B03","7","5","1","8","2","5","","25","25","1","21","8","B03","24.164103","120.650751","2"
"2019","7","16","0","34","臺中市","東區","0","2","0","8","3","5","50","4","1","1","5","4","5","7","1","1","10","5","5","2","15","6","3","10","1","1","B03","7","9","1","8","2","1","","6","6","1","5","8","B03","24.134711","120.69147","2"
"2019","7","16","1","33","臺中市","南屯區","0","1","0","8","3","5","50","14","9","1","5","4","5","7","4","4","9","5","5","2","17","40","3","10","1","1","B03","7","15","1","8","2","4","","40","40","1","21","8","B03","24.149374","120.64871","2"
"2019","7","16","4","31","臺中市","南屯區","0","1","0","8","3","5","50","14","9","1","5","4","5","7","4","4","10","5","5","2","13","21","2","9","3","4","B03","7","9","1","8","8","1","","21","21","1","22","8","B03","24.150151","120.626339","2"
"2019","7","16","5","39","臺中市","南區","0","1","0","8","2","5","50","4","1","1","5","4","5","7","3","1","10","5","5","2","15","6","2","8","3","4","C03","7","9","1","10","2","11","","6","6","1","5","8","C03","24.130153","120.679558","2"
"2019","7","16","6","49","臺中市","太平區","0","0","0","8","","","50","","","","","","","","","","","","","","","","","","","","B03","","","1","","2","","","12","","1","4","","B03","24.125099","120.727536","3"
"2019","7","16","6","50","臺中市","北屯區","0","0","0","8","","","50","","","","","","","","","","","","","","","","","","","","B03","","","1","","2","","","6","","1","22","","B03","24.177767","120.739865","3"
"2019","7","16","7","6","臺中市","龍井區","0","0","0","8","","","50","","","","","","","","","","","","","","","","","","","","F02","","","8","","2","","","6","","1","9","","F02","24.210724","120.524166","3"
"2019","7","16","7","8","臺中市","龍井區","0","1","0","8","1","5","40","4","1","1","5","4","5","7","4","4","10","5","5","2","17","6","3","10","3","4","B12","7","5","1","8","2","1","","6","6","1","22","9","B12","24.178814","120.58291","2"
"2019","7","16","7","24","臺中市","沙鹿區","0","1","0","8","1","5","50","14","9","1","5","4","5","7","4","4","5","5","5","2","13","23","2","7","1","1","C03","7","9","1","10","2","14","","23","23","1","9","1","C03","24.244677","120.605259","2"
"2019","7","16","7","27","臺中市","清水區","0","2","0","8","1","5","40","4","1","1","5","4","5","7","3","1","10","5","5","2","15","6","2","2","1","1","C03","7","9","1","10","2","13","","6","6","1","20","8","C03","24.279336","120.571808","2"
"2019","7","16","7","32","臺中市","東區","0","1","0","8","1","5","50","14","7","1","5","4","5","7","4","4","5","4","4","2","17","23","2","9","1","1","C03","7","9","1","10","2","14","","23","23","1","21","8","C03","24.13097","120.704113","2"
"2019","7","16","7","33","臺中市","中區","0","0","0","8","","","50","","","","","","","","","","","","","","","6","3","","","","B02","","","1","","2","","","6","6","1","21","","B02","24.140066","120.683746","3"
"2019","7","16","7","39","臺中市","沙鹿區","0","1","0","8","1","5","50","14","9","1","5","4","5","7","4","4","5","5","5","1","29","26","2","9","1","1","C03","7","15","1","10","2","12","","26","26","1","4","8","C03","24.225709","120.565893","2"
"2019","7","16","7","39","臺中市","大雅區","0","1","0","8","1","5","40","3","2","1","5","4","5","7","4","4","5","5","5","2","16","16","2","7","1","1","C03","7","9","1","10","2","14","","16","16","1","22","8","C03","24.223032","120.632324","2"
"2019","7","16","7","40","臺中市","大甲區","0","2","0","8","1","5","40","4","1","1","5","4","5","7","4","4","10","5","5","2","15","6","2","1","1","1","C03","7","9","1","10","2","11","","6","6","1","22","8","C03","24.405836","120.640988","2"
"2019","7","16","7","45","臺中市","后里區","0","0","0","8","1","2","60","13","2","1","5","4","3","5","4","4","10","5","5","2","29","","","","","","B03","","","1","","2","","","17","","1","4","","B03","24.3058","120.721755","3"
"2019","7","16","7","46","臺中市","后里區","0","1","0","8","1","5","40","14","9","1","5","4","5","7","4","4","10","5","5","2","12","19","3","10","1","1","B12","7","1","1","8","2","4","","19","19","1","4","1","B12","24.313608","120.722508","2"
"2019","7","16","7","50","臺中市","清水區","0","0","0","8","1","5","70","","","","","","","","","","","","","","","23","","","","","B03","","","1","","2","","","23","23","1","21","","B03","24.311893","120.603564","3"
"2019","7","16","7","50","臺中市","大甲區","0","2","0","8","1","5","50","14","7","1","5","4","5","7","4","4","9","5","4","2","12","8","2","9","1","1","C03","7","5","1","10","2","11","","8","8","1","4","8","C03","24.335773","120.613478","2"
"2019","7","16","7","51","臺中市","北屯區","0","0","0","8","","","50","","","","","","","","","","","","","","","","","","","","B03","","","1","","2","","","25","","1","20","","B03","24.1833","120.6962","3"
"2019","7","16","7","53","臺中市","北屯區","0","0","0","8","1","5","50","14","9","1","5","4","5","7","4","4","10","5","5","1","11","5","3","10","1","1","B03","7","9","1","8","2","5","","5","5","1","21","8","B03","24.204456","120.796713","3"
"2019","7","16","7","53","臺中市","烏日區","0","1","0","8","1","5","50","3","1","1","5","4","5","7","2","1","10","5","5","2","15","42","3","10","1","1","B02","7","9","1","4","2","8","","42","42","1","10","8","B02","24.110493","120.621436","2"
"2019","7","16","7","56","臺中市","豐原區","0","2","0","8","1","5","50","14","9","1","5","4","5","7","4","4","5","5","5","2","11","17","2","9","3","4","F01","7","9","8","20","2","16","","17","17","1","22","8","F01","24.25222","120.72961","2"
"2019","7","16","7","58","臺中市","東區","0","0","0","8","","","80","","","","","","","","","","","","","","","","","","","","B03","","","1","","2","","","7","","1","","","B03","24.139195","120.710318","3"
"2019","7","16","7","59","臺中市","北區","0","0","0","8","","","40","","","","","","","","","","","","","","","","","","","","A05","","","1","","2","","","12","","1","10","","A05","24.152005","120.678911","3"
"2019","7","16","8","10","臺中市","新社區","0","0","0","","","","40","","","","","","","","","","","","","","","","","","","","B03","","","1","","2","","","23","","1","5","","B03","24.159843","120.869441","3"