"年","月","日","時","分","縣市","區","死","受傷","2-30","天候","光線","道路類別","速限","道路型態","事故位置","路面鋪裝","路面狀態","路面缺陷","障礙物","視距","號誌種類","號誌動作","分向設施","快車道或一般車道間","快慢車道間","路面邊線","事故類型及型態","主要肇因","受傷程度","主要傷處","保護裝備","行動電話","當事者區分_類別","車輛用途","當事者行動狀態","駕駛資格情形","駕駛執照種類","飲酒情形","車輛撞擊部位最初","車輛撞擊部位其他","肇事因素個別","肇事因素主要","肇事逃逸","職業","旅次目的","車種","GPS座標_緯度","GPS座標_經度","事故類別"
"2019","7","16","8","11","臺中市","太平區","0","1","0","8","1","5","50","4","2","1","5","4","5","7","1","1","5","5","4","2","13","16","3","10","1","1","B02","7","9","1","8","2","1","","16","16","1","23","8","B02","24.13164","120.716871","2"
"2019","7","16","8","14","臺中市","北區","0","1","0","8","1","5","50","5","2","1","5","4","5","7","1","1","1","4","4","2","12","26","3","10","1","1","B03","7","6","1","8","2","5","","26","26","1","21","8","B03","24.154789","120.686118","2"
"2019","7","16","8","16","臺中市","西區","0","1","0","8","1","5","50","14","7","1","5","4","5","7","4","4","5","4","4","2","13","23","2","9","1","1","C04","7","9","1","10","2","11","","23","23","1","22","9","C04","24.142965","120.673931","2"
"2019","7","16","8","19","臺中市","大甲區","0","1","0","8","1","5","50","14","9","1","5","4","5","7","4","4","9","5","5","1","17","43","2","1","1","1","C03","7","9","1","10","2","11","","43","43","1","22","8","C03","24.35989","120.623666","2"
"2019","7","16","8","20","臺中市","沙鹿區","0","0","0","8","","","60","","","","","","","","","","","","","","","","","","","","B03","","","1","","2","","","42","","1","5","","B03","24.250106","120.578751","3"
"2019","7","16","8","22","臺中市","潭子區","0","1","0","8","1","5","50","14","7","1","5","4","1","7","4","4","1","4","4","1","13","16","2","9","1","1","C03","7","9","1","10","2","11","","16","16","1","22","8","C03","24.216187","120.700288","2"
"2019","7","16","8","24","臺中市","北屯區","0","2","0","8","1","5","50","4","2","1","5","4","5","7","1","1","5","5","5","2","13","16","2","9","1","1","C03","7","9","1","10","2","11","","16","16","1","22","8","C03","24.17634","120.681436","2"
"2019","7","16","8","30","臺中市","北屯區","0","0","0","8","","","50","","","","","","","","","","","","","","","","","","","","B03","","","1","","2","","","6","","1","5","","B03","24.179845","120.703133","3"
"2019","7","16","8","30","臺中市","霧峰區","0","0","0","8","","","50","","","","","","","","","","","","","","","","","","","","B12","","","1","","2","","","10","","1","10","","B12","24.075913","120.707178","3"
"2019","7","16","8","41","臺中市","大雅區","0","0","0","8","","","40","","","","","","","","","","","","","","","","","","","","B03","","","1","","2","","","19","","1","","","B03","24.222526","120.646925","3"
"2019","7","16","8","58","臺中市","沙鹿區","0","1","0","8","1","5","40","4","8","1","5","4","5","7","2","1","5","4","4","2","17","40","3","10","1","1","B03","7","15","1","8","2","4","","40","40","1","5","8","B03","24.226923","120.575129","2"
"2019","7","16","8","59","臺中市","北屯區","0","2","0","8","1","5","50","14","9","1","5","4","5","7","4","4","5","4","5","2","13","7","2","9","1","1","C03","7","7","1","10","2","12","14","7","7","1","5","8","C03","24.169821","120.707589","2"
"2019","7","16","9","0","臺中市","南區","0","0","0","8","","","50","","","","","","","","","","","","","","","","3","","","","B01","","","1","","2","","","7","","1","21","","B01","24.134068","120.683143","3"
"2019","7","16","9","2","臺中市","北區","0","1","0","8","1","5","50","4","1","1","5","4","5","7","4","4","10","5","5","2","15","6","2","9","3","4","C03","7","9","1","10","2","12","","6","6","1","5","8","C03","24.15826","120.677706","2"
"2019","7","16","9","7","臺中市","北區","0","0","0","8","","","50","","","","","","","","","","","","","","","","","","","","B03","","","1","","2","","","7","","1","5","","B03","24.16689","120.66758","3"
"2019","7","16","9","7","臺中市","東勢區","0","1","0","8","1","5","50","4","1","1","5","4","5","7","3","1","10","5","5","2","18","26","2","9","1","1","C03","7","9","1","10","2","14","","26","26","1","5","8","C03","24.25133","120.835306","2"
"2019","7","16","9","9","臺中市","北屯區","0","1","0","8","1","5","50","3","1","1","5","4","5","7","4","4","10","5","5","2","16","6","3","10","1","1","B03","7","6","1","8","2","5","","6","6","1","21","8","B03","24.201333","120.689336","2"
"2019","7","16","9","19","臺中市","北區","0","2","0","8","1","5","50","11","9","1","5","4","5","7","4","4","5","5","5","1","11","26","2","9","1","1","C03","7","9","1","10","2","12","","26","26","1","21","8","C03","24.164521","120.67692","2"
"2019","7","16","9","22","臺中市","北屯區","0","2","0","8","1","5","40","14","8","1","5","4","5","7","4","4","1","4","4","2","12","23","3","10","1","1","A12","7","9","1","7","2","2","","23","23","2","9","8","A12","24.176443","120.670145","2"
"2019","7","16","9","24","臺中市","中區","0","1","0","8","1","5","50","14","9","1","5","4","5","7","4","4","5","4","5","2","9","43","3","10","1","1","A02","7","14","1","2","2","2","","43","43","1","21","8","A02","24.142119","120.679873","2"
"2019","7","16","9","29","臺中市","南屯區","0","2","0","8","1","5","50","14","9","1","5","4","5","7","4","4","10","2","5","2","13","23","2","9","1","1","C03","7","9","1","10","2","11","","23","23","1","5","8","C03","24.138527","120.640637","2"
"2019","7","16","9","30","臺中市","太平區","0","0","0","8","","","50","","","","","","","","","","","","","","","","","","","","B01","","","1","","2","","","6","","1","","","B01","24.134663","120.725001","3"
"2019","7","16","9","30","臺中市","神岡區","0","0","0","8","","","40","","","","","","","","","","","","","","","","","","","","B12","","","1","","2","","","23","","1","21","","B12","24.257689","120.659503","3"
"2019","7","16","9","34","臺中市","潭子區","0","1","0","8","1","5","60","14","8","1","5","4","5","7","4","4","1","4","4","1","16","6","3","10","1","1","B03","7","6","1","8","2","2","","6","6","1","21","8","B03","24.198061","120.702805","2"
"2019","7","16","9","37","臺中市","北區","0","0","0","8","1","5","50","","","","","","","","","","","","","","","","","","","","B03","","","1","","2","","","23","","1","5","","B03","24.170098","120.672278","3"
"2019","7","16","9","38","臺中市","大雅區","0","2","0","8","1","5","40","14","9","1","5","4","5","7","4","4","10","5","5","1","16","19","2","3","1","1","B03","7","1","1","8","2","1","","19","19","1","22","8","B03","24.209989","120.643303","2"
"2019","7","16","9","49","臺中市","北區","0","2","0","8","1","5","50","4","1","1","5","4","5","7","1","1","10","5","5","2","15","25","2","9","1","4","C03","7","9","1","10","2","11","","25","25","1","20","8","C03","24.158894","120.690922","2"
"2019","7","16","10","0","臺中市","大甲區","0","2","0","8","1","5","40","3","2","1","5","4","5","7","4","4","10","5","5","2","11","43","2","9","1","1","C03","7","9","1","10","2","11","","43","43","1","20","8","C03","24.342658","120.619045","2"
"2019","7","16","10","10","臺中市","西區","0","0","0","8","","","50","","","","","","","","","","","","","","","25","","","","","C03","","","1","","2","","","44","25","1","22","","C03","24.14144","120.673126","3"
"2019","7","16","10","14","臺中市","大雅區","0","0","0","8","","","50","","","","","","","","","","","","","","","","","","","","B12","","","1","","2","","","1","","1","","","B12","24.207972","120.644119","3"
"2019","7","16","10","22","臺中市","西屯區","0","0","0","8","1","5","50","14","8","1","5","4","5","7","4","4","8","4","4","2","29","23","3","10","4","4","B11","7","9","1","8","9","1","","23","23","2","22","9","B11","24.180563","120.644871","3"
"2019","7","16","10","22","臺中市","清水區","0","2","0","8","1","5","40","14","7","1","5","4","5","7","4","4","1","4","4","1","12","7","2","7","1","1","C03","7","7","1","10","2","14","","7","7","1","5","7","C03","24.275416","120.57746","2"
"2019","7","16","10","31","臺中市","西區","0","2","0","8","1","5","50","14","7","1","5","4","5","7","4","4","9","5","4","2","16","11","2","9","1","1","C04","7","11","3","18","2","12","","11","11","1","22","8","C04","24.13725","120.661694","2"
"2019","7","16","10","32","臺中市","清水區","0","1","0","8","1","5","40","11","9","1","5","4","5","7","4","4","10","5","5","2","18","23","2","9","1","1","C03","7","9","1","10","2","12","","23","23","1","7","8","C03","24.295857","120.577326","2"
"2019","7","16","10","34","臺中市","西區","0","1","0","8","1","5","50","4","1","1","5","4","5","7","1","1","10","5","5","2","17","26","2","9","1","2","C03","7","7","1","10","2","12","","26","26","1","21","8","C03","24.150851","120.664271","2"
"2019","7","16","10","35","臺中市","大甲區","0","1","0","8","1","5","50","3","1","1","5","4","5","7","4","4","5","5","5","1","12","9","3","10","1","1","C03","7","6","1","10","2","13","","9","9","1","22","8","C03","24.349035","120.617847","2"
"2019","7","16","10","35","臺中市","石岡區","0","1","0","8","1","5","50","11","9","1","5","4","5","1","4","4","10","5","5","2","11","5","3","10","1","1","A12","7","9","1","7","2","4","","5","5","1","5","8","A12","24.267685","120.797195","2"
"2019","7","16","10","49","臺中市","大甲區","0","0","0","","","","","","","","","","","","","","","","","","","","","","","","B03","","","1","","2","","","38","","1","","","B03","24.345019","120.624999","3"
"2019","7","16","10","50","臺中市","清水區","0","1","0","8","1","5","50","14","9","1","5","4","5","7","4","4","5","5","5","1","13","23","2","9","1","1","C03","7","9","1","10","2","11","","23","23","1","22","8","C03","24.283616","120.57432","2"
"2019","7","16","11","0","臺中市","外埔區","0","1","0","8","1","5","50","3","9","1","5","4","5","7","3","1","5","5","5","1","12","6","3","10","1","1","B12","7","9","1","8","2","7","","6","6","1","4","3","B12","24.341551","120.640943","2"
"2019","7","16","11","10","臺中市","大里區","0","0","0","8","","","40","","","","","","","","","","","","","","","","","","","","B11","","","1","","2","","","6","","1","10","","B11","24.084517","120.700147","3"
"2019","7","16","11","13","臺中市","后里區","0","1","0","8","1","5","60","3","2","1","5","4","5","7","1","1","1","4","5","1","13","16","2","9","1","1","C03","7","9","1","10","2","12","","16","16","1","4","5","C03","24.284498","120.722673","2"
"2019","7","16","11","22","臺中市","清水區","0","0","0","8","","","80","","","","","","","","","","","","","","","","","","","","B11","","","1","","2","","","16","","1","12","","B11","24.293258","120.552003","3"
"2019","7","16","11","25","臺中市","沙鹿區","0","0","0","8","","","50","","","","","","","","","","","","","","","44","","","","","B03","","","1","","2","","","44","44","","","","B03","24.210586","120.572326","3"
"2019","7","16","11","37","臺中市","北屯區","0","0","0","8","","","50","","","","","","","","","","","","","","","","","","","","B03","","","1","","2","","","2","","1","22","","B03","24.161032","120.727484","3"
"2019","7","16","11","49","臺中市","北屯區","0","0","0","8","","","40","","","","","","","","","","","","","","","","","","","","B03","","","1","","2","","","12","","1","5","","B03","24.173623","120.690511","3"
"2019","7","16","12","2","臺中市","東區","0","1","0","8","1","5","40","14","9","1","5","4","5","7","4","4","5","5","5","2","11","4","3","10","1","1","C03","7","9","1","10","2","14","","4","4","1","22","8","C03","24.126026","120.68891","2"
"2019","7","16","12","4","臺中市","東區","0","2","0","8","1","5","50","4","1","1","5","4","5","7","4","4","10","5","5","2","16","6","2","9","1","1","C03","7","9","1","10","2","11","","6","6","1","21","8","C03","24.15142","120.69603","2"
"2019","7","16","12","10","臺中市","北屯區","0","1","0","8","1","5","50","4","1","1","5","4","5","7","1","1","10","5","5","2","16","19","3","10","1","1","B12","7","1","1","8","2","1","","19","19","1","3","8","B12","24.189158","120.662871","2"
"2019","7","16","12","15","臺中市","龍井區","0","0","0","","","","","","","","","","","","","","","","","","","","","","","","B12","","","1","","2","","","23","","1","22","","B12","24.189636","120.570186","3"
"2019","7","16","12","24","臺中市","北區","0","1","0","8","1","5","50","4","1","1","5","4","5","7","4","4","5","4","4","2","16","6","3","10","1","1","C03","7","9","1","10","2","11","","6","6","1","21","8","C03","24.160419","120.66675","2"
"2019","7","16","12","30","臺中市","南屯區","0","1","0","8","1","5","40","14","8","1","5","4","5","7","4","4","1","4","1","1","13","13","2","9","1","1","C03","7","9","1","10","2","12","","13","13","1","22","9","C03","24.119942","120.636622","2"
"2019","7","16","12","34","臺中市","沙鹿區","0","1","0","8","1","5","40","3","8","1","5","4","5","7","4","4","10","5","5","2","17","23","3","10","1","1","B03","7","6","1","8","2","6","","9","23","1","4","8","B03","24.228475","120.574846","2"
"2019","7","16","12","40","臺中市","南屯區","0","1","0","8","1","5","50","4","1","1","5","4","5","7","4","4","10","5","5","2","16","6","3","10","1","1","B12","7","5","1","8","2","8","","6","6","1","22","9","B12","24.138876","120.639719","2"
"2019","7","16","12","41","臺中市","梧棲區","0","3","0","8","1","5","40","3","1","1","5","4","5","7","4","4","10","5","5","2","13","16","2","9","1","1","C03","7","9","2","18","2","11","","16","16","1","20","5","C03","24.223787","120.536303","2"
"2019","7","16","12","48","臺中市","石岡區","0","0","0","8","","","50","","","","","","","","","","","","","","","","","","","","C03","","","1","","2","","","23","","1","22","","C03","24.271143","120.776278","3"
"2019","7","16","13","13","臺中市","沙鹿區","0","1","0","8","1","5","50","4","1","1","5","4","5","5","3","1","9","5","5","1","16","6","2","9","1","1","C03","7","3","3","18","2","12","","6","6","1","8","8","C03","24.236571","120.564233","2"
"2019","7","16","13","26","臺中市","大肚區","0","2","0","8","1","5","50","14","9","1","5","4","5","7","4","4","5","5","5","1","16","7","2","9","1","1","C03","7","7","1","10","2","14","","7","7","1","21","8","C03","24.154898","120.544228","2"
"2019","7","16","13","47","臺中市","北區","0","0","0","8","","","60","","","","","","","","","","","","","","","","","","","","A42","","","1","","2","","","16","","1","10","","A42","24.154","120.6657","3"
"2019","7","16","13","58","臺中市","北區","0","0","0","8","1","5","50","","","","","","","","","","","","","","","","","","","","B12","","","1","","2","","","23","","1","5","","B12","24.1507","120.684595","3"
"2019","7","16","14","0","臺中市","南屯區","0","1","0","8","1","5","60","4","1","1","5","4","5","7","1","1","10","5","5","2","16","26","3","10","1","1","B03","7","6","1","8","2","2","","26","26","1","22","8","B03","24.151242","120.607902","2"
"2019","7","16","14","1","臺中市","西區","0","1","0","8","1","5","50","4","1","1","5","4","5","7","1","1","10","5","5","2","15","6","3","10","1","1","B12","7","9","1","8","2","2","","6","6","1","21","8","B12","24.157453","120.661536","2"
"2019","7","16","14","5","臺中市","大雅區","0","0","0","8","","","50","","","","","","","","","","","","","","","","","","","","B03","","","1","","2","","","23","","1","","","B03","24.216003","120.66836","3"
"2019","7","16","14","8","臺中市","龍井區","0","2","0","8","1","5","50","3","2","1","5","4","5","7","4","4","5","5","5","2","3","52","2","9","3","4","C03","7","9","1","10","2","11","","23","52","1","22","9","C03","24.182056","120.592744","2"
"2019","7","16","14","21","臺中市","潭子區","0","1","0","8","1","5","50","4","9","1","5","4","5","7","1","1","5","5","5","1","16","45","3","10","1","1","A12","7","6","1","2","2","5","","45","45","1","21","8","A12","24.204122","120.718719","2"
"2019","7","16","14","24","臺中市","北屯區","0","0","0","8","","","40","","","","","","","","","","","","","","","","","","","","B03","","","1","","2","","","23","","1","2","","B03","24.1737","120.6965","3"
"2019","7","16","14","35","臺中市","北屯區","0","0","0","8","","","50","","","","","","","","","","","","","","","","","","","","A11","","","1","","2","","","42","","1","21","","A11","24.172597","120.69483","3"
"2019","7","16","14","48","臺中市","北區","0","1","0","8","1","5","50","14","9","1","5","4","5","7","4","4","1","4","5","2","12","7","3","10","1","1","B03","7","8","1","8","2","2","","7","7","1","21","8","B03","24.155795","120.691592","2"
"2019","7","16","14","56","臺中市","北區","0","0","0","8","","","50","","","","","","","","","","","","","","","","","","","","B03","","","1","","2","","","23","","1","21","","B03","24.154983","120.68044","3"
"2019","7","16","14","58","臺中市","烏日區","0","0","0","8","","","50","","","","","","","","","","","","","","","","","","","","B03","","","1","","2","","","16","","1","","","B03","24.103728","120.611578","3"
"2019","7","16","15","3","臺中市","沙鹿區","0","1","0","8","1","5","50","4","2","1","5","4","5","7","4","4","5","5","5","2","10","26","2","9","4","1","F03","7","4","8","20","2","16","","26","26","1","20","5","F03","24.243175","120.563801","2"
"2019","7","16","15","6","臺中市","東區","0","2","0","8","1","5","50","4","1","1","5","4","5","7","4","4","10","5","5","2","15","6","2","9","1","1","C04","7","9","1","10","2","12","","6","6","1","5","8","C04","24.132269","120.691915","2"
"2019","7","16","15","10","臺中市","太平區","0","1","0","8","1","5","50","4","1","1","5","4","5","7","2","1","10","5","5","2","12","9","3","10","1","1","B03","7","6","1","8","2","5","","9","9","1","9","7","B03","24.128799","120.717923","2"
"2019","7","16","15","16","臺中市","西區","0","0","0","8","","","50","","","","","","","","","","","","","","","","","","","","A05","","","1","","2","","","12","","1","10","","A05","24.144708","120.66524","4"
"2019","7","16","15","17","臺中市","北區","0","1","0","8","1","5","50","3","1","1","5","4","5","7","4","4","10","5","5","2","16","6","2","9","1","1","C03","7","9","1","10","2","11","","23","6","1","22","9","C03","24.155351","120.685887","2"
"2019","7","16","15","20","臺中市","北區","0","0","0","8","","","40","","","","","","","","","","","","","","","23","","","","","B03","","","1","8","2","","","23","23","1","","","B03","24.16484","120.672337","3"
"2019","7","16","15","30","臺中市","神岡區","0","0","0","8","","","60","","","","","","","","","","","","","","","","","","","","B03","","","1","","2","","","23","","1","21","","B03","24.232421","120.69416","3"
"2019","7","16","15","34","臺中市","梧棲區","0","0","0","8","","","50","","","","","","","","","","","","","","","","","","","","B03","","","1","","2","","","16","","1","9","","B03","24.257755","120.539265","3"
"2019","7","16","15","35","臺中市","南屯區","0","1","0","8","1","5","50","14","9","1","5","4","5","7","4","4","9","5","5","2","17","19","3","10","1","1","B03","7","1","1","8","2","8","8","19","19","1","5","3","B03","24.149434","120.634529","2"
"2019","7","16","15","38","臺中市","太平區","0","0","0","8","","","50","","","","","","","","","","","","","","","","","","","","C03","","","1","","2","","","8","","1","5","","C03","24.121527","120.721388","3"
"2019","7","16","15","42","臺中市","西屯區","0","0","0","8","","","40","","","","","","","","","","","","","","","","","","","","C03","","","1","","2","","","16","","1","22","","C03","24.183255","120.615616","3"
"2019","7","16","15","47","臺中市","大雅區","0","0","0","8","","","40","","","","","","","","","","","","","","","","","","","","B03","","","1","","2","","","19","","1","21","","B03","24.238023","120.670162","3"
"2019","7","16","15","54","臺中市","西區","0","0","0","8","","","40","","","","","","","","","","","","","","","","","","","","B03","","","1","","2","","","6","","1","4","","B03","24.144943","120.655654","3"
"2019","7","16","15","55","臺中市","南屯區","0","2","0","8","1","5","50","3","1","1","5","4","5","7","1","1","10","5","5","2","16","8","2","9","1","4","C03","7","5","1","10","2","11","","8","8","1","22","8","C03","24.14706","120.647926","2"
"2019","7","16","16","0","臺中市","太平區","0","1","0","8","1","5","50","14","9","1","5","4","5","7","4","4","5","5","5","1","13","16","3","10","1","1","C03","7","9","1","10","2","11","","16","16","1","20","7","C03","24.124964","120.714167","2"
"2019","7","16","16","12","臺中市","西屯區","0","0","0","8","","","40","","","","","","","","","","","","","","","","","","","","B03","","","1","","2","","","19","","1","22","","B03","24.156533","120.6371","3"
"2019","7","16","16","15","臺中市","東區","0","0","0","8","","","40","","","","","","","","","","","","","","","18","","","","","B03","","","1","","2","","","18","18","1","5","","B03","24.148736","120.707018","3"
"2019","7","16","16","20","臺中市","太平區","0","0","0","8","","","40","","","","","","","","","","","","","","","","","","","","A11","","","1","","2","","","23","","1","21","","A11","24.131325","120.737988","3"
"2019","7","16","16","25","臺中市","南區","0","1","0","8","1","5","50","3","1","1","5","4","5","7","4","4","10","5","5","2","13","23","2","9","1","1","C03","7","9","1","10","2","11","","23","23","1","18","8","C03","24.130039","120.669985","2"
"2019","7","16","16","27","臺中市","清水區","0","0","0","8","1","5","50","14","7","1","5","4","5","7","4","4","9","4","4","2","17","43","3","10","3","4","B12","7","15","1","8","2","8","5","43","43","1","10","1","B12","24.270104","120.577333","3"
"2019","7","16","16","30","臺中市","南區","0","0","0","8","","","50","","","","","","","","","","","","","","","","","","","","B12","","","1","","2","","","40","","1","4","","B12","24.115675","120.653187","3"
"2019","7","16","16","30","臺中市","北屯區","0","0","0","8","","","50","","","","","","","","","","","","","","","","","","","","B03","","","1","","2","","","16","","1","22","","B03","24.191808","120.660802","3"
"2019","7","16","16","34","臺中市","大雅區","0","1","0","8","1","5","40","3","1","1","5","4","5","7","4","4","10","5","5","2","16","6","3","10","1","1","B03","7","6","1","8","2","1","1","6","6","1","21","8","B03","24.218221","120.643001","2"
"2019","7","16","16","36","臺中市","西屯區","0","0","0","8","","","50","","","","","","","","","","","","","","","16","","","","","B03","","","1","","2","","","16","16","1","22","","B03","24.1723364","120.624847","3"
"2019","7","16","16","37","臺中市","太平區","0","0","0","8","","","50","","","","","","","","","","","","","","","","","","","","B03","","","1","","2","","","23","","1","21","","B03","24.156751","120.716295","3"
"2019","7","16","16","45","臺中市","太平區","0","1","0","8","1","5","50","4","1","1","5","4","5","7","1","1","10","5","5","2","12","23","2","9","1","1","C03","7","9","3","18","2","11","","23","23","1","21","8","C03","24.148276","120.704926","2"
"2019","7","16","16","47","臺中市","潭子區","0","1","0","8","1","5","50","14","9","1","5","4","5","7","4","4","9","5","5","2","12","1","2","9","1","1","C03","7","4","1","10","2","11","","1","1","1","22","8","C03","24.225849","120.686508","2"
"2019","7","16","16","54","臺中市","北區","0","2","0","8","1","5","50","3","1","1","5","4","5","7","4","4","10","5","5","2","16","6","2","1","1","1","C03","7","5","1","10","2","11","","6","6","1","22","8","C03","24.151553","120.675406","2"
"2019","7","16","16","56","臺中市","大雅區","0","2","0","8","1","5","40","4","1","1","5","4","5","7","4","4","10","5","5","2","17","23","2","7","1","1","B03","7","9","1","8","2","8","","6","23","1","22","9","B03","24.24782","120.65316","2"
"2019","7","16","16","59","臺中市","北屯區","0","0","0","8","","","40","","","","","","","","","","","","","","","23","","","","","B03","","","1","","2","","","23","23","1","","","B03","24.201243","120.690998","3"
"2019","7","16","17","2","臺中市","南屯區","0","2","0","8","1","5","50","4","1","1","5","4","5","7","2","1","10","5","5","2","12","23","2","9","1","4","C03","7","9","1","10","2","12","","44","23","1","21","8","C03","24.151116","120.642669","2"
"2019","7","16","17","2","臺中市","大雅區","0","0","0","8","1","5","40","14","8","1","5","4","5","7","1","1","2","3","4","1","2","16","3","10","1","1","C03","7","9","1","10","2","11","","16","16","1","4","1","C03","24.215947","120.649379","3"
"2019","7","16","17","5","臺中市","大雅區","0","2","0","8","1","5","50","3","1","1","5","4","5","7","1","1","5","5","4","1","9","23","3","10","1","1","A02","7","12","1","2","2","15","","23","23","1","21","8","A02","24.218411","120.63885","2"
"2019","7","16","17","13","臺中市","北屯區","0","2","0","8","1","5","40","4","1","1","5","4","5","7","4","4","10","5","5","2","15","6","2","9","1","1","C03","7","9","1","10","2","11","","6","6","1","21","8","C03","24.174345","120.681842","2"
"2019","7","16","17","17","臺中市","東區","0","0","0","8","","","50","","","","","","","","","","","","","","","","3","","","","B02","","","1","","2","","","23","","1","21","","B02","24.142728","120.708928","3"
"2019","7","16","17","18","臺中市","西屯區","0","1","0","8","1","5","50","14","7","1","5","4","5","7","4","4","10","5","5","2","13","23","2","9","1","1","C03","7","7","1","10","2","11","","23","23","1","21","8","C03","24.187342","120.638614","2"
"2019","7","16","17","22","臺中市","潭子區","0","0","0","8","","","40","","","","","","","","","","","","","","","","","","","","B03","","","1","","2","","","16","","1","22","","B03","24.201443","120.699274","3"
"2019","7","16","17","24","臺中市","南屯區","0","0","0","8","","","60","","","","","","","","","","","","","","","","","","","","B03","","","1","","2","","","23","","1","","","B03","24.151934","120.604453","3"
"2019","7","16","17","25","臺中市","沙鹿區","0","1","0","8","1","5","50","14","7","1","5","4","5","7","4","4","9","4","4","2","18","42","2","9","1","1","C03","7","9","1","10","2","14","","42","42","1","18","8","C03","24.234921","120.558978","2"
"2019","7","16","17","27","臺中市","清水區","0","0","0","8","","","40","","","","","","","","","","","","","","","","","","","","C03","","","1","","2","","","6","","1","21","","C03","24.290885","120.566399","3"
"2019","7","16","17","28","臺中市","南屯區","0","0","0","8","","","50","","","","","","","","","","","","","","","","","","","","B03","","","1","","2","","","12","","1","22","","B03","24.128585","120.620043","3"
"2019","7","16","17","30","臺中市","南屯區","0","0","0","8","","","50","","","","","","","","","","","","","","","","","","","","B03","","","1","","2","","","23","","1","19","","B03","24.152211","120.62449","3"
"2019","7","16","17","30","臺中市","北屯區","0","3","0","8","1","5","80","14","9","1","5","4","5","7","4","4","1","4","5","1","18","23","2","9","1","1","B03","7","9","1","8","2","2","","23","23","1","5","8","B03","24.171015","120.720883","2"
"2019","7","16","17","31","臺中市","梧棲區","0","0","0","8","","","40","","","","","","","","","","","","","","","","","","","","B03","","","1","","2","","","12","","1","2","","B03","24.247643","120.54216","3"
"2019","7","16","17","40","臺中市","北區","0","0","0","8","","","50","","","","","","","","","","","","","","","","","","","","B03","","","1","","2","","","23","","1","21","","B03","24.148329","120.683368","3"
"2019","7","16","17","45","臺中市","西區","0","0","0","8","1","5","50","5","1","1","5","4","5","7","1","4","10","5","5","2","16","","","","","","B03","","","1","","2","","","8","","1","4","","B03","24.131625","120.672667","3"
"2019","7","16","17","47","臺中市","西區","0","1","0","8","1","5","50","4","1","1","5","4","5","7","1","1","9","5","5","2","17","6","2","9","1","1","C03","7","5","1","10","2","14","","6","6","1","5","5","C03","24.132051","120.661224","2"
"2019","7","16","17","48","臺中市","西屯區","0","2","0","8","1","5","40","4","2","1","5","4","5","7","1","1","3","5","5","2","17","43","2","9","1","1","C03","7","6","1","10","2","13","","43","43","1","21","8","C03","24.157276","120.641565","2"
"2019","7","16","17","51","臺中市","南區","0","2","0","8","1","5","40","14","20","1","5","4","5","7","4","4","1","4","5","2","16","19","2","1","1","1","B03","7","1","1","8","2","1","","19","19","1","5","8","B03","24.123268","120.679427","2"
"2019","7","16","17","52","臺中市","北屯區","0","0","0","8","","","50","","","","","","","","","","","","","","","26","","","","","B03","","","1","","2","","","26","26","1","","","B03","24.182142","120.702044","3"
"2019","7","16","17","54","臺中市","梧棲區","0","0","0","8","","","40","","","","","","","","","","","","","","","","","","","","B03","","","1","","2","","","17","","1","2","","B03","24.250928","120.545971","3"
"2019","7","16","17","56","臺中市","龍井區","0","1","0","8","1","5","40","3","1","1","5","4","5","7","4","4","10","5","5","2","12","6","3","10","1","1","B03","7","6","1","8","2","2","","6","6","1","21","8","B03","24.191755","120.573026","2"
"2019","7","16","17","57","臺中市","清水區","0","0","0","8","","","70","","","","","","","","","","","","","","","","","","","","B03","","","1","","2","","","7","","1","21","","B03","24.270774","120.567789","4"
"2019","7","16","18","0","臺中市","太平區","0","0","0","8","","","50","","","","","","","","","","","","","","","","","","","","B03","","","1","","2","","","23","","1","","","B03","24.153899","120.711372","3"
"2019","7","16","18","2","臺中市","西屯區","0","1","0","8","1","5","50","3","1","1","5","4","5","7","3","1","9","4","4","2","14","12","3","10","1","1","B03","7","2","1","8","2","7","","12","12","1","22","9","B03","24.178155","120.665578","2"
"2019","7","16","18","8","臺中市","大雅區","0","2","0","8","1","5","50","3","1","1","5","4","5","7","4","4","9","4","5","2","17","6","2","7","1","1","C03","7","5","1","10","2","11","","6","6","1","22","9","C03","24.22449","120.63248","2"
"2019","7","16","18","9","臺中市","南區","0","0","0","8","","","50","","","","","","","","","","","","","","","19","3","","","","B03","","","1","","2","","","19","19","1","21","","B03","24.119773","120.662381","3"
"2019","7","16","18","10","臺中市","南屯區","0","0","0","8","","","40","","","","","","","","","","","","","","","","","","","","B03","","","1","","1","","","43","","1","21","","B03","24.138105","120.620192","3"
"2019","7","16","18","10","臺中市","太平區","0","0","0","8","","","50","","","","","","","","","","","","","","","26","","","","","B03","","","1","","2","","","26","26","1","21","","B03","24.127327","120.709193","3"
"2019","7","16","18","12","臺中市","西屯區","0","0","0","8","","","0","","","","","","","","","","","","","","","","","","","","B12","","","1","","2","","","12","","1","22","","B12","24.155001","120.608786","3"