"年","月","日","時","分","縣市","區","死","受傷","2-30","天候","光線","道路類別","速限","道路型態","事故位置","路面鋪裝","路面狀態","路面缺陷","障礙物","視距","號誌種類","號誌動作","分向設施","快車道或一般車道間","快慢車道間","路面邊線","事故類型及型態","主要肇因","受傷程度","主要傷處","保護裝備","行動電話","當事者區分_類別","車輛用途","當事者行動狀態","駕駛資格情形","駕駛執照種類","飲酒情形","車輛撞擊部位最初","車輛撞擊部位其他","肇事因素個別","肇事因素主要","肇事逃逸","職業","旅次目的","車種","GPS座標_緯度","GPS座標_經度","事故類別"
"2019","7","16","18","16","臺中市","北區","0","0","0","8","","","50","","","","","","","","","","","","","","","","","","","","C03","","","1","","2","","","6","","1","22","","C03","24.152904","120.688917","3"
"2019","7","16","18","18","臺中市","潭子區","0","0","0","8","","","40","","","","","","","","","","","","","","","","","","","","C03","","","1","","9","","","43","","1","22","","C03","24.209961","120.704835","3"
"2019","7","16","18","19","臺中市","潭子區","0","0","0","8","1","7","80","14","7","1","5","4","5","7","4","4","3","3","5","1","13","","","","","","B03","","","1","","2","","","23","","1","22","","B03","24.201491","120.700433","3"
"2019","7","16","18","20","臺中市","北屯區","0","0","0","","","","","","","","","","","","","","","","","","","","","","","","G06","","","7","","11","","","43","","1","","","G06","","","3"
"2019","7","16","18","29","臺中市","西屯區","0","1","0","8","2","5","50","3","1","1","5","4","5","7","1","1","10","5","5","2","16","7","2","9","1","1","C03","7","8","1","10","2","12","","7","7","1","21","8","C03","24.170613","120.610848","2"
"2019","7","16","18","30","臺中市","南區","0","2","0","8","1","5","50","4","1","1","5","4","5","7","1","1","10","5","5","2","16","23","2","8","1","1","C03","7","6","1","10","2","11","","23","23","1","4","8","C03","24.115043","120.655322","2"
"2019","7","16","18","48","臺中市","太平區","0","1","0","8","1","5","50","14","9","1","5","4","5","7","4","4","5","5","5","1","13","16","2","9","1","1","C03","7","9","1","10","2","11","","16","16","1","21","8","C03","24.122829","120.717931","2"
"2019","7","16","18","54","臺中市","北區","0","2","0","8","3","5","50","3","1","1","5","4","5","7","4","4","10","5","5","2","15","6","3","10","1","1","B12","7","9","1","7","2","2","","6","6","1","22","9","B12","24.149738","120.67561","2"
"2019","7","16","18","56","臺中市","北屯區","0","1","0","8","2","5","40","14","8","1","5","4","5","7","4","4","1","4","4","2","12","23","2","9","1","1","C03","7","9","1","10","9","12","","23","23","2","21","8","C03","24.187067","120.663375","2"
"2019","7","16","18","58","臺中市","西屯區","0","0","0","8","","","40","","","","","","","","","","","","","","","43","","","","","C03","","","1","","11","","","43","43","1","22","","C03","24.175791","120.617083","3"
"2019","7","16","19","0","臺中市","南屯區","0","2","0","8","3","5","50","14","18","1","5","4","5","7","4","4","10","5","5","2","3","15","2","9","1","1","C03","7","9","1","10","2","11","11","15","15","1","3","3","C03","24.154973","120.632488","2"
"2019","7","16","19","5","臺中市","梧棲區","0","1","0","8","3","5","40","3","1","1","5","4","5","7","1","1","10","5","5","2","16","43","3","10","1","1","B03","7","6","1","8","2","6","","43","43","1","2","8","B03","24.246867","120.54424","2"
"2019","7","16","19","15","臺中市","大雅區","0","0","0","8","","","50","","","","","","","","","","","","","","","","","","","","B12","","","1","","2","","","23","","1","22","","B12","24.2107","120.65071","3"
"2019","7","16","19","19","臺中市","大雅區","0","0","0","8","","","50","","","","","","","","","","","","","","","","","","","","B03","","","1","","2","","","5","","1","21","","B03","24.229651","120.627437","3"
"2019","7","16","19","24","臺中市","南屯區","0","1","0","8","1","5","50","14","9","1","5","4","5","7","4","4","1","4","5","2","16","6","3","10","1","1","B03","7","6","1","7","2","5","","6","6","1","4","8","B03","24.142873","120.601455","2"
"2019","7","16","19","24","臺中市","烏日區","0","1","0","8","3","5","40","14","9","1","5","4","5","7","4","4","10","5","5","2","27","23","2","9","1","1","C03","7","9","1","10","2","11","","23","23","1","22","8","C03","24.1052","120.646761","2"
"2019","7","16","19","26","臺中市","北區","0","2","0","8","3","5","50","4","1","1","5","4","5","7","4","4","5","5","5","2","15","6","2","8","1","1","C03","7","9","1","10","2","14","","6","6","1","21","8","C03","24.167043","120.68199","2"
"2019","7","16","19","29","臺中市","后里區","0","0","0","8","","","50","","","","","","","","","","","","","","","","","","","","B03","","","1","","2","","","12","","1","22","","B03","24.30896","120.716699","4"
"2019","7","16","19","32","臺中市","西屯區","0","0","0","8","","","50","","","","","","","","","","","","","","","6","","","","","B03","","","1","","2","","","6","6","1","","","B03","24.19101","120.616351","3"
"2019","7","16","19","38","臺中市","南區","0","0","0","8","","","50","","","","","","","","","","","","","","","43","3","","","","B03","","","1","","2","","","44","43","1","21","","B03","24.123564","120.658681","3"
"2019","7","16","19","45","臺中市","東區","0","0","0","8","1","5","50","4","1","","5","4","5","7","1","1","10","5","5","2","15","","","","","","G06","","","1","","2","","","23","","1","4","","G06","24.147881","120.692451","3"
"2019","7","16","20","23","臺中市","后里區","0","1","0","8","3","5","50","14","9","1","5","4","5","7","1","1","5","5","5","1","13","16","3","10","3","4","B03","7","9","1","8","2","1","","16","16","1","22","8","B03","24.310951","120.709296","2"
"2019","7","16","20","24","臺中市","烏日區","0","1","0","8","3","5","50","14","9","1","5","4","5","7","2","1","5","5","5","1","16","10","3","10","4","1","F03","7","11","8","20","2","16","","10","10","1","21","8","F03","24.107688","120.638148","2"
"2019","7","16","20","40","臺中市","梧棲區","0","2","0","8","3","5","50","4","1","1","5","4","5","7","4","4","10","5","5","2","16","6","3","10","1","1","B03","7","6","1","7","2","8","","6","6","1","2","7","B03","24.246538","120.534138","2"
"2019","7","16","20","48","臺中市","西區","0","0","0","8","3","5","50","14","9","1","5","4","5","7","4","4","5","2","5","2","17","","","","","","C03","","","1","","2","","","23","","1","5","","C03","24.151029","120.655489","3"
"2019","7","16","20","48","臺中市","大雅區","0","0","0","8","","","50","","","","","","","","","","","","","","","","","","","","B03","","","1","","2","","","23","","1","21","","B03","24.225795","120.64587","3"
"2019","7","16","20","50","臺中市","大里區","0","0","0","8","3","5","50","14","13","1","5","4","5","7","4","4","5","4","5","1","14","12","3","10","1","1","B03","7","2","1","8","2","3","","12","12","1","5","8","B03","24.106766","120.679448","3"
"2019","7","16","21","13","臺中市","大甲區","0","0","0","8","","","40","","","","","","","","","","","","","","","","","","","","B12","","","1","","2","","","23","","1","","","B12","24.357523","120.630107","3"
"2019","7","16","21","24","臺中市","大里區","0","0","0","8","","","50","","","","","","","","","","","","","","","23","","","","","G02","","","8","","2","","","42","23","1","22","","G02","24.08259","120.687798","3"
"2019","7","16","21","47","臺中市","北區","0","2","0","8","3","5","50","4","1","1","5","4","5","7","1","1","10","5","5","2","15","25","2","9","1","1","C03","7","9","1","10","2","11","","25","25","1","22","9","C03","24.156786","120.694442","2"
"2019","7","16","21","52","臺中市","西屯區","0","0","0","8","","","50","","","","","","","","","","","","","","","","","","","","B03","","","1","","2","","","25","","1","22","","B03","24.172921","120.647263","3"
"2019","7","16","22","19","臺中市","西屯區","0","1","0","8","3","5","50","4","1","1","5","4","5","7","1","1","1","4","4","2","16","8","3","10","3","4","C03","7","5","1","10","2","12","","8","8","1","22","8","C03","24.162789","120.637963","2"
"2019","7","16","22","23","臺中市","西屯區","0","1","0","8","3","5","40","3","1","1","5","4","5","7","4","4","10","5","5","2","17","23","3","10","3","4","B03","7","5","1","8","2","1","","23","23","1","22","8","B03","24.170896","120.646836","2"
"2019","7","16","22","41","臺中市","北屯區","0","0","0","8","","","50","","","","","","","","","","","","","","","","","","","","B03","","","1","","2","","","23","","1","","","B03","24.186234","120.687732","3"
"2019","7","16","22","58","臺中市","梧棲區","0","1","0","8","3","5","40","14","8","1","5","4","5","7","4","4","1","5","3","1","23","23","2","9","3","4","C03","7","9","1","10","2","14","","23","23","1","21","8","C03","24.251892","120.530395","2"
"2019","7","16","23","23","臺中市","北區","0","2","0","8","3","5","50","4","3","1","5","4","5","7","2","1","10","5","5","2","13","23","2","8","1","1","C03","7","9","1","10","2","11","","23","23","1","5","8","C03","24.166972","120.685174","2"
"2019","7","16","23","26","臺中市","北屯區","0","1","0","8","3","5","50","14","9","1","5","4","5","7","4","4","3","4","4","2","16","19","2","9","1","1","C03","7","1","2","18","2","12","","19","19","1","21","8","C03","24.178276","120.668672","2"
"2019","7","16","23","47","臺中市","清水區","0","2","0","8","3","5","40","4","1","1","5","4","5","7","3","1","10","5","5","2","14","12","3","10","1","1","B01","7","2","1","4","2","3","","12","12","1","21","8","B01","24.27278","120.57697","2"
"2019","7","16","23","56","臺中市","北區","0","1","0","7","3","5","50","14","7","1","5","4","5","7","4","4","5","4","5","2","16","26","3","10","1","4","B01","7","9","1","4","2","4","","26","26","1","21","8","B01","24.142765","120.683848","2"
"2019","7","17","0","6","臺中市","北區","0","0","0","8","","","50","","","","","","","","","","","","","","","","","","","","B03","","","1","","2","","","6","","1","","","B03","24.157506","120.678902","3"
"2019","7","17","0","19","臺中市","西屯區","0","1","0","8","3","5","50","3","1","1","5","4","5","7","4","4","1","3","5","2","16","6","3","10","1","1","B03","7","6","1","8","2","5","","6","6","1","21","8","B03","24.169493","120.638268","2"
"2019","7","17","3","25","臺中市","西屯區","0","1","0","8","3","5","50","14","9","1","5","4","5","7","4","4","1","3","5","2","26","42","2","9","1","1","B03","7","9","1","8","2","1","","42","42","1","21","8","B03","24.192121","120.599698","2"
"2019","7","17","3","53","臺中市","西屯區","0","0","0","8","","","50","","","","","","","","","","","","","","","","","","","","C03","","","1","","2","","","42","","1","22","","C03","24.166701","120.664761","3"
"2019","7","17","4","51","臺中市","南屯區","0","0","0","8","","","50","","","","","","","","","","","","","","","","","","","","A41","","","1","","2","","","42","","2","22","","A41","24.11779","120.627213","3"
"2019","7","17","6","48","臺中市","西屯區","0","1","0","8","1","5","50","3","9","1","5","4","5","7","1","1","1","3","5","2","16","25","2","9","1","1","C02","7","9","1","9","2","12","","25","25","1","21","8","C02","24.196468","120.647876","2"
"2019","7","17","7","25","臺中市","大甲區","0","0","0","8","1","5","50","14","2","1","5","4","5","7","1","1","4","5","5","1","16","10","3","10","1","1","C03","7","11","1","10","2","14","","10","10","1","22","8","C03","24.38093","120.654681","3"
"2019","7","17","7","27","臺中市","大甲區","0","1","0","8","1","5","50","3","1","1","5","4","5","7","4","4","9","5","5","1","14","12","3","10","1","1","B03","7","2","1","8","2","3","","12","12","1","4","8","B03","24.34669","120.636912","2"
"2019","7","17","7","30","臺中市","南屯區","0","1","0","8","1","5","40","4","1","1","5","4","5","7","2","1","10","5","5","2","16","26","3","10","1","1","B03","7","6","1","8","2","2","","26","26","1","22","8","B03","24.135688","120.62302","2"
"2019","7","17","7","30","臺中市","太平區","0","1","0","8","1","5","50","14","9","1","5","4","5","7","4","4","5","4","5","2","17","40","3","10","1","1","B12","7","13","1","8","2","4","","40","40","1","5","5","B12","24.155638","120.712184","2"
"2019","7","17","7","37","臺中市","大甲區","0","1","0","8","1","5","50","14","8","1","5","4","5","7","4","4","9","5","5","1","16","8","3","10","1","1","B03","7","5","1","8","2","1","","8","8","1","4","8","B03","24.34669","120.636912","2"
"2019","7","17","7","37","臺中市","神岡區","0","1","0","8","1","5","50","3","2","1","5","4","5","7","4","4","1","4","4","2","13","23","2","7","1","1","C03","7","9","1","10","2","11","","23","23","1","21","8","C03","24.25987","120.709287","2"
"2019","7","17","7","38","臺中市","北屯區","0","0","0","8","1","5","50","3","1","1","5","4","5","7","4","4","10","3","5","2","12","23","3","10","1","1","B03","7","6","1","8","2","5","","23","23","1","21","8","B03","24.200776","120.676303","3"
"2019","7","17","7","39","臺中市","沙鹿區","0","2","0","8","1","5","50","5","1","1","5","4","5","7","2","1","10","5","5","2","10","23","2","9","1","1","C03","7","9","3","18","2","11","","23","23","1","19","8","C03","24.251284","120.566614","2"
"2019","7","17","7","40","臺中市","南屯區","0","1","0","8","1","5","50","14","7","1","5","4","5","7","4","4","9","4","5","2","16","7","3","10","1","1","B03","7","7","1","8","2","7","","7","7","1","22","9","B03","24.135839","120.652654","2"
"2019","7","17","7","42","臺中市","南屯區","0","2","0","8","1","5","50","4","1","1","5","4","5","7","4","4","10","5","5","2","15","6","2","9","1","1","C04","7","9","1","10","2","11","","6","6","1","21","8","C04","24.137584","120.635585","2"
"2019","7","17","7","45","臺中市","梧棲區","0","0","0","8","","","50","","","","","","","","","","","","","","","","","","","","B03","","","1","","2","","","43","","1","","","B03","24.257294","120.533726","4"
"2019","7","17","7","50","臺中市","梧棲區","0","1","0","8","1","5","50","4","2","1","5","4","5","7","4","4","10","5","5","2","12","43","2","8","1","1","B03","7","9","3","18","11","5","","43","43","1","20","8","B03","24.258356","120.532978","2"
"2019","7","17","7","51","臺中市","梧棲區","0","1","0","8","1","5","40","4","1","1","5","4","5","7","4","4","10","5","5","2","16","6","2","9","1","1","C03","7","9","1","10","2","11","","6","6","1","12","1","C03","24.246979","120.539487","2"
"2019","7","17","7","56","臺中市","北屯區","0","0","0","8","","","50","","","","","","","","","","","","","","","","","","","","B03","","","1","","2","","","23","","1","4","","B03","24.1589","120.7213","3"
"2019","7","17","7","59","臺中市","大甲區","0","1","0","8","1","5","60","14","7","1","5","4","5","7","4","4","1","4","5","1","3","51","2","8","4","5","H01","8","16","8","20","9","16","","51","51","1","5","8","H01","24.346675","120.616472","2"
"2019","7","17","8","4","臺中市","西屯區","0","1","0","8","1","5","40","14","8","1","5","4","5","7","4","4","1","5","1","2","17","16","2","7","1","1","C03","7","9","1","10","2","11","","16","16","1","21","8","C03","24.183913","120.608251","2"
"2019","7","17","8","5","臺中市","梧棲區","0","1","0","8","1","5","40","4","1","1","5","4","5","7","4","4","10","5","5","2","15","6","2","8","3","3","C03","7","9","6","10","2","11","","6","6","1","12","1","C03","24.22554","120.53691","2"
"2019","7","17","8","5","臺中市","大雅區","0","1","0","8","1","5","40","3","1","1","5","4","5","7","4","4","10","5","5","1","16","6","3","10","1","1","B03","7","5","1","8","2","5","","6","6","1","22","9","B03","24.232753","120.670495","2"
"2019","7","17","8","9","臺中市","潭子區","1","0","0","8","1","5","50","14","9","1","5","4","5","7","4","4","5","5","5","1","12","17","3","10","1","1","A21","7","9","1","7","9","2","","17","17","2","22","8","A21","24.203957","120.674193","1"
"2019","7","17","8","10","臺中市","大里區","0","0","0","8","","","40","","","","","","","","","","","","","","","","","","","","C03","","","1","","2","","","1","","1","18","","C03","24.081018","120.700881","3"
"2019","7","17","8","10","臺中市","清水區","0","0","0","8","1","5","50","3","1","1","5","4","5","7","4","4","10","5","5","2","16","26","3","10","1","1","B03","7","5","1","8","2","8","","26","26","1","5","8","B03","24.276827","120.567208","3"
"2019","7","17","8","13","臺中市","西區","0","0","0","8","","","50","","","","","","","","","","","","","","","","","","","","B03","","","1","","2","","","6","","1","22","","B03","24.135072","120.676932","3"
"2019","7","17","8","14","臺中市","東勢區","0","0","0","8","","","50","","","","","","","","","","","","","","","","","","","","B03","","","1","","2","","","6","","1","21","","B03","24.259318","120.828615","3"
"2019","7","17","8","20","臺中市","后里區","0","0","0","8","1","5","50","3","2","1","5","4","5","7","4","4","5","5","5","1","16","10","3","10","1","1","B03","7","11","1","8","2","5","","10","10","1","21","8","B03","24.30228","120.734273","3"
"2019","7","17","8","25","臺中市","南屯區","0","1","0","8","1","5","40","14","8","1","5","4","5","7","4","4","1","4","1","2","13","23","2","9","1","1","C03","7","9","1","10","2","11","","23","23","1","22","8","C03","24.139444","120.622625","2"
"2019","7","17","8","26","臺中市","潭子區","0","0","0","8","","","50","","","","","","","","","","","","","","","","","","","","B03","","","1","","2","","","6","","1","22","","B03","24.193349","120.701857","3"
"2019","7","17","8","30","臺中市","沙鹿區","0","0","0","8","","","50","","","","","","","","","","","","","","","","","","","","A12","","","1","","2","","","19","","1","10","","A12","24.241953","120.56507","3"
"2019","7","17","8","30","臺中市","沙鹿區","0","0","0","8","","","70","","","","","","","","","","","","","","","10","","","","","B02","","","1","","2","","","10","10","","","","B02","24.248393","120.603774","3"
"2019","7","17","8","48","臺中市","西屯區","0","1","0","8","1","5","50","4","1","1","5","4","5","7","2","1","5","4","4","2","16","6","3","10","3","4","B01","7","6","1","4","2","2","","6","6","1","21","8","B01","24.169148","120.660054","2"
"2019","7","17","8","50","臺中市","北屯區","0","0","0","8","","","50","","","","","","","","","","","","","","","","","","","","B03","","","1","","2","","","12","","1","21","","B03","24.165563","120.696561","3"
"2019","7","17","8","59","臺中市","南區","0","1","0","8","1","5","50","4","1","1","5","4","5","7","1","1","10","5","5","2","16","25","3","10","1","1","B03","7","6","1","8","2","6","","25","25","1","5","8","B03","24.122714","120.653486","2"
"2019","7","17","9","2","臺中市","西區","0","0","0","8","","","50","","","","","","","","","","","","","","","","","","","","B03","","","1","","2","","","6","","1","22","","B03","24.145539","120.664296","3"
"2019","7","17","9","3","臺中市","北區","0","2","0","8","1","5","50","4","1","1","5","4","5","7","1","1","5","4","4","2","13","23","2","9","1","1","C03","7","9","1","10","2","11","","23","23","1","5","8","C03","24.15925","120.66918","2"
"2019","7","17","9","9","臺中市","太平區","0","1","0","8","1","5","50","4","1","1","5","4","5","7","4","4","10","5","5","2","15","6","2","9","1","1","C03","7","9","1","10","2","12","","6","6","1","21","8","C03","24.151571","120.711717","2"
"2019","7","17","9","9","臺中市","烏日區","0","1","0","8","1","5","60","4","1","1","5","4","5","7","2","1","10","5","5","2","16","9","3","10","1","1","B03","7","6","1","8","2","6","","9","9","1","21","8","B03","24.10698","120.614251","2"
"2019","7","17","9","10","臺中市","北屯區","0","0","0","8","","","40","","","","","","","","","","","","","","","","","","","","C03","","","1","","2","","","6","","1","5","","C03","24.166845","120.699063","3"
"2019","7","17","9","15","臺中市","北屯區","0","1","0","8","1","5","50","4","1","1","5","4","5","7","4","4","10","5","5","2","15","6","2","9","1","1","C03","7","9","1","10","2","11","","6","6","1","21","8","C03","24.169803","120.709918","2"
"2019","7","17","9","18","臺中市","東區","0","2","0","8","1","5","50","3","1","1","5","4","5","7","1","1","10","5","5","2","17","7","2","9","1","1","C03","7","7","1","10","2","13","","7","7","1","21","8","C03","24.13231","120.691288","2"
"2019","7","17","9","32","臺中市","潭子區","0","0","0","","","","","","","","","","","","","","","","","","","","","","","","B03","","","1","","2","","","42","","","22","","B03","24.201616","120.703594","3"
"2019","7","17","9","38","臺中市","梧棲區","0","0","0","8","","","50","","","","","","","","","","","","","","","","","","","","B12","","","1","","2","","","17","","1","","","B12","24.257149","120.530452","4"
"2019","7","17","9","50","臺中市","西區","0","0","0","8","","","40","","","","","","","","","","","","","","","","","","","","B03","","","1","","2","","","12","","1","22","","B03","24.154328","120.654273","3"
"2019","7","17","9","55","臺中市","東勢區","0","1","0","8","1","5","50","3","1","1","5","4","5","7","3","1","10","5","5","2","12","1","3","10","1","1","B12","7","4","1","7","2","2","","1","1","1","21","8","B12","24.24677","120.833474","2"
"2019","7","17","10","3","臺中市","大雅區","0","2","0","8","1","5","50","3","1","1","5","4","5","7","4","4","5","4","5","1","16","6","2","9","1","1","C03","7","5","1","10","2","11","","6","6","1","22","9","C03","24.229845","120.655057","2"
"2019","7","17","10","10","臺中市","太平區","0","0","0","8","","","40","","","","","","","","","","","","","","","","","","","","B03","","","1","","2","","","41","","1","4","","B03","24.155177","120.713673","3"
"2019","7","17","10","13","臺中市","大雅區","0","2","0","8","1","5","40","4","1","1","5","4","5","7","4","4","10","5","5","2","15","6","2","7","1","1","C03","7","9","1","10","2","11","","6","6","1","21","8","C03","24.227408","120.648623","2"
"2019","7","17","10","16","臺中市","北屯區","0","1","0","8","1","5","50","4","1","1","5","4","5","7","1","1","10","5","5","2","12","17","3","10","1","1","B12","7","9","1","8","2","2","","17","17","1","4","8","B12","24.1712","120.6942","2"
"2019","7","17","10","18","臺中市","北屯區","0","0","0","8","1","7","40","14","15","1","5","4","5","7","4","4","1","3","5","1","11","7","3","10","1","1","A12","7","8","1","1","2","5","","7","7","1","21","8","A12","24.169156","120.720951","3"
"2019","7","17","10","23","臺中市","西屯區","0","0","0","8","1","","50","3","1","1","5","4","5","7","4","4","10","5","5","2","16","6","3","10","3","4","B03","7","5","1","8","2","5","","6","6","1","22","9","B03","24.18635","120.622947","3"
"2019","7","17","10","26","臺中市","西屯區","0","0","0","8","","","40","","","","","","","","","","","","","","","","","","","","B03","","","1","","2","","","12","","1","","","B03","24.189091","120.637052","3"
"2019","7","17","10","30","臺中市","東區","0","1","0","8","1","5","50","14","7","1","5","4","5","7","4","4","5","5","4","2","17","26","3","10","1","1","B01","7","11","1","4","2","8","","26","26","1","10","8","B01","24.13396","120.689126","2"
"2019","7","17","10","40","臺中市","豐原區","0","0","0","8","","","50","","","","","","","","","","","","","","","","","","","","C03","","","1","","2","","","23","","","","","C03","24.25105","120.71064","3"
"2019","7","17","10","44","臺中市","北區","0","2","0","8","1","5","50","3","1","1","5","4","5","7","4","4","10","5","5","2","17","6","2","9","1","1","C03","7","5","1","10","2","13","","6","6","1","22","9","C03","24.170064","120.669522","2"
"2019","7","17","10","48","臺中市","北區","0","0","0","8","","","50","","","","","","","","","","","","","","","","","","","","B03","","","1","","2","","","19","","1","4","","B03","24.16125","120.68115","3"
"2019","7","17","10","55","臺中市","北區","0","1","0","8","1","5","50","4","1","1","5","4","5","7","4","4","10","5","5","2","11","6","2","9","3","4","C03","7","9","1","10","2","11","","6","6","1","5","8","C03","24.151975","120.682059","2"
"2019","7","17","10","57","臺中市","北區","0","1","0","8","1","5","50","5","1","1","5","4","5","7","1","1","10","5","5","2","16","25","3","10","3","4","B03","7","5","1","8","2","8","","25","25","1","5","8","B03","24.154588","120.68601","2"
"2019","7","17","11","0","臺中市","北屯區","0","2","0","8","1","5","50","14","8","1","5","4","5","7","4","4","1","5","4","2","13","16","2","8","1","1","C03","7","9","1","10","2","11","","16","16","1","18","8","C03","24.186981","120.663218","2"
"2019","7","17","11","16","臺中市","南區","0","0","0","8","1","5","50","14","9","1","5","4","5","7","2","1","1","2","5","2","13","","","","","","B12","","","1","","2","","","42","","1","5","","B12","24.115183","120.655435","3"
"2019","7","17","11","30","臺中市","沙鹿區","0","0","0","8","","","40","","","","","","","","","","","","","","","","","","","","A41","","","1","","2","","","19","","1","10","","A41","24.21239","120.55683","3"
"2019","7","17","11","30","臺中市","清水區","0","0","0","8","","","40","","","","","","","","","","","","","","","","","","","","B03","","","1","","2","","","18","","1","21","","B03","24.2685","120.574843","3"
"2019","7","17","11","32","臺中市","北區","0","2","0","8","1","5","40","3","1","1","5","4","5","7","4","4","10","5","5","2","17","6","2","9","1","1","C03","7","5","1","10","2","14","","6","6","1","22","9","C03","24.16244","120.682867","2"
"2019","7","17","11","40","臺中市","清水區","0","1","0","8","1","5","40","3","2","1","5","4","5","7","4","4","1","4","1","1","17","23","2","9","1","1","C03","7","9","1","10","2","14","","23","23","1","22","8","C03","24.291153","120.54334","2"
"2019","7","17","11","45","臺中市","梧棲區","0","1","0","8","1","5","50","14","9","1","5","4","5","7","4","4","5","5","5","2","12","38","3","10","1","1","B03","7","9","1","8","2","2","","4","38","1","2","8","B03","24.246065","120.539631","2"
"2019","7","17","11","50","臺中市","大里區","0","0","0","8","","","50","","","","","","","","","","","","","","","","","","","","B03","","","1","","2","","","6","","1","12","","B03","24.102471","120.695791","3"
"2019","7","17","11","50","臺中市","潭子區","0","0","0","8","","","50","","","","","","","","","","","","","","","","","","","","C03","","","1","","2","","","23","","1","22","","C03","24.187337","120.702402","3"
"2019","7","17","11","54","臺中市","沙鹿區","0","0","0","8","","","50","","","","","","","","","","","","","","","","","","","","A31","","","1","","2","","","45","","1","10","","A31","24.202164","120.568988","3"
"2019","7","17","11","55","臺中市","太平區","0","0","0","8","","","50","","","","","","","","","","","","","","","","","","","","B03","","","1","","2","","","23","","1","21","","B03","24.105606","120.715697","3"
"2019","7","17","12","16","臺中市","清水區","0","0","0","8","","","40","","","","","","","","","","","","","","","","","","","","B12","","","1","","2","","","12","","1","3","","B12","24.262205","120.572783","3"
"2019","7","17","12","19","臺中市","中區","0","0","0","8","","","50","","","","","","","","","","","","","","","","","","","","B02","","","1","","2","","","23","","1","5","","B02","24.142851","120.679756","4"
"2019","7","17","12","20","臺中市","大甲區","0","3","0","8","1","5","50","3","1","1","5","4","5","7","1","1","10","5","5","2","16","19","2","9","1","4","C03","7","1","1","10","2","11","","19","19","1","21","8","C03","24.341916","120.620304","2"
"2019","7","17","12","22","臺中市","太平區","0","0","0","8","","","40","","","","","","","","","","","","","","","","","","","","B03","","","1","","1","","","23","","1","21","","B03","24.153598","120.709915","3"
"2019","7","17","12","29","臺中市","西屯區","0","1","0","8","1","5","50","3","1","1","5","4","5","7","2","1","1","4","1","2","15","25","3","10","3","4","B03","7","9","1","8","2","4","","25","25","1","21","8","B03","24.182552","120.61645","2"
"2019","7","17","12","40","臺中市","西區","0","0","0","8","","","50","","","","","","","","","","","","","","","","","","","","B03","","","1","","11","","","12","","1","22","","B03","24.142942","120.658874","3"
"2019","7","17","12","47","臺中市","后里區","0","1","0","8","1","5","50","4","1","1","5","4","5","7","3","1","5","5","4","2","15","6","2","9","1","1","C03","7","9","1","10","2","12","","6","6","1","21","8","C03","24.308656","120.716726","2"
"2019","7","17","12","49","臺中市","大甲區","0","0","0","","","","","","","","","","","","","","","","","","","","","","","","B03","","","1","","2","","","6","","1","22","","B03","24.344686","120.626205","3"
"2019","7","17","12","56","臺中市","大里區","0","0","0","8","","","50","","","","","","","","","","","","","","","","","","","","B03","","","1","","2","","","16","","1","12","","B03","24.093831","120.700477","3"
"2019","7","17","13","0","臺中市","神岡區","0","0","0","8","","","50","","","","","","","","","","","","","","","","","","","","G03","","","8","","2","","","12","","1","21","","G03","24.256068","120.660363","4"
"2019","7","17","13","4","臺中市","梧棲區","0","0","0","8","","","50","","","","","","","","","","","","","","","","","","","","B03","","","1","","2","","","7","","1","2","","B03","24.255135","120.530695","3"
"2019","7","17","13","7","臺中市","西屯區","0","1","0","8","1","5","40","3","1","1","5","4","5","7","1","1","1","4","1","2","13","23","3","10","3","4","B03","7","7","1","8","2","1","","23","23","1","21","8","B03","24.162813","120.628769","2"
"2019","7","17","13","21","臺中市","東區","0","1","0","8","1","5","50","14","8","1","5","4","5","7","4","4","5","5","4","2","16","6","3","10","1","1","B03","7","6","1","8","2","5","","6","6","1","5","8","B03","24.151676","120.692759","2"
"2019","7","17","13","26","臺中市","北屯區","0","2","0","8","1","5","50","4","1","1","5","4","5","7","1","1","10","5","5","2","13","23","2","9","1","1","C03","7","9","1","10","2","11","","23","23","1","16","8","C03","24.1856","120.6642","2"
"2019","7","17","13","30","臺中市","外埔區","0","0","0","","","","","","","","","","","","","","","","","","","42","","","","","B02","","","1","","2","","","42","42","","","","B02","24.324556","120.648905","3"
"2019","7","17","13","37","臺中市","太平區","0","0","0","8","","","40","","","","","","","","","","","","","","","","","","","","B03","","","1","","2","","","12","","1","4","","B03","24.112005","120.703528","3"
"2019","7","17","13","51","臺中市","太平區","0","0","0","8","","","50","","","","","","","","","","","","","","","","","","","","B03","","","1","","2","","","23","","1","21","","B03","24.154463","120.707004","3"
"2019","7","17","13","53","臺中市","南屯區","0","1","0","8","1","5","40","3","1","1","5","4","5","7","4","4","10","5","5","2","16","10","3","10","1","1","B03","7","11","1","8","2","5","","10","10","1","22","8","B03","24.153623","120.652175","2"
"2019","7","17","13","56","臺中市","西屯區","0","1","0","8","1","5","50","14","9","1","5","4","5","7","4","4","5","4","5","2","12","23","2","8","3","4","C03","7","15","1","10","2","15","","23","23","1","21","8","C03","24.178479","120.645104","2"