"年","月","日","時","分","縣市","區","死","受傷","2-30","天候","光線","道路類別","速限","道路型態","事故位置","路面鋪裝","路面狀態","路面缺陷","障礙物","視距","號誌種類","號誌動作","分向設施","快車道或一般車道間","快慢車道間","路面邊線","事故類型及型態","主要肇因","受傷程度","主要傷處","保護裝備","行動電話","當事者區分_類別","車輛用途","當事者行動狀態","駕駛資格情形","駕駛執照種類","飲酒情形","車輛撞擊部位最初","車輛撞擊部位其他","肇事因素個別","肇事因素主要","肇事逃逸","職業","旅次目的","車種","GPS座標_緯度","GPS座標_經度","事故類別"
"2019","7","17","14","3","臺中市","太平區","0","0","0","8","","","40","","","","","","","","","","","","","","","","","","","","B03","","","1","","2","","","12","","1","21","","B03","24.156307","120.72938","3"
"2019","7","17","14","5","臺中市","大雅區","0","0","0","8","","","50","","","","","","","","","","","","","","","","","","","","B03","","","1","","2","","","18","","1","21","","B03","24.226801","120.64901","3"
"2019","7","17","14","16","臺中市","太平區","0","0","0","8","","","40","","","","","","","","","","","","","","","","","","","","B03","","","1","","2","","","12","","1","4","","B03","24.124749","120.705782","3"
"2019","7","17","14","17","臺中市","北區","0","0","0","8","","","40","","","","","","","","","","","","","","","","","","","","B03","","","1","","2","","","23","","1","5","","B03","24.165701","120.671825","3"
"2019","7","17","14","24","臺中市","南屯區","0","0","0","8","","","50","","","","","","","","","","","","","","","","","","","","C03","","","1","","2","","","23","","1","","","C03","24.14","120.645833","3"
"2019","7","17","14","25","臺中市","南區","0","0","0","8","","","50","","","","","","","","","","","","","","","","3","","","","B03","","","1","","2","","","16","","1","21","","B03","24.114785","120.65488","3"
"2019","7","17","14","25","臺中市","霧峰區","0","0","0","8","","","50","","","","","","","","","","","","","","","","","","","","C03","","","1","","9","","","44","","1","21","","C03","24.024865","120.657451","3"
"2019","7","17","14","28","臺中市","北區","0","1","0","8","1","5","50","4","1","1","5","4","5","7","4","4","10","5","5","2","15","6","2","9","1","1","C03","7","9","1","10","2","11","14","6","6","1","4","4","C03","24.168585","120.67762","2"
"2019","7","17","14","38","臺中市","太平區","0","0","0","8","","","80","","","","","","","","","","","","","","","","","","","","B03","","","1","","2","","","23","","1","21","","B03","24.139693","120.710407","3"
"2019","7","17","14","41","臺中市","南屯區","0","1","0","8","1","5","50","14","9","1","5","4","5","7","4","4","5","4","5","2","13","16","3","10","1","1","C03","7","9","1","10","2","11","","16","16","1","4","8","C03","24.146666","120.641666","2"
"2019","7","17","14","45","臺中市","北屯區","0","0","0","8","","","50","","","","","","","","","","","","","","","42","","","","","A12","","","1","","2","","","42","42","1","","","A12","24.179412","120.66762","3"
"2019","7","17","14","45","臺中市","大里區","0","0","0","8","","","50","","","","","","","","","","","","","","","","","","","","B12","","","1","","2","","","12","","1","12","","B12","24.102892","120.708699","3"
"2019","7","17","14","49","臺中市","南區","0","0","0","8","1","5","50","4","2","1","5","4","5","7","2","1","1","4","5","2","13","","","","","","B03","","","1","","2","","","16","","1","5","","B03","24.11886","120.679192","3"
"2019","7","17","15","11","臺中市","沙鹿區","0","0","0","8","","","50","","","","","","","","","","","","","","","","","","","","B03","","","1","","2","","","23","","1","22","","B03","24.242423","120.571483","3"
"2019","7","17","15","11","臺中市","潭子區","0","1","0","8","1","5","50","4","1","1","5","4","5","7","1","1","10","5","5","2","16","6","3","10","1","1","B03","7","5","1","8","2","8","","6","6","1","22","7","B03","24.218483","120.692223","2"
"2019","7","17","15","18","臺中市","新社區","0","0","0","8","","","50","","","","","","","","","","","","","","","","","","","","B03","","","1","","2","","","23","","1","21","","B03","24.241895","120.807373","3"
"2019","7","17","15","21","臺中市","西屯區","0","2","0","8","1","5","50","3","1","1","5","4","5","7","2","1","10","5","5","2","16","4","2","8","1","1","C03","7","5","1","10","2","14","","8","4","1","21","8","C03","24.166301","120.66399","2"
"2019","7","17","15","30","臺中市","南屯區","0","0","0","8","","","60","","","","","","","","","","","","","","","","","","","","B03","","","1","","2","","","23","","1","22","","B03","24.123938","120.63319","3"
"2019","7","17","15","30","臺中市","大里區","0","0","0","8","","","50","","","","","","","","","","","","","","","","","","","","B03","","","1","","2","","","23","","1","","","B03","24.094891","120.666976","3"
"2019","7","17","15","40","臺中市","西屯區","0","1","0","8","1","5","40","4","1","1","5","4","5","7","4","4","10","5","5","2","16","6","3","10","1","1","B01","7","9","1","4","2","1","","14","6","1","22","9","B01","24.175571","120.642486","2"
"2019","7","17","15","47","臺中市","后里區","0","0","0","8","","","40","","","","","","","","","","","","","","","","","","","","B12","","","1","","2","","","42","","1","22","","B12","24.294918","120.718433","3"
"2019","7","17","15","58","臺中市","西屯區","0","1","0","8","1","5","50","14","9","1","5","4","5","7","4","4","5","5","5","2","16","7","3","10","1","1","C03","7","7","1","10","2","13","","7","7","1","22","8","C03","24.167058","120.650261","2"
"2019","7","17","16","0","臺中市","南區","0","1","0","8","1","5","50","4","1","1","5","4","5","7","1","1","10","5","5","2","18","13","2","9","1","1","C03","7","9","1","10","2","11","","13","13","1","22","8","C03","24.129341","120.677878","2"
"2019","7","17","16","9","臺中市","北區","0","0","0","8","","","50","","","","","","","","","","","","","","","","","","","","B03","","","1","","2","","","23","","1","22","","B03","24.1622","120.6746","3"
"2019","7","17","16","10","臺中市","太平區","0","1","0","8","1","5","50","14","8","1","5","4","5","7","4","4","4","4","4","2","16","9","3","10","1","1","B03","7","6","1","8","2","6","","9","9","1","21","7","B03","24.149647","120.713232","2"
"2019","7","17","16","13","臺中市","北屯區","0","2","0","8","1","5","5","4","2","1","5","4","5","7","1","1","5","5","4","2","17","25","2","8","1","1","C03","7","5","3","18","2","11","","25","25","1","22","8","C03","24.1767","120.6837","2"
"2019","7","17","16","23","臺中市","南屯區","0","0","0","8","","","40","","","","","","","","","","","","","","","","","","","","A41","","","1","","2","","","17","","1","22","","A41","24.149563","120.623587","3"
"2019","7","17","16","24","臺中市","后里區","0","0","0","8","","","50","","","","","","","","","","","","","","","50","","","","","B03","","","1","","2","","","50","50","1","22","","B03","24.305355","120.709733","3"
"2019","7","17","16","24","臺中市","潭子區","0","0","0","8","","","40","","","","","","","","","","","","","","","","","","","","B03","","","1","","2","","","6","","1","22","","B03","24.202521","120.728175","3"
"2019","7","17","16","27","臺中市","北區","0","3","0","8","1","5","50","4","2","1","5","4","5","7","4","4","5","5","4","2","17","26","2","9","1","1","C03","7","6","1","10","2","11","","26","26","1","22","8","C03","24.171766","120.672222","2"
"2019","7","17","16","32","臺中市","西屯區","0","1","0","8","1","5","50","14","7","1","5","4","5","7","1","1","1","4","4","2","16","26","2","9","1","1","C03","7","9","1","10","2","14","","26","26","1","21","8","C03","24.170383","120.657856","2"
"2019","7","17","16","36","臺中市","西屯區","0","0","0","8","","","50","","","","","","","","","","","","","","","26","","","","","B03","","","1","","2","","","26","26","1","","","B03","24.178766","120.624096","3"
"2019","7","17","16","38","臺中市","潭子區","0","1","0","8","1","5","40","14","16","1","5","4","5","7","4","4","10","5","5","1","13","23","2","8","1","1","B12","7","9","1","8","2","1","","23","23","1","22","8","B12","24.201527","120.700173","2"
"2019","7","17","16","39","臺中市","西區","0","0","0","8","","","50","","","","","","","","","","","","","","","","","","","","B03","","","1","","2","","","6","","1","","","B03","24.14672","120.658824","3"
"2019","7","17","16","41","臺中市","南屯區","0","1","0","8","1","5","50","4","2","1","5","4","5","7","2","1","5","5","5","2","16","13","2","9","1","1","C03","7","6","2","18","2","11","","13","13","1","22","9","C03","24.134698","120.646416","2"
"2019","7","17","16","42","臺中市","北區","0","1","0","8","1","5","50","4","1","1","5","4","5","7","1","1","10","5","5","2","16","8","3","10","1","1","C03","7","5","2","18","2","14","14","8","8","1","22","9","C03","24.165024","120.682692","2"
"2019","7","17","16","42","臺中市","北區","0","1","0","8","1","5","50","3","1","1","5","4","5","7","4","4","10","5","5","2","16","6","3","10","1","1","C03","7","6","1","10","2","12","","6","6","1","22","9","C03","24.163001","120.671434","2"
"2019","7","17","16","49","臺中市","后里區","0","1","0","8","1","5","50","14","9","1","5","2","5","7","4","4","9","5","5","1","18","43","2","9","3","4","C03","7","9","1","10","2","15","","43","43","1","22","8","C03","24.298794","120.713966","2"
"2019","7","17","16","57","臺中市","北區","0","0","0","8","","","50","","","","","","","","","","","","","","","","","","","","B03","","","1","","2","","","23","","1","22","","B03","24.154","120.6833","3"
"2019","7","17","17","17","臺中市","北屯區","0","2","0","8","1","5","50","14","9","1","5","4","5","7","4","4","5","2","5","2","12","42","2","9","3","4","C03","7","4","1","10","2","12","","42","42","1","22","8","C03","24.175925","120.717247","2"
"2019","7","17","17","17","臺中市","梧棲區","0","1","0","8","1","5","40","14","8","1","5","4","5","7","4","4","1","4","3","1","17","16","2","9","3","4","C03","7","9","1","10","2","11","","16","16","1","21","8","C03","24.245183","120.548847","2"
"2019","7","17","17","19","臺中市","北屯區","0","0","0","8","","","50","","","","","","","","","","","","","","","9","","","","","B03","","","1","","2","","","9","9","1","","","B03","24.173811","120.730194","3"
"2019","7","17","17","21","臺中市","南屯區","0","1","0","8","2","5","50","4","1","1","5","4","5","7","1","1","5","5","2","1","16","23","3","10","1","1","C03","7","9","1","10","2","12","","23","23","1","4","8","C03","24.132563","120.636743","2"
"2019","7","17","17","23","臺中市","梧棲區","0","1","0","8","1","5","50","4","1","1","5","4","5","7","4","4","10","5","5","2","15","6","3","10","3","4","B03","7","9","1","10","2","8","","14","6","1","21","8","B03","24.246865","120.535946","2"
"2019","7","17","17","30","臺中市","神岡區","0","0","0","8","","","50","","","","","","","","","","","","","","","","","","","","C03","","","1","","2","","","16","","1","22","","C03","24.248919","120.698754","3"
"2019","7","17","17","35","臺中市","北區","0","1","0","8","1","5","50","14","9","1","5","4","5","7","4","4","5","5","5","2","2","23","3","10","1","1","B03","7","9","1","8","2","2","","23","23","1","22","8","B03","24.15256","120.68802","2"
"2019","7","17","17","39","臺中市","大雅區","0","0","0","8","","","50","","","","","","","","","","","","","","","","","","","","C03","","","1","","2","","","4","","1","22","","C03","24.20724","120.64417","3"
"2019","7","17","17","40","臺中市","潭子區","0","0","0","8","","","50","","","","","","","","","","","","","","","","","","","","B03","","","1","","2","","","23","","1","22","","B03","24.212429","120.705281","3"
"2019","7","17","17","42","臺中市","北區","0","0","0","8","","","50","","","","","","","","","","","","","","","","3","","","","B03","","","1","","2","","","12","","1","22","","B03","24.160335","120.683663","3"
"2019","7","17","17","42","臺中市","后里區","0","2","0","8","1","5","50","14","9","1","5","4","5","7","4","4","5","5","5","1","16","8","2","7","1","4","C03","7","5","1","10","2","12","","8","8","1","22","9","C03","24.310893","120.718361","2"
"2019","7","17","17","43","臺中市","北屯區","0","1","0","8","2","5","50","4","1","1","5","4","5","7","2","1","10","5","5","2","16","25","3","10","3","4","B03","7","5","3","18","7","1","","25","25","1","21","8","B03","24.160519","120.699372","2"
"2019","7","17","17","50","臺中市","沙鹿區","0","3","0","8","2","5","50","14","9","1","5","4","5","4","4","4","10","5","5","2","11","17","2","9","1","1","C03","7","9","1","10","2","14","","17","17","1","18","8","C03","24.221751","120.595309","2"
"2019","7","17","17","52","臺中市","南區","0","0","0","8","","","50","","","","","","","","","","","","","","","","","","","","F06","","","1","","2","","","23","","1","4","","F06","24.121625","120.649223","3"
"2019","7","17","17","53","臺中市","南屯區","0","0","0","8","","","50","","","","","","","","","","","","","","","","","","","","B03","","","1","","2","","","23","","1","5","","B03","24.149786","120.623084","3"
"2019","7","17","17","56","臺中市","大里區","0","0","0","8","","","50","","","","","","","","","","","","","","","","","","","","C03","","","1","","11","","","19","","1","22","","C03","24.102971","120.684917","3"
"2019","7","17","18","4","臺中市","西屯區","0","0","0","8","","","50","","","","","","","","","","","","","","","23","","","","","B03","","","1","","2","","","42","23","1","","","B03","24.178653","120.624081","3"
"2019","7","17","18","5","臺中市","南區","0","0","0","8","1","5","50","14","9","1","5","4","5","7","4","4","9","4","5","2","12","23","3","10","1","1","B03","7","9","1","","2","2","","23","23","1","22","8","B03","24.113723","120.659921","3"
"2019","7","17","18","5","臺中市","潭子區","0","0","0","8","","","50","","","","","","","","","","","","","","","","","","","","B12","","","1","","2","","","23","","1","22","","B12","24.193447","120.694524","3"
"2019","7","17","18","6","臺中市","沙鹿區","0","1","0","8","1","5","50","5","2","1","5","4","5","7","1","1","3","5","5","2","17","23","2","9","1","1","C03","7","9","1","10","2","11","","23","23","1","5","9","C03","24.238276","120.56859","2"
"2019","7","17","18","7","臺中市","外埔區","0","1","0","8","1","5","50","4","1","1","5","4","5","7","3","1","10","5","5","2","15","6","3","10","3","4","B03","7","9","1","8","2","8","","6","6","1","22","8","B03","24.331547","120.657589","2"
"2019","7","17","18","8","臺中市","龍井區","0","1","0","8","1","5","40","4","1","1","5","4","5","7","4","4","10","5","5","2","15","6","2","9","3","4","C03","7","9","1","10","2","12","","6","6","1","16","9","C03","24.205963","120.512811","2"
"2019","7","17","18","10","臺中市","西屯區","0","0","0","8","","","40","","","","","","","","","","","","","","","6","","","","","B03","","","1","","2","","","16","6","1","22","","B03","24.185235","120.626428","3"
"2019","7","17","18","14","臺中市","南屯區","0","0","0","8","","","50","","","","","","","","","","","","","","","27","","","","","B03","","","1","","2","","","27","27","1","","","B03","24.15148","120.636156","3"
"2019","7","17","18","15","臺中市","西區","0","2","0","8","1","5","50","4","1","1","5","4","5","7","4","4","5","5","5","2","15","6","3","10","1","1","B03","7","9","1","8","2","1","","6","6","1","21","8","B03","24.137111","120.676108","2"
"2019","7","17","18","24","臺中市","北屯區","0","0","0","8","","","50","","","","","","","","","","","","","","","","","","","","B03","","","1","","2","","","23","","1","","","B03","24.172618","120.71956","3"
"2019","7","17","18","33","臺中市","西區","0","0","0","","","","","","","","","","","","","","","","","","","","","","","","","","","7","","11","","","43","","1","","","","","","3"
"2019","7","17","18","33","臺中市","太平區","0","1","0","8","3","5","80","14","7","1","5","4","5","7","4","4","1","3","5","1","12","23","3","10","1","1","B03","7","9","1","8","2","1","","23","23","1","21","8","B03","24.145603","120.712663","2"
"2019","7","17","18","38","臺中市","沙鹿區","0","1","0","8","1","5","40","3","2","1","5","4","5","7","4","4","4","4","4","1","14","12","3","10","1","1","B03","7","2","1","8","2","6","","12","12","1","2","7","B03","24.238635","120.572564","2"
"2019","7","17","18","45","臺中市","西區","0","0","0","","","","","","","","","","","","","","","","","","","","","","","","B03","","","1","","9","","","17","","1","21","","B03","24.146097","120.655102","3"
"2019","7","17","18","50","臺中市","太平區","0","0","0","8","","","50","","","","","","","","","","","","","","","","","","","","B03","","","1","","2","","","17","","1","21","","B03","24.140476","120.710626","3"
"2019","7","17","18","53","臺中市","西區","0","1","0","8","3","5","50","4","1","1","5","4","5","7","4","4","10","5","5","2","15","6","3","10","1","1","B03","7","9","1","8","2","2","","6","6","1","5","5","B03","24.146616","120.669401","2"
"2019","7","17","18","53","臺中市","北屯區","0","1","0","8","3","5","50","4","2","1","5","4","5","7","2","1","1","2","5","2","17","42","3","10","3","4","C03","7","15","1","10","2","14","","42","42","1","21","8","C03","24.187315","120.657676","2"
"2019","7","17","18","54","臺中市","西屯區","0","0","0","8","","","40","","","","","","","","","","","","","","","","","","","","A04","","","1","","2","","","23","","1","10","","A04","24.159096","120.656283","3"
"2019","7","17","19","3","臺中市","西區","0","1","0","8","3","5","50","4","1","1","5","4","5","7","1","1","10","5","5","2","16","6","3","10","1","1","B03","7","5","1","8","2","1","","6","6","1","21","8","B03","24.155372","120.658606","2"
"2019","7","17","19","10","臺中市","西屯區","0","0","0","8","","","50","","","","","","","","","","","","","","","23","","","","","B03","","","1","","2","","","23","23","1","","","B03","24.16585","120.639908","3"
"2019","7","17","19","16","臺中市","大雅區","0","1","0","8","3","5","50","4","1","1","5","4","5","7","1","1","5","5","5","1","16","6","3","10","1","1","B03","7","5","1","8","2","8","","6","6","1","21","8","B03","24.232957","120.643489","2"
"2019","7","17","19","29","臺中市","北屯區","0","1","0","8","2","5","50","3","1","1","5","4","5","7","3","1","5","5","4","2","16","6","2","9","1","1","C03","7","5","1","10","2","12","","6","6","1","5","8","C03","24.172891","120.705814","2"
"2019","7","17","19","30","臺中市","南屯區","0","0","0","","","","","","","","","","","","","","","","","","","26","","","","","A01","","","1","","2","","","7","26","2","","","A01","24.140045","120.613054","3"
"2019","7","17","19","43","臺中市","北區","0","2","0","8","3","5","50","3","1","1","5","4","5","7","1","1","10","5","5","2","15","25","2","8","4","4","F01","7","9","8","20","2","16","16","25","25","1","22","9","F01","24.142987","120.683673","2"
"2019","7","17","19","44","臺中市","北區","0","0","0","8","","","50","","","","","","","","","","","","","","","","","","","","B03","","","1","","2","","","42","","1","22","","B03","24.1575","120.6765","3"
"2019","7","17","19","46","臺中市","北區","0","2","0","8","4","5","50","3","2","1","5","4","5","7","1","1","3","2","4","2","13","41","2","9","1","2","C03","7","9","1","10","2","11","","41","41","1","22","8","C03","24.15743","120.694106","2"
"2019","7","17","20","3","臺中市","西屯區","0","0","0","8","","","50","","","","","","","","","","","","","","","16","","","","","B03","","","1","","2","","","16","16","1","22","","B03","24.165871","120.639561","3"
"2019","7","17","20","20","臺中市","南區","0","0","0","8","","","50","","","","","","","","","","","","","","","23","","","","","B03","","","1","8","2","","","23","23","1","","","B03","24.125246","120.657744","4"
"2019","7","17","20","35","臺中市","梧棲區","0","0","0","","","","50","","","","","","","","","","","","","","","","","","","","B03","","","1","","2","","","23","","","","","B03","24.246596","120.537896","3"
"2019","7","17","20","47","臺中市","霧峰區","0","0","0","8","","","50","","","","","","","","","","","","","","","","","","","","B03","","","1","","2","","","19","","1","22","","B03","24.053417","120.685846","3"
"2019","7","17","21","0","臺中市","新社區","0","2","0","7","3","5","40","4","1","1","5","4","5","7","4","4","10","5","5","1","15","6","2","9","1","1","C03","7","9","1","10","2","14","","6","6","1","9","8","C03","24.195386","120.809633","2"
"2019","7","17","21","12","臺中市","北區","0","1","0","8","3","5","50","4","1","1","5","4","5","7","1","1","10","5","5","2","29","65","","","","","","","","","","","","","65","65","1","","","","24.163041","120.682365","2"
"2019","7","17","21","21","臺中市","沙鹿區","0","0","0","8","","","50","","","","","","","","","","","","","","","","","","","","B03","","","1","","2","","","12","","1","22","","B03","24.212538","120.579476","3"
"2019","7","17","21","23","臺中市","梧棲區","0","0","0","8","","","40","","","","","","","","","","","","","","","","","","","","B03","","","1","","2","","","18","","1","5","","B03","24.247171","120.54355","4"
"2019","7","17","21","24","臺中市","北屯區","0","1","0","8","3","5","50","4","1","1","5","4","5","7","1","1","10","5","5","2","15","25","3","10","1","1","C03","7","9","1","10","2","13","","25","25","1","21","8","C03","24.17509","120.674085","2"
"2019","7","17","21","30","臺中市","沙鹿區","0","1","0","8","3","5","50","4","1","1","5","4","5","7","4","4","10","5","5","2","17","23","3","10","1","1","B03","7","6","1","8","2","5","","23","23","1","5","8","B03","24.235671","120.559041","2"
"2019","7","17","21","30","臺中市","大甲區","0","1","0","8","3","5","50","3","2","1","5","4","5","7","1","1","5","5","4","1","11","21","3","10","1","1","B03","7","9","1","7","8","8","","21","21","1","21","8","B03","24.344873","120.633753","2"
"2019","7","17","21","40","臺中市","大甲區","0","2","0","8","3","5","50","3","2","1","5","4","5","7","4","4","5","5","4","1","13","23","2","9","1","1","C03","7","9","2","18","2","11","","23","23","1","16","8","C03","24.344823","120.633756","2"
"2019","7","17","21","43","臺中市","北區","0","2","0","8","3","5","50","14","9","1","5","4","5","7","4","4","10","5","5","2","13","23","2","9","1","1","C03","7","9","2","18","2","11","","23","23","1","22","8","C03","24.1488","120.6871","2"
"2019","7","17","21","47","臺中市","北屯區","0","3","0","8","3","5","40","3","2","1","5","4","5","7","4","4","10","5","5","2","17","6","2","9","3","4","C03","7","9","1","10","2","14","","6","6","1","21","8","C03","24.17693","120.682068","2"
"2019","7","17","22","10","臺中市","西屯區","0","1","0","8","3","5","50","14","9","1","5","4","5","7","4","4","9","4","5","2","9","42","3","10","1","1","A01","7","1","1","6","2","15","","42","42","1","22","9","A01","24.170263","120.63711","2"
"2019","7","17","22","47","臺中市","大雅區","0","2","0","8","4","5","50","8","13","1","5","4","5","7","4","4","5","4","4","1","12","23","2","9","1","1","C03","7","9","1","10","2","11","","23","23","1","22","9","C03","24.212737","120.671164","2"
"2019","7","17","23","0","臺中市","南屯區","0","1","0","8","3","5","40","14","8","1","5","4","5","7","4","4","1","4","1","2","18","23","2","9","1","1","C03","7","9","1","10","2","14","","23","23","1","22","8","C03","24.151238","120.608933","2"
"2019","7","17","23","15","臺中市","北屯區","0","0","0","8","","","50","","","","","","","","","","","","","","","5","","","","","B03","","","1","","2","","","5","5","1","5","","B03","24.173178","120.705923","3"
"2019","7","17","23","24","臺中市","北區","0","0","0","8","3","5","40","13","9","1","5","4","5","7","4","4","10","5","5","2","14","","","","","","B03","","","1","","2","","","12","","1","22","","B03","24.153314","120.684982","3"
"2019","7","17","23","30","臺中市","沙鹿區","0","1","0","8","3","5","40","14","8","1","5","4","5","7","4","4","1","4","3","1","23","42","2","9","1","1","C03","7","9","1","10","2","14","","42","42","1","18","8","C03","24.20459","120.581431","2"
"2019","7","17","23","51","臺中市","神岡區","0","0","0","8","","","40","","","","","","","","","","","","","","","23","","","","","B03","","","1","","2","","","23","23","1","22","","B03","24.266246","120.675348","3"
"2019","7","18","3","56","臺中市","北區","0","1","0","6","3","5","50","4","1","1","4","4","5","7","1","1","10","5","5","2","16","25","2","7","1","1","C03","7","9","3","18","4","11","","25","25","1","21","8","C03","24.146724","120.674595","2"
"2019","7","18","3","57","臺中市","潭子區","0","0","0","6","","","80","","","","","","","","","","","","","","","","","","","","B03","","","1","","2","","","42","","1","22","","B03","24.200478","120.711572","3"
"2019","7","18","4","0","臺中市","太平區","0","1","0","6","3","5","50","15","13","1","4","4","5","7","4","4","5","5","5","1","12","42","2","9","1","1","B03","7","9","1","7","2","1","","42","42","1","5","8","B03","24.138333","120.714166","2"
"2019","7","18","5","23","臺中市","北屯區","0","0","0","8","","","40","","","","","","","","","","","","","","","","","","","","C03","","","1","","11","","","23","","1","21","","C03","24.167148","120.69475","3"
"2019","7","18","6","30","臺中市","南屯區","0","1","0","6","1","5","50","4","1","1","4","4","5","7","2","1","10","5","5","2","15","25","2","3","1","1","C03","7","9","1","10","2","11","","25","25","1","22","9","C03","24.153701","120.640622","2"
"2019","7","18","7","3","臺中市","北屯區","0","0","0","6","","","50","","","","","","","","","","","","","","","","","","","","B03","","","1","","2","","","23","","1","","","B03","24.200705","120.663131","3"
"2019","7","18","7","6","臺中市","潭子區","0","0","0","6","1","5","50","14","13","1","4","4","5","7","4","4","3","4","4","1","16","","","","","","B03","","","1","","2","","","23","","1","22","","B03","24.215793","120.704696","3"
"2019","7","18","7","15","臺中市","沙鹿區","0","0","0","8","","","60","","","","","","","","","","","","","","","","","","","","B03","","","1","","2","","","43","","1","21","","B03","24.250493","120.57759","3"
"2019","7","18","7","18","臺中市","新社區","0","1","0","6","1","5","50","3","9","1","4","4","5","7","4","4","5","5","5","1","16","8","2","9","1","1","C03","7","5","1","10","2","12","","8","8","1","22","8","C03","24.202969","120.797506","2"
"2019","7","18","7","21","臺中市","龍井區","0","0","0","","","","","","","","","","","","","","","","","","","","","","","","B03","","","1","","2","","","42","","1","22","","B03","24.184006","120.574446","3"
"2019","7","18","7","24","臺中市","梧棲區","0","1","0","8","2","5","50","4","2","1","5","4","5","7","1","1","10","5","5","2","17","42","3","10","1","1","C03","7","9","3","18","2","12","","23","42","1","20","8","C03","24.260084","120.53285","2"
"2019","7","18","7","25","臺中市","大甲區","0","1","0","8","1","5","50","3","1","1","5","4","5","7","4","4","10","5","5","2","13","16","2","9","1","1","C03","7","9","1","10","2","11","","16","16","1","21","1","C03","24.383157","120.659187","2"
"2019","7","18","7","29","臺中市","梧棲區","0","1","0","8","1","5","50","3","2","1","5","4","5","7","4","4","1","4","5","2","16","9","3","10","1","1","B03","7","6","1","8","2","2","","9","9","1","2","1","B03","24.256442","120.542627","2"
"2019","7","18","7","35","臺中市","神岡區","0","0","0","8","","","50","","","","","","","","","","","","","","","","","","","","B03","","","1","","2","","","17","","1","22","","B03","24.245699","120.681711","3"
"2019","7","18","7","36","臺中市","潭子區","0","1","0","7","1","5","50","3","1","1","4","4","5","7","1","1","1","4","4","2","12","17","3","10","1","1","B12","7","8","1","8","2","2","","17","17","1","22","9","B12","24.20033","120.70956","2"
"2019","7","18","7","39","臺中市","北區","0","0","0","8","","","40","","","","","","","","","","","","","","","","","","","","B03","","","1","","2","","","12","","1","5","","B03","24.16276","120.66817","3"
"2019","7","18","7","49","臺中市","北屯區","0","0","0","8","","","50","","","","","","","","","","","","","","","","","","","","B03","","","1","","2","","","23","","1","4","","B03","24.1832","120.695","3"
"2019","7","18","7","50","臺中市","北屯區","0","1","0","7","1","5","50","4","2","1","5","4","5","7","1","1","10","5","5","2","3","15","3","10","1","1","B03","7","5","1","8","2","1","","15","15","1","5","8","B03","24.180871","120.672411","2"
"2019","7","18","7","53","臺中市","潭子區","0","0","0","7","1","5","60","3","7","1","4","4","5","7","4","4","3","4","4","1","13","","","","","","B03","","","1","","2","","","23","","1","22","","B03","24.194845","120.70234","3"
"2019","7","18","7","55","臺中市","后里區","0","3","0","8","1","5","50","14","9","1","5","4","5","7","4","4","5","5","5","1","3","53","2","9","4","5","H01","8","16","8","20","10","16","","53","53","1","5","8","H01","24.307645","120.712746","2"
"2019","7","18","7","55","臺中市","潭子區","0","0","0","8","","","50","","","","","","","","","","","","","","","","","","","","B03","","","1","","2","","","23","","1","22","","B03","24.203243","120.728428","3"
"2019","7","18","7","57","臺中市","北區","0","2","0","8","1","5","50","4","1","1","5","4","5","7","1","1","10","5","5","2","12","7","2","9","3","4","C03","7","9","1","10","2","11","","23","7","1","5","8","C03","24.163111","120.685036","2"
"2019","7","18","7","58","臺中市","北屯區","0","1","0","8","1","5","50","4","1","1","5","4","5","7","1","1","10","5","5","2","17","16","3","10","1","1","B03","7","9","1","8","2","5","","16","16","1","21","8","B03","24.173218","120.667171","2"
"2019","7","18","8","5","臺中市","外埔區","0","2","0","8","1","5","50","3","2","1","5","4","5","7","2","1","4","4","4","1","16","19","3","10","1","1","C03","7","1","3","18","2","13","","19","19","1","5","8","C03","24.31595","120.72414","2"
"2019","7","18","8","14","臺中市","北區","0","1","0","8","1","5","50","4","2","1","5","4","5","7","3","1","10","5","5","2","17","1","3","10","1","1","C03","7","4","1","10","2","11","","1","1","1","22","8","C03","24.15375","120.692835","2"
"2019","7","18","8","15","臺中市","南區","0","2","0","8","1","5","50","4","1","1","5","4","5","7","1","1","1","5","5","2","13","23","2","9","1","1","C03","7","9","1","10","2","11","","23","23","1","22","8","C03","24.113883","120.65987","2"
"2019","7","18","8","15","臺中市","新社區","0","0","0","8","","","50","","","","","","","","","","","","","","","","","","","","B03","","","1","","2","","","23","","1","22","","B03","24.242489","120.807661","4"
"2019","7","18","8","17","臺中市","西屯區","0","0","0","8","","","50","","","","","","","","","","","","","","","","","","","","B03","","","1","","2","","","16","","1","22","","B03","24.182217","120.600556","3"
"2019","7","18","8","24","臺中市","霧峰區","0","0","0","8","","","40","","","","","","","","","","","","","","","","","","","","B03","","","1","","2","","","16","","1","12","","B03","24.071924","120.662897","3"