"年","月","日","時","分","縣市","區","死","受傷","2-30","天候","光線","道路類別","速限","道路型態","事故位置","路面鋪裝","路面狀態","路面缺陷","障礙物","視距","號誌種類","號誌動作","分向設施","快車道或一般車道間","快慢車道間","路面邊線","事故類型及型態","主要肇因","受傷程度","主要傷處","保護裝備","行動電話","當事者區分_類別","車輛用途","當事者行動狀態","駕駛資格情形","駕駛執照種類","飲酒情形","車輛撞擊部位最初","車輛撞擊部位其他","肇事因素個別","肇事因素主要","肇事逃逸","職業","旅次目的","車種","GPS座標_緯度","GPS座標_經度","事故類別"
"2019","7","18","8","25","臺中市","北區","0","0","0","8","","","50","","","","","","","","","","","","","","","","","","","","B03","","","1","","2","","","23","","1","","","B03","24.153556","120.694477","3"
"2019","7","18","8","25","臺中市","南屯區","0","2","0","8","1","5","50","14","9","1","5","4","5","7","4","4","5","4","5","2","16","26","2","9","1","1","C03","7","5","1","10","2","11","","26","26","1","21","8","C03","24.124535","120.64709","2"
"2019","7","18","8","31","臺中市","大雅區","0","0","0","8","","","50","","","","","","","","","","","","","","","","","","","","B03","","","1","","2","","","6","","1","","","B03","24.21806","120.648953","3"
"2019","7","18","8","33","臺中市","南區","0","0","0","8","","","50","","","","","","","","","","","","","","","","","","","","C03","","","1","","2","","","23","","1","4","","C03","24.119627","120.648601","3"
"2019","7","18","8","40","臺中市","西區","0","1","0","8","1","5","40","4","1","1","5","4","5","7","2","1","10","5","5","2","17","42","2","9","1","1","C03","7","9","1","10","2","12","","42","42","1","21","9","C03","24.148253","120.67132","2"
"2019","7","18","8","40","臺中市","北屯區","0","1","0","8","1","5","50","12","9","1","3","4","5","7","4","4","10","5","5","1","18","43","2","9","1","1","C03","7","9","1","10","2","14","","43","43","1","21","8","C03","24.178861","120.759103","2"
"2019","7","18","8","40","臺中市","北屯區","0","1","0","8","1","5","50","3","1","1","3","4","5","7","4","4","10","5","5","2","18","23","2","9","1","1","C03","7","9","1","10","2","11","","23","23","1","21","8","C03","24.178861","120.759103","2"
"2019","7","18","8","40","臺中市","大雅區","0","0","0","8","","","40","","","","","","","","","","","","","","","","","","","","B03","","","1","","2","","","5","","1","21","","B03","24.21039","120.638307","3"
"2019","7","18","9","9","臺中市","沙鹿區","0","1","0","8","1","5","50","4","1","1","5","4","5","7","2","1","10","5","5","2","16","26","3","10","1","1","B12","7","9","1","8","2","2","","26","26","1","22","9","B12","24.201716","120.580755","2"
"2019","7","18","9","16","臺中市","南屯區","0","1","0","8","1","5","40","3","2","1","5","4","5","7","2","1","5","4","4","2","16","6","3","10","1","1","B03","7","6","1","8","2","5","","6","6","1","21","8","B03","24.137223","120.633076","2"
"2019","7","18","9","16","臺中市","龍井區","0","2","0","8","1","5","40","4","1","1","5","4","5","7","4","4","10","5","5","2","16","6","2","9","3","4","C03","7","5","1","10","2","14","","6","6","1","19","9","C03","24.197124","120.52305","2"
"2019","7","18","9","17","臺中市","大雅區","0","0","0","8","","","40","","","","","","","","","","","","","","","","","","","","B02","","","1","","2","","","19","","1","","","B02","24.219125","120.651599","3"
"2019","7","18","9","28","臺中市","潭子區","0","1","0","8","1","5","50","3","1","1","5","4","5","7","4","4","10","4","4","2","16","6","3","10","1","1","B03","7","6","1","8","2","5","","6","6","1","22","8","B03","24.210698","120.703166","2"
"2019","7","18","9","29","臺中市","西區","0","1","0","6","1","5","50","4","1","1","4","4","5","7","2","1","10","5","5","2","15","25","3","10","1","1","C03","7","9","1","10","2","14","","25","25","1","5","5","C03","24.138769","120.669381","2"
"2019","7","18","9","37","臺中市","北屯區","0","0","0","6","","","50","","","","","","","","","","","","","","","","","","","","B03","","","7","","11","","","43","","","","","B03","24.18614","120.698563","3"
"2019","7","18","9","45","臺中市","后里區","0","0","0","8","1","5","50","14","7","1","5","4","5","7","4","4","5","4","4","1","16","","","","","","B03","","","1","","2","","","10","","1","5","","B03","24.307825","120.713556","3"
"2019","7","18","9","53","臺中市","清水區","0","1","0","8","1","5","40","4","1","1","5","4","5","7","1","1","10","5","5","2","12","8","3","10","1","1","B12","7","9","1","8","2","5","","23","8","1","21","8","B12","24.267531","120.560935","2"
"2019","7","18","9","54","臺中市","大雅區","0","1","0","8","1","5","50","4","1","1","5","4","5","7","1","1","5","4","4","1","17","23","2","9","1","1","C03","7","5","1","10","2","11","","23","23","1","21","8","C03","24.209336","120.644338","2"
"2019","7","18","9","55","臺中市","北屯區","0","1","0","8","1","5","40","3","1","1","5","4","5","7","4","4","10","5","5","2","14","12","3","10","1","1","A12","7","2","1","8","2","3","","12","12","1","21","8","A12","24.193821","120.662331","2"
"2019","7","18","9","57","臺中市","大雅區","0","0","0","8","","","40","","","","","","","","","","","","","","","","","","","","B12","","","1","","2","","","12","","1","21","","B12","24.22562","120.6663","3"
"2019","7","18","10","0","臺中市","西區","0","1","0","7","1","5","50","4","1","1","4","4","5","7","1","1","10","5","5","2","18","13","2","9","1","1","C03","7","9","1","10","2","14","","13","13","1","21","8","C03","24.152315","120.653017","2"
"2019","7","18","10","4","臺中市","東區","0","2","0","8","1","5","50","14","7","1","5","4","5","7","4","4","9","5","4","2","17","19","2","8","1","1","C03","7","1","1","10","2","11","","19","19","1","21","8","C03","24.14096","120.707763","2"
"2019","7","18","10","9","臺中市","潭子區","0","0","0","8","","","50","","","","","","","","","","","","","","","","","","","","B03","","","1","","2","","","12","","1","22","","B03","24.19776","120.722784","3"
"2019","7","18","10","22","臺中市","后里區","0","1","0","8","1","5","50","14","8","1","5","4","5","7","4","4","4","5","4","1","16","11","3","10","1","1","C03","7","11","1","10","2","13","","11","11","1","8","8","C03","24.310773","120.711428","2"
"2019","7","18","10","24","臺中市","潭子區","0","1","0","8","1","5","40","14","12","1","5","4","5","7","4","4","3","4","4","2","16","6","3","10","1","1","B12","7","6","1","7","2","6","","6","6","1","22","8","B12","24.220116","120.689301","2"
"2019","7","18","10","45","臺中市","大雅區","0","1","0","8","1","5","50","4","1","1","5","4","5","7","1","1","9","4","4","1","12","7","3","10","1","1","B03","7","8","1","15","2","5","","7","7","1","22","9","B03","24.21259","120.63322","2"
"2019","7","18","10","46","臺中市","太平區","0","1","0","7","1","5","40","11","9","1","4","4","5","7","4","4","10","5","5","1","11","42","2","8","1","1","C03","7","9","1","10","2","11","12","42","42","1","5","8","C03","24.128039","120.764587","2"
"2019","7","18","10","51","臺中市","西區","0","0","0","8","","","40","","","","","","","","","","","","","","","","","","","","B12","","","1","","9","","","23","","1","21","","B12","24.152144","120.662412","3"
"2019","7","18","10","52","臺中市","北區","0","0","0","8","","","50","","","","","","","","","","","","","","","","","","","","B03","","","1","","2","","","23","","1","5","","B03","24.16637","120.68488","3"
"2019","7","18","10","57","臺中市","后里區","0","2","0","8","1","5","50","3","1","1","5","4","5","7","4","4","5","5","5","1","16","8","2","9","1","1","C03","7","5","3","18","2","11","","8","8","1","19","8","C03","24.326266","120.716256","2"
"2019","7","18","10","59","臺中市","北屯區","0","0","0","8","","","50","","","","","","","","","","","","","","","","","","","","B03","","","1","","2","","","23","","1","19","","B03","24.1906","120.6863","3"
"2019","7","18","11","0","臺中市","大里區","0","0","0","8","","","50","","","","","","","","","","","","","","","","","","","","A12","","","1","","2","","","6","","1","12","","A12","24.093525","120.686808","3"
"2019","7","18","11","10","臺中市","西區","0","1","0","8","1","5","50","3","1","1","5","4","5","7","4","4","1","4","5","2","17","42","2","9","1","1","C03","7","15","3","18","2","14","","42","42","1","5","5","C03","24.143672","120.655361","2"
"2019","7","18","11","13","臺中市","南屯區","0","0","0","8","","","40","","","","","","","","","","","","","","","","","","","","B11","","","1","","2","","","7","","1","5","","B11","24.132713","120.625362","3"
"2019","7","18","11","14","臺中市","西區","0","0","0","8","","","50","","","","","","","","","","","","","","","","","","","","B03","","","1","","2","","","23","","1","5","","B03","24.140402","120.657263","3"
"2019","7","18","11","14","臺中市","沙鹿區","0","1","0","8","1","5","50","4","2","1","5","4","5","7","1","1","10","5","5","2","17","4","3","10","1","1","C03","7","5","1","10","2","15","","4","4","1","20","8","C03","24.223235","120.568978","2"
"2019","7","18","11","16","臺中市","北屯區","0","0","0","8","","","50","","","","","","","","","","","","","","","","","","","","B03","","","1","","2","","","23","","","","","B03","24.176143","120.683868","3"
"2019","7","18","11","20","臺中市","潭子區","0","0","0","8","","","50","","","","","","","","","","","","","","","","","","","","B03","","","1","","2","","","7","","1","22","","B03","24.204215","120.721345","3"
"2019","7","18","11","31","臺中市","大安區","0","0","0","8","","","40","","","","","","","","","","","","","","","","","","","","B03","","","1","","2","","","6","","1","21","","B03","24.339783","120.568561","3"
"2019","7","18","11","37","臺中市","北區","0","1","0","8","1","5","50","3","2","1","5","4","5","7","1","1","5","5","5","2","11","25","3","10","3","4","B03","7","9","1","8","2","8","","25","25","1","5","8","B03","24.155637","120.687428","2"
"2019","7","18","11","48","臺中市","大雅區","0","0","0","8","","","50","","","","","","","","","","","","","","","","","","","","B03","","","1","","2","","","23","","1","","","B03","24.218076","120.668224","3"
"2019","7","18","11","51","臺中市","東勢區","0","2","0","8","1","5","40","14","9","4","5","4","5","7","4","4","5","5","5","2","10","5","2","9","4","5","F01","7","9","8","20","10","16","","5","5","1","22","9","F01","24.309879","120.790999","2"
"2019","7","18","11","55","臺中市","北屯區","0","1","0","8","1","5","50","4","1","1","5","4","5","7","1","1","10","5","5","2","15","25","3","10","1","1","C03","7","9","1","10","2","14","","25","25","1","21","8","C03","24.176195","120.683648","2"
"2019","7","18","11","57","臺中市","沙鹿區","0","0","0","8","","","50","","","","","","","","","","","","","","","","","","","","C03","","","1","","2","","","23","","1","22","","C03","24.234921","120.557837","3"
"2019","7","18","12","4","臺中市","西區","0","0","0","8","","","50","","","","","","","","","","","","","","","23","3","","","","B03","","","1","","2","","","23","23","","5","","B03","24.144467","120.669192","3"
"2019","7","18","12","7","臺中市","東區","0","2","0","8","1","5","50","4","1","1","5","4","5","7","1","1","10","5","5","2","17","25","2","9","1","1","C03","7","9","3","18","2","11","","25","25","1","21","8","C03","24.14059","120.706533","2"
"2019","7","18","12","8","臺中市","北區","0","1","0","8","1","5","50","4","1","1","5","4","5","7","1","1","10","5","5","2","12","43","3","10","1","1","B03","7","9","1","8","11","2","","43","43","1","22","8","B03","24.162979","120.663524","2"
"2019","7","18","12","10","臺中市","潭子區","0","1","0","8","1","5","50","4","1","1","5","4","5","7","1","1","10","4","4","2","16","25","3","10","1","1","B03","7","6","1","8","2","7","","25","25","1","22","8","B03","24.211755","120.704215","2"
"2019","7","18","12","11","臺中市","東區","0","2","0","8","1","5","40","4","1","1","5","4","5","7","4","4","10","5","5","2","15","6","2","9","1","1","C03","7","9","1","10","2","11","","6","6","1","5","8","C03","24.147017","120.692718","2"
"2019","7","18","12","17","臺中市","龍井區","0","1","0","8","1","5","50","5","1","1","5","4","5","7","1","1","10","5","5","2","16","26","3","10","1","1","B12","7","6","1","10","2","2","","26","26","1","22","8","B12","24.184573","120.574235","2"
"2019","7","18","12","18","臺中市","龍井區","0","0","0","8","","","60","","","","","","","","","","","","","","","","","","","","A41","","","1","","2","","","9","","1","10","","A41","24.219738","120.523605","3"
"2019","7","18","12","32","臺中市","西區","0","0","0","8","","","40","","","","","","","","","","","","","","","","","","","","B03","","","1","","2","","","23","","1","5","","B03","24.140018","120.660677","3"
"2019","7","18","12","50","臺中市","大雅區","0","1","0","8","1","5","50","14","9","1","5","4","5","7","4","4","5","5","5","1","29","23","2","7","1","1","C03","7","9","1","10","2","14","","23","23","1","21","8","C03","24.223251","120.64967","2"
"2019","7","18","12","57","臺中市","北屯區","0","2","0","8","1","5","50","14","9","1","5","4","5","7","4","4","1","4","5","2","13","23","2","9","1","1","C03","7","9","1","10","2","11","","23","23","1","21","8","C03","24.18624","120.682344","2"
"2019","7","18","12","58","臺中市","龍井區","0","1","0","6","1","5","50","3","1","1","4","4","5","7","1","1","10","5","5","2","16","25","3","10","3","4","B12","7","9","1","8","2","8","","25","25","1","5","9","B12","24.204261","120.521516","2"
"2019","7","18","13","0","臺中市","東區","0","1","0","8","3","5","50","3","1","1","5","4","5","7","4","4","10","5","5","2","16","6","3","10","1","1","B03","7","6","1","8","2","2","","6","6","1","4","8","B03","24.129561","120.698135","2"
"2019","7","18","13","10","臺中市","北區","0","0","0","8","","","40","","","","","","","","","","","","","","","","","","","","B12","","","1","","2","","","19","","1","","","B12","24.163923","120.682784","3"
"2019","7","18","13","22","臺中市","北區","0","0","0","8","","","50","","","","","","","","","","","","","","","","","","","","B03","","","1","","2","","","6","","1","5","","B03","24.15656","120.69394","3"
"2019","7","18","13","30","臺中市","太平區","0","0","0","8","","","50","","","","","","","","","","","","","","","","","","","","B03","","","1","","2","","","12","","1","21","","B03","24.150941","120.705584","3"
"2019","7","18","13","30","臺中市","大安區","0","2","0","8","1","5","50","14","9","1","5","4","5","7","4","4","5","4","5","1","25","43","2","9","1","4","C03","7","9","2","18","2","11","","43","43","1","15","8","C03","24.370756","120.58657","2"
"2019","7","18","13","35","臺中市","北屯區","0","1","0","8","1","5","50","4","2","1","5","4","5","7","2","1","5","4","5","2","17","23","2","9","3","4","C03","7","15","1","10","2","12","","23","23","1","21","8","C03","24.172783","120.719004","2"
"2019","7","18","13","35","臺中市","沙鹿區","0","0","0","6","","","60","","","","","","","","","","","","","","","","","","","","B03","","","1","","2","","","23","","1","5","","B03","24.236467","120.57002","3"
"2019","7","18","13","44","臺中市","南屯區","0","0","0","8","","","40","","","","","","","","","","","","","","","","","","","","B11","","","1","","2","","","23","","1","5","","B11","24.149175","120.597823","3"
"2019","7","18","13","53","臺中市","北屯區","0","0","0","8","","","50","","","","","","","","","","","","","","","23","","","","","C03","","","1","","2","","","19","23","1","","","C03","24.195108","120.686625","3"
"2019","7","18","14","7","臺中市","西屯區","0","0","0","8","","","50","","","","","","","","","","","","","","","","","","","","B03","","","1","","2","","","23","","1","22","","B03","24.158165","120.646751","3"
"2019","7","18","14","8","臺中市","北區","0","1","0","8","1","5","50","4","1","1","5","4","5","7","4","4","10","5","5","2","15","6","3","10","1","1","B03","7","9","1","8","2","5","","6","6","1","22","8","B03","24.15649","120.67206","2"
"2019","7","18","14","15","臺中市","東區","0","4","0","8","1","5","50","4","2","1","5","4","5","7","1","1","1","4","4","2","13","22","2","8","1","1","B03","7","9","1","8","2","1","","22","22","1","5","8","B03","24.127714","120.690239","2"
"2019","7","18","14","15","臺中市","大雅區","0","0","0","8","","","40","","","","","","","","","","","","","","","","","","","","B03","","","1","","2","","","19","","1","22","","B03","24.2274","120.66494","3"
"2019","7","18","14","22","臺中市","北區","0","0","0","8","","","50","","","","","","","","","","","","","","","","","","","","B03","","","1","","2","","","6","","1","5","","B03","24.1655","120.67961","3"
"2019","7","18","14","37","臺中市","南屯區","0","0","0","8","1","5","80","14","9","1","5","4","5","7","4","4","1","4","5","1","13","21","3","10","1","1","A12","7","9","1","7","5","1","","21","21","1","4","4","A12","24.154798","120.625539","3"
"2019","7","18","14","48","臺中市","潭子區","0","0","0","6","","","60","","","","","","","","","","","","","","","","","","","","B03","","","1","","2","","","16","","1","22","","B03","24.231809","120.708733","3"
"2019","7","18","14","49","臺中市","西區","0","1","0","8","1","5","50","14","7","1","5","4","5","7","4","4","5","5","4","2","18","42","2","9","1","1","C03","7","9","4","11","2","12","","42","42","1","5","5","C03","24.146943","120.652857","2"
"2019","7","18","14","52","臺中市","大雅區","0","0","0","6","","","50","","","","","","","","","","","","","","","","","","","","B03","","","1","","2","","","7","","1","","","B03","24.241099","120.630117","3"
"2019","7","18","15","5","臺中市","南屯區","0","0","0","8","","","50","","","","","","","","","","","","","","","","","","","","B03","","","1","","2","","","16","","1","21","","B03","24.130148","120.654567","3"
"2019","7","18","15","6","臺中市","西屯區","0","1","0","6","1","5","40","3","1","1","4","4","5","7","4","4","10","5","5","1","10","43","2","9","1","1","C03","7","9","1","10","2","12","","43","43","1","21","8","C03","24.200991","120.630101","2"
"2019","7","18","15","7","臺中市","東區","0","0","0","","","","","","","","","","","","","","","","","","","","","","","","B03","","","1","","2","","","23","","1","22","","B03","24.14764","120.697212","3"
"2019","7","18","15","10","臺中市","南區","0","1","0","8","1","5","50","4","1","1","5","4","5","7","1","1","10","5","5","2","16","8","3","10","1","1","B03","7","5","1","8","2","4","","8","8","1","5","8","B03","24.123801","120.660502","2"
"2019","7","18","15","18","臺中市","太平區","0","1","0","8","1","5","50","3","2","1","5","4","5","7","4","4","8","3","5","1","9","38","3","10","1","1","B03","7","13","1","8","2","4","","38","38","1","5","8","B03","24.120942","120.719549","2"
"2019","7","18","15","19","臺中市","石岡區","0","0","0","6","","","70","","","","","","","","","","","","","","","","","","","","B12","","","1","","2","","","23","","1","9","","B12","24.274531","120.777151","3"
"2019","7","18","15","20","臺中市","潭子區","0","2","0","8","1","5","40","4","1","1","5","4","5","7","4","4","10","5","5","2","15","6","2","9","1","1","C03","7","9","4","8","2","11","","6","6","1","22","8","C03","24.206737","120.678357","2"
"2019","7","18","15","29","臺中市","沙鹿區","0","0","0","6","","","50","","","","","","","","","","","","","","","","","","","","B03","","","1","","2","","","9","","1","5","","B03","24.23999","120.568751","3"
"2019","7","18","15","30","臺中市","清水區","0","0","0","","","","40","","","","","","","","","","","","","","","12","","","","","A11","","","1","","2","","","12","12","1","5","","A11","24.275416","120.57746","3"
"2019","7","18","15","52","臺中市","太平區","0","0","0","8","","","40","","","","","","","","","","","","","","","","","","","","B03","","","1","","2","","","23","","1","21","","B03","24.124632","120.706512","3"
"2019","7","18","16","2","臺中市","北區","0","0","0","8","","","50","","","","","","","","","","","","","","","","3","","","","B03","","","1","","2","","","19","","1","22","","B03","24.16688","120.670589","3"
"2019","7","18","16","8","臺中市","南區","0","0","0","","","","","","","","","","","","","","","","","","","","","","","","B03","","","1","","2","","","16","","1","5","","B03","24.114488","120.669838","3"
"2019","7","18","16","9","臺中市","西屯區","0","1","0","7","1","5","40","3","1","1","4","4","5","7","4","4","1","4","1","2","16","6","3","10","1","1","B12","7","6","1","8","2","4","","6","6","1","21","8","B12","24.182768","120.601893","2"
"2019","7","18","16","12","臺中市","南屯區","0","0","0","8","","","50","","","","","","","","","","","","","","","","","","","","A31","","","1","","11","","","23","","2","10","","A31","24.136222","120.611666","3"
"2019","7","18","16","12","臺中市","西屯區","0","1","0","8","1","5","50","4","1","1","5","4","5","7","4","4","9","4","4","2","17","43","2","9","1","1","C03","7","9","1","10","2","14","","43","43","1","22","9","C03","24.188588","120.617711","2"
"2019","7","18","16","23","臺中市","大雅區","0","0","0","8","","","50","","","","","","","","","","","","","","","","","","","","B12","","","1","","2","","","16","","1","","","B12","24.230646","120.640802","3"
"2019","7","18","16","26","臺中市","沙鹿區","0","0","0","8","","","50","","","","","","","","","","","","","","","","","","","","B11","","","1","","2","","","40","","1","10","","B11","24.248672","120.564151","3"
"2019","7","18","16","36","臺中市","北屯區","0","1","0","8","1","5","50","14","9","1","5","4","5","7","4","4","1","4","5","2","16","1","3","10","1","1","B03","7","4","1","8","2","2","","1","1","1","5","8","B03","24.177076","120.699826","2"
"2019","7","18","16","38","臺中市","太平區","0","1","0","7","1","5","50","3","1","1","5","4","5","7","3","1","9","4","4","1","16","6","3","10","1","1","C03","7","5","1","10","2","13","","6","6","1","18","8","C03","24.118444","120.733286","2"
"2019","7","18","16","39","臺中市","石岡區","0","1","0","7","1","5","70","14","13","1","5","4","5","7","4","4","3","4","4","1","18","21","2","9","1","1","C03","7","9","6","10","8","15","","21","21","1","22","8","C03","24.275653","120.78568","2"
"2019","7","18","16","40","臺中市","沙鹿區","0","1","0","6","1","5","40","14","7","1","4","4","5","7","4","4","5","5","4","2","18","42","2","9","1","1","C03","7","9","1","10","2","14","","42","42","1","21","8","C03","24.252059","120.588832","2"
"2019","7","18","16","40","臺中市","大雅區","0","1","0","6","1","5","50","4","1","1","4","4","5","7","1","1","9","4","5","1","12","25","3","10","1","1","C03","7","5","1","10","2","14","","25","25","1","22","9","C03","24.22122","120.65348","2"
"2019","7","18","16","43","臺中市","南屯區","0","1","0","8","2","5","50","14","7","1","5","4","5","7","4","4","5","5","4","2","16","44","3","10","1","1","B03","7","11","1","8","2","7","","10","44","1","4","8","B03","24.143133","120.637543","2"
"2019","7","18","16","45","臺中市","北屯區","0","0","0","8","","","50","","","","","","","","","","","","","","","","","","","","B03","","","1","","2","","","23","","1","22","","B03","24.17126","120.693469","3"
"2019","7","18","16","49","臺中市","西屯區","0","0","0","8","","","50","","","","","","","","","","","","","","","23","","","","","B03","","","1","","2","","","23","23","1","","","B03","24.168091","120.637472","3"
"2019","7","18","16","52","臺中市","后里區","0","1","0","6","1","5","40","14","9","1","4","4","5","7","4","4","10","5","5","2","17","43","2","9","1","1","C03","7","9","1","10","2","14","","43","43","1","19","5","C03","24.307537","120.72485","2"
"2019","7","18","16","58","臺中市","南屯區","0","0","0","8","","","50","","","","","","","","","","","","","","","","","","","","B03","","","1","","2","","","6","","1","18","","B03","24.140949","120.646566","3"
"2019","7","18","17","5","臺中市","潭子區","0","1","0","8","2","5","60","4","1","1","5","4","5","7","1","1","10","5","5","2","16","44","3","10","1","1","B03","7","6","1","8","2","2","","44","44","1","22","8","B03","24.19085","120.702432","2"
"2019","7","18","17","7","臺中市","大雅區","0","0","0","8","","","40","","","","","","","","","","","","","","","","","","","","B03","","","1","","2","","","5","","1","","","B03","24.221303","120.628579","3"
"2019","7","18","17","8","臺中市","烏日區","0","1","0","6","1","5","50","4","1","1","4","4","5","7","3","1","10","5","5","2","18","23","3","10","1","1","B03","7","6","1","8","2","15","","42","23","1","21","8","B03","24.112033","120.638631","2"
"2019","7","18","17","12","臺中市","南屯區","0","0","0","8","","","50","","","","","","","","","","","","","","","","","","","","B03","","","1","","2","","","16","","1","21","","B03","24.140101","120.648312","3"
"2019","7","18","17","16","臺中市","南區","0","0","0","","","","","","","","","","","","","","","","","","","","","","","","B03","","","1","","2","","","17","","1","5","","B03","24.13256","120.676311","3"
"2019","7","18","17","18","臺中市","西區","0","1","0","8","1","5","50","3","1","1","5","4","5","7","4","4","10","5","5","2","17","6","3","10","1","1","B03","7","5","1","8","2","5","","6","6","1","5","5","B03","24.135862","120.659494","2"
"2019","7","18","17","20","臺中市","西屯區","0","0","0","8","","","40","","","","","","","","","","","","","","","","","","","","B03","","","1","","2","","","23","","1","22","","B03","24.179655","120.639681","3"
"2019","7","18","17","26","臺中市","北屯區","0","0","0","8","","","50","","","","","","","","","","","","","","","","","","","","C03","","","1","","2","","","16","","1","","","C03","24.181507","120.686489","3"
"2019","7","18","17","41","臺中市","西區","0","1","0","8","1","5","50","3","1","1","5","4","5","7","4","4","10","4","4","2","16","6","3","10","1","1","B03","7","6","1","8","2","2","","6","6","1","21","8","B03","24.148208","120.673989","2"
"2019","7","18","17","44","臺中市","大甲區","0","0","0","6","","","50","","","","","","","","","","","","","","","","","","","","B12","","","1","","2","","","18","","1","4","","B12","24.346829","120.620001","3"
"2019","7","18","17","45","臺中市","北屯區","0","0","0","8","","","50","","","","","","","","","","","","","","","","","","","","C03","","","1","","2","","","43","","1","22","","C03","24.174161","120.672003","3"
"2019","7","18","17","48","臺中市","西屯區","0","0","0","8","1","5","50","14","8","1","5","4","5","7","1","1","8","4","4","2","16","7","3","10","3","4","C03","7","7","1","10","9","14","","7","7","2","22","9","C03","24.170817","120.636548","3"
"2019","7","18","17","55","臺中市","西區","0","1","0","7","1","5","50","4","9","1","5","4","5","7","4","4","10","5","5","2","15","6","3","10","1","1","C03","7","9","1","10","2","12","","6","6","1","22","8","C03","24.155096","120.657083","2"
"2019","7","18","18","0","臺中市","太平區","0","0","0","8","","","80","","","","","","","","","","","","","","","","","","","","B03","","","1","","2","","","16","","1","21","","B03","24.160257","120.718142","3"
"2019","7","18","18","0","臺中市","烏日區","0","1","0","7","1","5","50","3","1","1","4","4","5","7","1","1","4","3","5","1","3","42","3","10","1","1","B03","7","5","1","3","2","8","","42","42","1","22","8","B03","24.10473","120.63905","2"
"2019","7","18","18","1","臺中市","大雅區","0","1","0","8","1","5","50","4","1","1","5","4","5","7","1","1","9","4","4","1","12","25","3","10","1","1","B12","7","1","1","8","2","8","","25","25","1","22","9","B12","24.21994","120.64309","2"
"2019","7","18","18","2","臺中市","沙鹿區","0","0","0","8","","","50","","","","","","","","","","","","","","","","","","","","B03","","","1","","2","","","23","","1","18","","B03","24.2003","120.568701","3"
"2019","7","18","18","9","臺中市","西區","0","0","0","","","","","","","","","","","","","","","","","","","","","","","","B03","","","1","","2","","","16","","1","","","B03","","","3"
"2019","7","18","18","9","臺中市","太平區","0","1","0","8","1","5","50","3","2","1","5","4","5","7","4","4","8","5","5","1","17","8","3","10","1","1","C03","7","5","1","10","2","15","","8","8","1","5","8","C03","24.148553","120.7175","2"
"2019","7","18","18","10","臺中市","西屯區","0","0","0","8","","","50","","","","","","","","","","","","","","","12","","","","","B01","","","1","","2","","","12","12","1","10","","B01","24.156466","120.65602","3"
"2019","7","18","18","13","臺中市","潭子區","0","2","0","8","2","5","50","4","1","1","5","4","5","7","1","1","10","5","5","2","16","23","2","9","1","1","C03","7","9","1","10","2","11","","23","23","1","22","8","C03","24.206498","120.709983","2"
"2019","7","18","18","15","臺中市","西區","0","0","0","8","","","50","","","","","","","","","","","","","","","","","","","","B03","","","1","","2","","","12","","1","21","","B03","24.15183","120.668546","3"
"2019","7","18","18","18","臺中市","大甲區","0","0","0","","","","","","","","","","","","","","","","","","","26","","","","","C03","","","1","","2","","","26","26","1","22","","C03","24.354697","120.631852","3"
"2019","7","18","18","19","臺中市","神岡區","0","1","0","7","1","5","50","3","2","1","4","4","5","7","4","4","5","5","5","1","17","26","3","10","1","1","C03","7","5","3","18","11","15","","26","26","2","22","8","C03","24.271733","120.655812","2"
"2019","7","18","18","20","臺中市","大雅區","0","0","0","8","","","50","","","","","","","","","","","","","","","","","","","","B03","","","1","","2","","","23","","1","22","","B03","24.213391","120.649856","3"
"2019","7","18","18","22","臺中市","梧棲區","0","0","0","8","","","40","","","","","","","","","","","","","","","","","","","","A12","","","1","","2","","","42","","2","9","","A12","24.241715","120.533128","3"
"2019","7","18","18","40","臺中市","清水區","0","0","0","","","","50","","","","","","","","","","","","","","","6","","","","","B03","","","1","","2","","","6","6","1","5","","B03","24.275416","120.57746","3"
"2019","7","18","18","44","臺中市","西屯區","0","0","0","6","","","50","","","","","","","","","","","","","","","19","","","","","B03","","","1","","2","","","23","19","1","22","","B03","24.186856","120.620666","3"
"2019","7","18","18","45","臺中市","北區","0","0","0","8","","","50","","","","","","","","","","","","","","","","","","","","B03","","","1","","2","","","23","","1","5","","B03","24.161052","120.664342","3"
"2019","7","18","18","49","臺中市","西區","0","0","0","6","","","0","","","","","","","","","","","","","","","23","","","","","B03","","","1","","2","","","23","23","1","","","B03","24.142956","120.659654","3"
"2019","7","18","18","53","臺中市","大雅區","0","2","0","6","3","5","50","3","1","1","4","4","5","6","1","1","5","5","5","1","3","23","2","8","1","1","C03","7","9","1","10","2","11","","23","23","1","21","8","C03","24.22928","120.644618","2"
"2019","7","18","19","3","臺中市","潭子區","0","1","0","8","3","5","50","4","2","1","5","4","5","7","1","1","10","4","4","2","16","23","2","9","1","1","C02","7","9","1","9","2","11","","23","23","1","22","8","C02","24.209889","120.711777","2"