"年","月","日","時","分","縣市","區","死","受傷","2-30","天候","光線","道路類別","速限","道路型態","事故位置","路面鋪裝","路面狀態","路面缺陷","障礙物","視距","號誌種類","號誌動作","分向設施","快車道或一般車道間","快慢車道間","路面邊線","事故類型及型態","主要肇因","受傷程度","主要傷處","保護裝備","行動電話","當事者區分_類別","車輛用途","當事者行動狀態","駕駛資格情形","駕駛執照種類","飲酒情形","車輛撞擊部位最初","車輛撞擊部位其他","肇事因素個別","肇事因素主要","肇事逃逸","職業","旅次目的","車種","GPS座標_緯度","GPS座標_經度","事故類別"
"2019","7","18","19","8","臺中市","西屯區","0","1","0","8","1","5","50","4","1","1","5","4","5","7","2","1","1","4","1","2","15","42","3","10","3","4","B03","7","9","1","8","2","2","","42","42","1","21","8","B03","24.183238","120.593104","2"
"2019","7","18","19","10","臺中市","南屯區","0","0","0","6","3","5","50","14","9","1","4","4","5","7","4","4","5","5","5","2","17","40","3","10","1","1","B03","7","13","1","8","2","8","8","40","40","1","5","3","B03","24.143456","120.647828","3"
"2019","7","18","19","14","臺中市","北區","0","0","0","6","","","50","","","","","","","","","","","","","","","","","","","","C03","","","1","","2","","","23","","1","","","C03","24.151159","120.684422","3"
"2019","7","18","19","17","臺中市","大雅區","0","0","0","8","","","40","","","","","","","","","","","","","","","","","","","","B03","","","1","","2","","","38","","1","","","B03","24.22405","120.647767","3"
"2019","7","18","19","25","臺中市","西屯區","0","1","0","6","1","5","40","4","2","1","4","4","5","7","1","1","5","4","4","2","16","8","3","10","1","1","C03","7","5","1","10","2","15","","8","8","1","22","8","C03","24.160916","120.644573","2"
"2019","7","18","19","30","臺中市","沙鹿區","0","0","0","8","","","50","","","","","","","","","","","","","","","","","","","","C03","","","1","","2","","","23","","1","18","","C03","24.224397","120.577391","3"
"2019","7","18","19","35","臺中市","西屯區","0","0","0","8","","","40","","","","","","","","","","","","","","","","","","","","","","","7","","11","","","43","","1","","","","24.164453","120.645875","3"
"2019","7","18","19","36","臺中市","西屯區","0","1","0","6","3","5","40","3","1","1","4","4","5","7","4","4","9","4","4","2","16","43","3","10","1","1","B03","7","1","1","8","2","5","","43","43","1","22","9","B03","24.176861","120.645135","2"
"2019","7","18","19","37","臺中市","潭子區","0","1","0","8","3","5","60","14","9","1","5","4","5","7","1","1","8","3","5","1","12","6","3","10","1","1","B11","7","5","1","7","2","6","","6","6","1","22","1","B11","24.213467","120.705198","2"
"2019","7","18","19","38","臺中市","南區","0","1","0","6","3","5","50","4","1","1","4","4","5","7","1","1","10","5","5","2","16","6","3","10","1","1","C03","7","6","1","10","2","12","","6","6","1","21","8","C03","24.124491","120.679226","2"
"2019","7","18","19","39","臺中市","北屯區","0","0","0","8","","","50","","","","","","","","","","","","","","","","","","","","B03","","","1","","2","","","23","","1","","","B03","24.173762","120.671973","3"
"2019","7","18","19","40","臺中市","潭子區","0","0","0","8","","","50","","","","","","","","","","","","","","","","","","","","B03","","","1","","2","","","23","","1","21","","B03","24.188196","120.700155","3"
"2019","7","18","19","50","臺中市","南屯區","0","0","0","6","","","50","","","","","","","","","","","","","","","","","","","","B02","","","1","","2","","","23","","1","22","","B02","24.145359","120.619366","3"
"2019","7","18","19","50","臺中市","西屯區","0","1","0","8","1","5","40","3","2","1","5","4","5","7","4","4","10","5","5","2","18","43","2","9","1","1","C03","7","6","1","10","2","12","","43","43","1","22","8","C03","24.18336","120.64674","2"
"2019","7","18","19","52","臺中市","神岡區","0","0","0","8","","","50","","","","","","","","","","","","","","","","","","","","B03","","","1","","2","","","7","","1","9","","B03","24.248221","120.69201","3"
"2019","7","18","20","3","臺中市","南區","0","0","0","","","","","","","","","","","","","","","","","","","","","","","","B03","","","1","","2","","","19","","1","5","","B03","24.129481","120.673916","3"
"2019","7","18","20","16","臺中市","西區","0","2","0","7","3","5","50","4","2","1","4","4","5","7","1","1","10","5","5","2","17","23","2","9","1","1","C03","7","9","1","10","2","12","","23","23","1","5","5","C03","24.140162","120.665641","2"
"2019","7","18","20","20","臺中市","南屯區","0","1","0","7","3","5","50","4","2","1","5","4","5","7","4","4","10","5","5","2","27","23","2","9","1","1","C03","7","9","1","10","2","11","12","23","23","1","5","8","C03","24.142624","120.650519","2"
"2019","7","18","20","30","臺中市","南屯區","0","3","0","8","3","5","50","4","1","1","5","4","5","7","1","1","10","5","5","2","13","13","2","9","1","1","C03","7","9","1","10","2","14","","13","13","1","9","8","C03","24.14687","120.640733","2"
"2019","7","18","20","34","臺中市","石岡區","0","1","0","7","3","5","50","14","9","1","5","4","5","7","4","4","5","5","5","1","13","23","2","9","1","1","C03","7","9","1","10","2","11","","23","23","1","9","8","C03","24.276541","120.777415","2"
"2019","7","18","21","5","臺中市","西屯區","0","0","0","8","","","50","","","","","","","","","","","","","","","","","","","","B03","","","1","","2","","","7","","1","","","B03","24.159026","120.656148","3"
"2019","7","18","21","13","臺中市","北屯區","0","0","0","8","","","50","","","","","","","","","","","","","","","43","","","","","C03","","","1","","11","","","44","43","1","5","","C03","24.177131","120.699866","3"
"2019","7","18","21","19","臺中市","龍井區","0","1","0","8","3","5","50","4","1","1","5","4","5","7","4","4","10","5","5","2","15","6","3","10","1","1","B03","7","9","1","8","2","1","","6","6","1","12","8","B03","24.201126","120.560023","2"
"2019","7","18","21","21","臺中市","北屯區","0","1","0","8","3","5","50","4","1","1","5","4","5","7","1","1","10","5","5","2","16","6","3","10","1","1","B03","7","5","1","8","2","1","","6","6","1","5","8","B03","24.18889","120.680266","2"
"2019","7","18","21","33","臺中市","北區","0","3","0","8","3","5","50","14","9","1","5","4","5","7","4","4","1","4","5","2","18","48","2","9","1","1","C03","7","9","1","10","2","14","","48","48","1","22","8","C03","24.17328","120.676348","2"
"2019","7","18","21","35","臺中市","北屯區","0","1","0","8","3","5","50","4","2","1","5","4","5","7","1","1","10","5","5","2","17","26","3","10","1","1","C03","7","9","1","10","2","14","","26","26","1","22","8","C03","24.170195","120.694008","2"
"2019","7","18","21","36","臺中市","南屯區","0","1","0","8","3","5","50","4","9","1","5","4","5","7","4","4","1","4","5","2","13","16","3","10","1","1","B03","7","8","1","8","2","8","","16","16","1","22","8","B03","24.149883","120.65086","2"
"2019","7","18","21","40","臺中市","西區","0","0","0","8","","","50","","","","","","","","","","","","","","","","","","","","B03","","","1","","2","","","23","","1","21","","B03","24.147782","120.67226","3"
"2019","7","18","21","42","臺中市","潭子區","0","3","0","8","3","5","60","14","9","1","5","4","5","7","1","1","8","3","5","1","12","6","3","10","1","1","A11","7","6","1","7","2","6","","6","6","1","22","1","A11","24.21548","120.705134","2"
"2019","7","18","22","1","臺中市","北區","0","0","0","8","","","50","","","","","","","","","","","","","","","","","","","","B03","","","1","","2","","","23","","1","22","","B03","24.1727","120.6682","3"
"2019","7","18","22","20","臺中市","梧棲區","0","2","0","8","3","5","40","3","2","1","5","4","5","7","2","1","10","5","5","2","3","43","2","7","1","1","C03","7","9","1","10","2","11","","43","43","1","5","1","C03","24.248357","120.540214","2"
"2019","7","18","22","30","臺中市","清水區","0","1","0","8","3","5","40","4","1","1","5","4","5","7","1","1","10","5","5","2","18","43","2","9","1","1","C03","7","9","1","10","2","11","12","43","43","1","5","1","C03","24.290136","120.540194","2"
"2019","7","18","23","43","臺中市","神岡區","0","0","0","8","","","50","","","","","","","","","","","","","","","","","","","","C03","","","1","","2","","","14","","1","9","","C03","24.24806","120.680433","3"
"2019","7","18","23","46","臺中市","西屯區","0","0","0","8","3","5","50","14","8","1","5","4","5","7","4","4","8","4","4","2","16","23","3","10","3","4","B11","7","11","2","18","9","5","","10","23","2","22","9","B11","24.177844","120.642128","3"
"2019","7","19","0","34","臺中市","沙鹿區","0","0","0","8","","","50","","","","","","","","","","","","","","","","","","","","B12","","","1","","2","","","16","","1","21","","B12","24.212061","120.57028","3"
"2019","7","19","2","14","臺中市","北區","0","0","0","8","","","50","","","","","","","","","","","","","","","","","","","","B12","","","1","","2","","","16","","1","22","","B12","24.154618","120.682064","3"
"2019","7","19","6","28","臺中市","潭子區","0","1","0","8","1","5","50","14","9","1","5","4","5","7","4","4","9","4","4","2","17","22","2","8","1","1","B03","7","9","1","8","2","1","","22","22","1","21","8","B03","24.218249","120.712936","2"
"2019","7","19","6","52","臺中市","東區","0","1","0","8","1","5","40","3","7","1","5","4","5","7","4","4","9","4","4","2","15","6","2","9","4","5","F01","7","9","8","20","2","16","","6","6","1","22","8","F01","24.132603","120.693058","2"
"2019","7","19","7","2","臺中市","潭子區","0","2","0","8","1","5","60","4","1","1","5","4","5","7","2","1","10","5","5","2","16","25","2","5","1","1","C03","7","5","1","10","2","14","","25","25","1","22","8","C03","24.217781","120.70594","2"
"2019","7","19","7","4","臺中市","北區","0","0","0","8","","","50","","","","","","","","","","","","","","","","","","","","","","","7","","11","","","26","","1","","","","24.155627","120.696163","3"
"2019","7","19","7","21","臺中市","西屯區","0","2","0","8","1","5","50","4","1","1","5","4","5","7","1","1","10","5","5","2","16","23","2","9","1","1","C03","7","6","1","10","2","12","","44","23","1","21","8","C03","24.158295","120.608103","2"
"2019","7","19","7","24","臺中市","北屯區","0","1","0","8","1","5","50","4","1","1","5","4","5","7","2","1","10","5","5","2","13","16","2","9","1","1","C03","7","9","1","10","2","11","","16","16","1","21","8","C03","24.17391","120.671338","2"
"2019","7","19","7","29","臺中市","后里區","0","2","0","8","1","5","50","14","7","1","5","4","5","7","4","4","5","5","4","1","13","16","2","9","1","1","C03","7","9","1","10","2","11","","16","16","1","21","8","C03","24.309235","120.720765","2"
"2019","7","19","7","39","臺中市","西屯區","0","0","0","8","3","5","50","14","8","1","5","4","5","7","4","4","10","4","4","2","13","23","3","10","3","4","B03","7","9","1","8","2","5","","23","23","2","22","9","B03","24.158749","120.629288","3"
"2019","7","19","7","40","臺中市","沙鹿區","0","0","0","8","","","40","","","","","","","","","","","","","","","","","","","","C03","","","1","","2","","","16","","1","4","","C03","24.241226","120.560464","3"
"2019","7","19","7","49","臺中市","北區","0","2","0","8","1","5","50","14","9","1","5","4","5","7","4","4","9","5","5","2","3","51","2","9","4","1","H01","8","16","8","20","10","15","","51","51","1","22","8","H01","24.16157","120.684","2"
"2019","7","19","7","55","臺中市","南區","0","0","0","8","1","5","50","14","8","1","5","4","5","7","4","4","4","4","4","1","12","23","3","10","1","1","B03","7","6","1","8","2","2","","23","23","1","22","8","B03","24.135978","120.690065","3"
"2019","7","19","7","58","臺中市","梧棲區","0","0","0","8","","","50","","","","","","","","","","","","","","","","","","","","B03","","","1","","2","","","23","","1","1","","B03","24.262552","120.537489","3"
"2019","7","19","8","0","臺中市","龍井區","0","0","0","","","","","","","","","","","","","","","","","","","","","","","","B03","","","1","","2","","","23","","1","22","","B03","24.189551","120.579881","3"
"2019","7","19","8","0","臺中市","大雅區","0","1","0","8","1","5","50","14","8","1","5","4","5","7","4","4","9","4","4","1","12","6","3","10","1","1","A12","7","8","1","7","2","8","","6","6","1","22","9","A12","24.23107","120.63238","2"
"2019","7","19","8","7","臺中市","西屯區","0","0","0","8","","","40","","","","","","","","","","","","","","","","","","","","B03","","","1","","2","","","17","","1","22","","B03","24.19932","120.645781","3"
"2019","7","19","8","10","臺中市","東區","0","0","0","8","1","5","50","4","1","1","5","4","5","7","1","1","10","5","5","2","16","10","3","10","1","1","B03","7","11","1","8","2","8","","10","10","1","5","8","B03","24.142803","120.690832","3"
"2019","7","19","8","10","臺中市","豐原區","0","0","0","8","","","50","","","","","","","","","","","","","","","","","","","","B03","","","1","","2","","","19","","","12","","B03","24.249824","120.705598","3"
"2019","7","19","8","15","臺中市","北屯區","0","2","0","8","1","5","50","14","9","1","5","4","5","7","4","4","5","5","5","2","13","16","2","9","1","1","C03","7","9","1","10","2","11","","16","16","1","4","8","C03","24.1802","120.682","2"
"2019","7","19","8","15","臺中市","北屯區","0","0","0","8","1","5","50","14","9","1","5","4","5","7","4","4","8","3","5","2","16","19","3","10","1","1","B03","7","5","1","8","2","1","","19","19","1","21","8","B03","24.165914","120.725968","3"
"2019","7","19","8","15","臺中市","梧棲區","0","0","0","8","","","40","","","","","","","","","","","","","","","","","","","","B03","","","1","","2","","","16","","1","4","","B03","24.224458","120.521676","3"
"2019","7","19","8","19","臺中市","西屯區","0","0","0","8","1","5","50","3","1","1","5","4","5","7","4","4","10","5","5","2","17","42","3","10","3","4","B03","7","15","1","8","2","4","3","42","42","1","22","9","B03","24.173463","120.663236","3"
"2019","7","19","8","21","臺中市","西區","0","0","0","8","","","50","","","","","","","","","","","","","","","","","","","","C03","","","1","","2","","","42","","1","5","","C03","24.148721","120.67398","3"
"2019","7","19","8","25","臺中市","大甲區","0","3","0","8","1","5","50","4","2","1","5","4","5","7","3","1","5","5","4","1","18","50","2","9","1","1","C03","7","9","1","10","2","11","","50","50","1","5","8","C03","24.340408","120.632724","2"
"2019","7","19","8","26","臺中市","東勢區","0","0","0","8","","","40","","","","","","","","","","","","","","","","","","","","C03","","","1","","2","","","6","","1","9","","C03","24.253381","120.828173","3"
"2019","7","19","8","30","臺中市","西區","0","0","0","8","1","5","50","4","2","1","5","4","5","7","1","1","5","2","5","2","17","","","","","","B11","","","1","","2","","","19","","1","10","","B11","24.135247","120.661524","3"
"2019","7","19","8","30","臺中市","南區","0","1","0","8","1","5","50","4","1","1","5","4","5","7","1","1","10","5","5","2","16","26","2","8","1","1","C03","7","5","1","10","2","14","","26","26","1","4","8","C03","24.119104","120.672149","2"
"2019","7","19","8","34","臺中市","北區","0","1","0","8","1","5","50","4","1","1","5","4","5","7","3","1","5","2","5","2","16","23","3","10","1","1","B03","7","5","1","8","2","8","","23","23","1","5","8","B03","24.16724","120.67959","2"
"2019","7","19","8","40","臺中市","北屯區","0","1","0","8","1","5","40","14","7","1","5","4","5","7","4","4","5","5","4","2","12","43","2","9","3","4","C03","7","7","1","10","5","14","","43","43","1","21","8","C03","24.17864","120.670465","2"
"2019","7","19","8","50","臺中市","南屯區","0","1","0","8","1","5","50","4","1","1","5","4","5","7","2","1","10","5","5","2","16","6","3","10","1","1","B03","7","6","1","8","11","6","","6","6","2","21","8","B03","24.144871","120.628058","2"
"2019","7","19","8","50","臺中市","大雅區","0","1","0","8","1","5","50","4","1","1","5","4","5","7","1","1","10","5","5","2","11","25","2","8","1","1","C03","7","5","1","10","2","12","","25","25","1","22","1","C03","24.227999","120.651788","2"
"2019","7","19","8","57","臺中市","清水區","0","1","0","8","1","5","50","14","9","1","5","4","5","7","4","4","5","5","5","1","3","53","2","8","4","5","H01","8","16","8","20","10","16","","53","53","1","13","8","H01","24.291259","120.56877","2"
"2019","7","19","9","1","臺中市","北屯區","0","0","0","8","","","50","","","","","","","","","","","","","","","","","","","","B03","","","1","","2","","","7","","1","","","B03","24.17276","120.712654","3"
"2019","7","19","9","2","臺中市","西屯區","0","0","0","8","","","60","","","","","","","","","","","","","","","","","","","","B02","","","1","","2","","","16","","1","22","","B02","24.201161","120.645876","3"
"2019","7","19","9","5","臺中市","北屯區","0","1","0","8","1","5","50","14","7","1","5","4","5","7","4","4","9","5","4","2","18","43","2","9","1","1","C03","7","9","1","10","2","12","","43","43","1","21","8","C03","24.173388","120.706961","2"
"2019","7","19","9","8","臺中市","沙鹿區","0","0","0","8","","","60","","","","","","","","","","","","","","","","","","","","B03","","","1","","2","","","23","","1","","","B03","24.226487","120.57619","3"
"2019","7","19","9","10","臺中市","大安區","0","1","0","8","1","5","50","11","9","1","5","4","5","7","4","4","5","5","5","1","18","43","2","9","1","1","C03","7","9","1","10","2","14","11","43","43","1","20","8","C03","24.369316","120.596049","2"
"2019","7","19","9","11","臺中市","北區","0","2","0","8","1","5","50","4","1","1","5","4","5","7","4","4","10","5","5","2","16","6","2","7","1","1","F03","7","5","8","20","2","16","","6","6","1","22","8","F03","24.161508","120.688324","2"
"2019","7","19","9","15","臺中市","沙鹿區","0","1","0","8","1","5","50","14","7","1","5","4","5","7","4","4","1","4","4","2","29","23","2","9","1","1","C03","7","7","1","10","2","11","","23","23","1","18","8","C03","24.221555","120.569109","2"
"2019","7","19","9","15","臺中市","神岡區","0","0","0","8","","","60","","","","","","","","","","","","","","","","","","","","B03","","","1","","2","","","23","","1","","","B03","24.234469","120.698031","3"
"2019","7","19","9","41","臺中市","北區","0","1","0","8","1","5","50","4","2","1","5","4","5","7","4","4","5","4","5","2","16","6","3","10","1","1","E01","7","5","1","8","2","8","","6","6","1","10","8","E01","24.161724","120.67616","2"
"2019","7","19","9","44","臺中市","南屯區","0","0","0","8","","","50","","","","","","","","","","","","","","","","","","","","B03","","","1","","2","","","42","","1","21","","B03","24.135014","120.646441","3"
"2019","7","19","9","50","臺中市","南區","0","1","0","8","1","5","50","4","1","1","5","4","5","7","4","4","10","5","5","2","15","6","3","10","1","1","B03","7","9","1","8","2","5","","6","6","1","22","8","B03","24.119845","120.66244","2"
"2019","7","19","9","50","臺中市","大雅區","0","0","1","8","1","5","50","4","1","1","5","4","5","7","1","1","9","4","4","1","17","8","3","10","1","1","B12","7","9","1","8","2","1","","23","8","1","22","9","B12","24.22719","120.64436","2"
"2019","7","19","9","53","臺中市","北區","0","0","0","8","","","50","","","","","","","","","","","","","","","","","","","","B03","","","1","","2","","","23","","1","5","","B03","24.1481","120.68333","3"
"2019","7","19","9","55","臺中市","龍井區","0","0","0","","","","","","","","","","","","","","","","","","","","","","","","B03","","","1","","2","","","23","","1","22","","B03","24.19254","120.579661","3"
"2019","7","19","10","0","臺中市","清水區","0","1","0","8","1","5","40","4","2","1","5","4","5","7","3","1","5","4","4","1","11","4","3","10","1","1","F01","7","5","8","20","2","16","","4","4","1","5","7","F01","24.275416","120.57746","2"
"2019","7","19","10","7","臺中市","北區","0","0","0","8","","","50","","","","","","","","","","","","","","","","","","","","B03","","","1","","2","","","12","","1","22","","B03","24.157508","120.669423","3"
"2019","7","19","10","16","臺中市","東區","0","0","0","8","1","5","50","3","1","1","5","4","5","7","4","4","10","5","5","2","13","16","3","10","1","1","B12","7","6","1","8","2","1","","16","16","1","5","8","B12","24.129638","120.697835","3"
"2019","7","19","10","18","臺中市","神岡區","0","0","0","8","","","40","","","","","","","","","","","","","","","","","","","","B12","","","1","","2","","","12","","1","22","","B12","24.258783","120.656145","3"
"2019","7","19","10","25","臺中市","太平區","0","1","0","7","1","5","50","4","1","1","5","4","5","7","4","4","10","5","5","2","15","6","2","9","1","1","C03","7","9","1","10","2","12","14","6","6","1","5","5","C03","24.150658","120.709123","2"
"2019","7","19","10","42","臺中市","南屯區","0","0","0","8","","","50","","","","","","","","","","","","","","","","","","","","B03","","","1","","2","","","43","","1","21","","B03","24.146863","120.641688","3"
"2019","7","19","10","47","臺中市","北屯區","0","1","0","8","1","5","40","14","8","1","5","4","5","7","4","4","1","2","4","2","16","19","3","10","1","1","B03","7","1","1","8","2","8","","19","19","1","19","8","B03","24.1655","120.6947","2"
"2019","7","19","10","47","臺中市","后里區","0","0","0","8","","","50","","","","","","","","","","","","","","","","","","","","A31","","","1","","2","","","17","","1","","","A31","24.313753","120.692025","3"
"2019","7","19","10","55","臺中市","太平區","0","0","0","","","","","","","","","","","","","","","","","","","","","","","","B12","","","1","","2","","","12","","1","21","","B12","24.150626","120.711366","3"
"2019","7","19","11","11","臺中市","北區","0","1","0","8","1","5","50","4","1","1","5","4","5","7","4","4","10","5","5","2","16","23","3","10","1","1","B11","7","5","1","8","2","1","","23","23","1","10","8","B11","24.15501","120.66606","2"
"2019","7","19","11","16","臺中市","東區","0","0","0","8","1","5","40","13","9","1","5","4","5","7","4","4","10","5","5","2","14","12","3","10","1","1","B02","7","2","1","8","2","6","","12","12","1","10","8","B02","24.125049","120.693585","3"
"2019","7","19","11","20","臺中市","北屯區","0","1","0","7","1","5","40","4","1","1","5","4","5","7","4","4","10","5","5","2","17","6","3","10","1","1","B11","7","6","1","7","2","15","","6","6","1","5","8","B11","24.15759","120.725561","2"
"2019","7","19","11","31","臺中市","大甲區","0","0","0","8","","","50","","","","","","","","","","","","","","","19","","","","","B03","","","1","","2","","","19","19","1","4","","B03","24.345943","120.622684","3"
"2019","7","19","11","41","臺中市","梧棲區","0","2","0","8","1","5","50","14","8","1","5","4","5","7","4","4","1","4","4","2","16","6","3","10","1","1","B03","7","6","1","8","2","2","","6","6","1","4","8","B03","24.260143","120.534406","2"
"2019","7","19","11","46","臺中市","清水區","0","0","0","8","","","50","","","","","","","","","","","","","","","","","","","","B03","","","1","","2","","","18","","1","19","","B03","24.264275","120.573222","3"
"2019","7","19","11","48","臺中市","北屯區","0","0","0","8","","","40","","","","","","","","","","","","","","","","","","","","B03","","","1","","2","","","12","","1","5","","B03","24.189053","120.69012","3"
"2019","7","19","11","49","臺中市","西屯區","0","1","0","8","1","5","40","14","8","1","5","4","5","7","4","4","1","4","1","2","17","23","2","9","1","1","C03","7","9","1","10","2","14","","23","23","1","22","9","C03","24.164873","120.645078","2"
"2019","7","19","11","52","臺中市","南屯區","0","0","0","8","","","50","","","","","","","","","","","","","","","","","","","","B03","","","1","","2","","","42","","1","21","","B03","24.134567","120.643963","3"
"2019","7","19","12","0","臺中市","潭子區","0","2","0","8","1","5","60","14","7","1","5","4","5","7","4","4","1","4","4","1","13","23","2","9","1","1","C03","7","9","1","10","2","11","","23","23","1","22","8","C03","24.235762","120.709951","2"
"2019","7","19","12","2","臺中市","后里區","0","0","0","8","1","3","50","4","2","1","5","4","5","7","","1","5","3","5","2","12","19","","","","","B03","","","1","","2","","","19","19","1","4","","B03","24.309748","120.716902","3"
"2019","7","19","12","3","臺中市","大雅區","0","0","0","8","","","40","","","","","","","","","","","","","","","","","","","","B12","","","1","","2","","","12","","1","","","B12","24.22649","120.648347","3"
"2019","7","19","12","12","臺中市","北區","0","0","0","8","","","50","","","","","","","","","","","","","","","","","","","","B03","","","1","","2","","","23","","1","5","","B03","24.16504","120.67835","3"
"2019","7","19","12","16","臺中市","大雅區","0","0","0","8","","","50","","","","","","","","","","","","","","","","","","","","B11","","","1","","2","","","7","","","","","B11","24.23493","120.636387","3"
"2019","7","19","12","24","臺中市","東區","0","1","0","8","1","5","50","14","9","1","5","4","5","7","4","4","5","5","5","2","17","26","3","10","1","1","C03","7","11","1","10","2","11","","26","26","1","5","8","C03","24.149933","120.692858","2"
"2019","7","19","12","30","臺中市","中區","0","1","0","8","1","5","50","14","9","1","5","4","5","7","4","4","10","5","5","2","3","51","2","9","4","5","H01","8","16","8","20","2","16","","51","51","1","20","7","H01","24.137777","120.68278","2"
"2019","7","19","12","30","臺中市","北區","0","0","0","8","","","50","","","","","","","","","","","","","","","","","","","","B03","","","1","","2","","","23","","1","22","","B03","24.162814","120.668881","3"
"2019","7","19","12","36","臺中市","潭子區","0","2","0","8","1","5","60","14","8","1","5","4","5","7","4","4","1","4","4","1","16","19","2","7","1","1","C03","7","1","1","10","2","14","","19","19","1","22","8","C03","24.19791","120.70272","2"
"2019","7","19","12","48","臺中市","東勢區","0","0","0","8","","","60","","","","","","","","","","","","","","","","","","","","B03","","","1","","2","","","23","","1","21","","B03","24.304365","120.812061","3"
"2019","7","19","13","2","臺中市","西區","0","1","0","8","1","5","50","14","9","1","5","4","3","7","4","4","1","4","5","2","16","6","3","10","3","4","B02","7","6","1","8","2","2","","6","6","1","21","8","B02","24.140144","120.656455","2"
"2019","7","19","13","6","臺中市","北區","0","0","0","8","","","50","","","","","","","","","","","","","","","","","","","","B03","","","1","","2","","","19","","","22","","B03","24.16019","120.6905","3"
"2019","7","19","13","14","臺中市","潭子區","0","0","0","8","","","50","","","","","","","","","","","","","","","","","","","","B12","","","1","","1","","","17","","1","21","","B12","24.201944","120.704082","3"
"2019","7","19","13","30","臺中市","后里區","0","1","0","8","1","5","50","4","2","1","5","4","5","7","1","1","1","4","5","2","12","6","3","10","1","1","B03","7","6","1","8","2","6","","6","6","1","19","5","B03","24.30897","120.722095","2"
"2019","7","19","13","31","臺中市","東區","0","0","0","","","","","","","","","","","","","","","","","","","","","","","","A12","","","1","","2","","","12","","1","4","","A12","24.13137","120.70528","3"
"2019","7","19","13","40","臺中市","北區","0","1","0","8","1","5","40","14","8","1","5","4","5","7","4","4","9","4","4","2","13","23","2","9","1","1","C03","4","9","1","10","2","11","","23","23","1","5","8","C03","24.17267","120.67142","2"
"2019","7","19","13","40","臺中市","沙鹿區","0","0","0","8","","","40","","","","","","","","","","","","","","","","","","","","B03","","","1","","2","","","12","","1","5","","B03","24.236983","120.568732","3"
"2019","7","19","13","55","臺中市","西屯區","0","3","0","8","1","5","50","5","7","1","5","4","5","7","1","1","5","5","4","2","16","43","2","9","1","1","C03","7","9","1","10","2","11","","43","43","1","22","9","C03","24.17848","120.643495","2"
"2019","7","19","13","56","臺中市","太平區","0","0","0","8","","","50","","","","","","","","","","","","","","","","","","","","B03","","","1","","2","","","6","","1","21","","B03","24.142085","120.724006","3"
"2019","7","19","14","0","臺中市","太平區","0","0","0","8","","","50","","","","","","","","","","","","","","","26","","","","","B03","","","1","","2","","","26","26","1","21","","B03","24.129013","120.722156","3"
"2019","7","19","14","4","臺中市","西屯區","0","1","0","8","1","5","40","11","9","1","5","4","5","7","4","4","10","5","5","2","17","23","2","9","1","1","C03","7","6","1","10","2","12","","23","23","1","4","8","C03","24.182564","120.614012","2"
"2019","7","19","14","20","臺中市","北屯區","0","0","0","8","","","50","","","","","","","","","","","","","","","","","","","","C04","","","1","","2","","","16","","1","22","","C04","24.173575","120.66908","3"
"2019","7","19","14","40","臺中市","西區","0","0","0","8","1","5","50","14","8","1","5","4","5","7","4","4","10","5","1","2","12","","","","","","A04","","","1","","2","","","23","","1","10","","A04","24.15472","120.663651","3"
"2019","7","19","14","40","臺中市","北屯區","0","1","0","8","1","5","50","14","9","1","5","4","5","7","4","4","5","5","5","2","5","33","3","10","3","4","C03","7","9","1","10","2","12","","33","33","1","21","8","C03","24.172638","120.683513","2"
"2019","7","19","14","45","臺中市","東區","0","0","0","8","","","50","","","","","","","","","","","","","","","","","","","","B03","","","1","","2","","","23","","1","4","","B03","24.135266","120.709218","3"
"2019","7","19","14","51","臺中市","北區","0","1","0","8","1","5","50","4","1","1","5","4","5","7","2","1","10","5","5","2","13","23","3","10","1","1","B03","7","9","1","8","2","1","","23","23","1","22","8","B03","24.16705","120.67796","2"
"2019","7","19","15","3","臺中市","沙鹿區","0","0","0","8","","","60","","","","","","","","","","","","","","","42","","","","","B03","","","1","","2","","","44","42","1","","","B03","24.204074","120.566592","4"
"2019","7","19","15","5","臺中市","南屯區","0","0","0","8","","","50","","","","","","","","4","","","","","","","23","3","","","","B03","","","6","","2","","","23","23","1","21","","B03","24.14138","120.641039","3"
"2019","7","19","15","9","臺中市","霧峰區","0","0","0","8","","","40","","","","","","","","","","","","","","","","","","","","A12","","","1","","11","","","23","","1","4","","A12","24.023398","120.691255","3"
"2019","7","19","15","15","臺中市","南屯區","0","0","0","8","","","50","","","","","","","","","","","","","","","","","","","","B03","","","1","","2","","","26","","1","22","","B03","24.142292","120.638226","3"
"2019","7","19","15","31","臺中市","北區","0","0","0","8","","","50","","","","","","","","","","","","","","","","","","","","B03","","","1","","2","","","12","","1","","","B03","24.162738","120.671293","3"
"2019","7","19","15","40","臺中市","大甲區","0","1","0","7","1","5","40","3","1","1","5","4","5","7","4","4","10","5","5","2","14","12","3","10","1","1","B03","7","2","1","8","2","6","","12","12","1","7","8","B03","24.36014","120.635055","2"