"年","月","日","時","分","縣市","區","死","受傷","2-30","天候","光線","道路類別","速限","道路型態","事故位置","路面鋪裝","路面狀態","路面缺陷","障礙物","視距","號誌種類","號誌動作","分向設施","快車道或一般車道間","快慢車道間","路面邊線","事故類型及型態","主要肇因","受傷程度","主要傷處","保護裝備","行動電話","當事者區分_類別","車輛用途","當事者行動狀態","駕駛資格情形","駕駛執照種類","飲酒情形","車輛撞擊部位最初","車輛撞擊部位其他","肇事因素個別","肇事因素主要","肇事逃逸","職業","旅次目的","車種","GPS座標_緯度","GPS座標_經度","事故類別"
"2019","7","20","9","37","臺中市","大雅區","0","2","0","7","1","5","50","14","9","1","5","4","5","7","4","4","1","4","4","1","18","23","2","9","1","1","C03","7","9","1","10","2","15","","23","23","1","22","1","C03","24.216726","120.666109","2"
"2019","7","20","9","39","臺中市","神岡區","0","0","0","8","","","40","","","","","","","","","","","","","","","","","","","","B12","","","1","","2","","","12","","1","21","","B12","24.247975","120.698438","3"
"2019","7","20","9","45","臺中市","沙鹿區","0","0","0","8","","","40","","","","","","","","","","","","","","","","","","","","B12","","","1","","2","","","12","","1","11","","B12","24.206378","120.564161","3"
"2019","7","20","9","45","臺中市","沙鹿區","0","0","0","8","","","50","","","","","","","","","","","","","","","","","","","","A11","","","1","","2","","","42","","2","21","","A11","24.216031","120.576513","3"
"2019","7","20","9","58","臺中市","大雅區","0","1","0","8","1","5","50","4","1","1","5","4","5","7","1","1","1","5","5","2","16","26","2","7","1","1","C03","7","5","1","10","2","12","","26","26","1","21","8","C03","24.233895","120.66441","2"
"2019","7","20","10","1","臺中市","梧棲區","0","1","0","8","1","5","50","14","9","1","5","4","5","7","4","4","1","4","5","1","16","21","3","10","1","1","B03","7","7","3","18","7","8","","21","21","2","12","8","B03","24.251383","120.529146","2"
"2019","7","20","10","2","臺中市","西屯區","0","0","0","8","","","60","","","","","","","","","","","","","","","","","","","","B03","","","1","","2","","","42","","1","22","","B03","24.167825","120.640711","3"
"2019","7","20","10","9","臺中市","沙鹿區","0","1","0","8","1","5","50","14","7","1","5","4","5","7","4","4","1","4","4","2","13","23","3","10","1","1","B03","7","9","1","8","2","1","","23","23","1","21","8","B03","24.237754","120.557423","2"
"2019","7","20","10","10","臺中市","太平區","0","2","0","8","1","5","50","5","1","1","5","4","5","7","3","1","5","5","5","2","15","6","2","9","1","1","C03","7","9","1","10","2","11","","6","6","1","21","8","C03","24.122199","120.721075","2"
"2019","7","20","10","18","臺中市","北屯區","0","0","0","8","1","5","50","14","22","1","5","4","5","7","4","4","10","3","5","2","14","12","3","9","1","1","B03","7","2","1","8","2","3","","12","12","1","21","8","B03","24.175164","120.718901","3"
"2019","7","20","10","20","臺中市","大甲區","0","0","0","8","","","50","","","","","","","","","","","","","","","","","","","","C03","","","1","","2","","","6","","1","9","","C03","24.347007","120.619931","3"
"2019","7","20","10","30","臺中市","梧棲區","0","0","0","8","","","40","","","","","","","","","","","","","","","","","","","","B03","","","1","","2","","","17","","1","19","","B03","24.25405","120.53321","4"
"2019","7","20","10","32","臺中市","東區","0","1","0","8","1","5","50","3","2","1","5","4","5","7","1","1","5","2","4","2","17","23","3","10","1","1","B03","7","6","1","8","2","5","","23","23","1","5","8","B03","24.131199","120.703791","2"
"2019","7","20","10","40","臺中市","北屯區","0","2","0","8","1","5","50","4","1","1","5","4","5","7","4","4","10","5","5","2","15","6","2","9","1","1","C03","7","9","1","10","2","12","","6","6","1","21","8","C03","24.185838","120.666438","2"
"2019","7","20","10","46","臺中市","沙鹿區","0","0","0","8","","","70","","","","","","","","","","","","","","","23","","","","","B12","","","1","","2","","","23","23","","","","B12","24.244926","120.612698","3"
"2019","7","20","10","52","臺中市","西屯區","0","1","0","8","1","5","50","4","1","1","5","4","5","7","1","1","10","5","5","2","13","23","2","9","1","1","C03","7","9","1","10","2","11","","23","23","1","21","8","C03","24.157093","120.65711","2"
"2019","7","20","11","0","臺中市","沙鹿區","0","0","0","8","","","50","","","","","","","","","","","","","","","","","","","","B03","","","1","","2","","","12","","","4","","B03","24.243706","120.562832","3"
"2019","7","20","11","2","臺中市","北屯區","0","0","0","8","","","50","","","","","","","","","","","","","","","","","","","","B03","","","1","","2","","","26","","1","22","","B03","24.172698","120.680853","3"
"2019","7","20","11","3","臺中市","南區","0","0","0","","","","","","","","","","","","","","","","","","","","","","","","B03","","","1","","2","","","12","","1","5","","B03","24.120595","120.682363","3"
"2019","7","20","11","3","臺中市","清水區","0","2","0","8","1","8","50","4","1","1","5","4","5","7","4","4","9","4","5","2","15","6","2","9","1","1","C03","7","9","1","10","2","11","","6","6","1","9","1","C03","24.26557","120.540885","2"
"2019","7","20","11","4","臺中市","北區","0","1","0","8","1","5","50","4","2","1","5","4","5","7","2","1","5","4","5","2","12","23","2","9","1","1","C03","7","9","1","10","2","11","","23","23","1","22","8","C03","24.155282","120.69431","2"
"2019","7","20","11","15","臺中市","沙鹿區","0","0","0","8","","","50","","","","","","","","","","","","","","","","","","","","B03","","","1","","2","","","23","","1","5","","B03","24.203181","120.566938","4"
"2019","7","20","11","19","臺中市","沙鹿區","0","0","0","8","","","60","","","","","","","","","","","","","","","7","","","","","B03","","","1","","2","","","23","7","1","","","B03","24.217239","120.580599","3"
"2019","7","20","11","20","臺中市","西區","0","0","0","8","","","50","","","","","","","","","","","","","","","6","3","","","","B03","","","1","8","2","6","","6","6","1","21","8","B03","24.141698","120.675502","3"
"2019","7","20","11","20","臺中市","新社區","0","0","0","8","","","50","","","","","","","","","","","","","","","","","","","","B12","","","1","","2","","","23","","1","10","","B12","24.210805","120.795761","3"
"2019","7","20","11","23","臺中市","北區","0","0","0","8","","","50","","","","","","","","","","","","","","","","","","","","B03","","","1","","2","","","26","","1","21","","B03","24.154602","120.682075","3"
"2019","7","20","11","36","臺中市","西屯區","0","0","0","8","","","50","","","","","","","","","","","","","","","","","","","","B03","","","1","","2","","","23","","1","22","","B03","24.16332","120.655495","3"
"2019","7","20","11","42","臺中市","西區","0","1","0","8","1","5","50","14","9","1","5","4","5","7","4","4","5","5","5","2","12","42","3","10","1","1","C03","7","15","1","10","2","13","","42","42","1","5","8","C03","24.146732","120.660579","2"
"2019","7","20","11","45","臺中市","南屯區","0","1","0","8","1","5","50","4","1","1","5","4","5","7","4","4","10","5","5","2","15","6","3","10","1","1","B03","7","9","1","8","2","4","","6","6","1","5","8","B03","24.130829","120.650737","2"
"2019","7","20","11","46","臺中市","梧棲區","0","2","0","8","1","5","40","4","1","1","5","4","5","7","1","1","10","5","5","2","16","23","2","8","1","1","C03","7","9","1","10","2","11","","23","23","1","5","1","C03","24.24372","120.551993","2"
"2019","7","20","11","47","臺中市","大甲區","0","2","0","8","1","5","50","14","8","1","5","4","5","7","4","4","5","5","4","1","16","19","3","10","1","1","B03","7","1","1","8","2","8","","19","19","1","4","8","B03","24.351522","120.628195","2"
"2019","7","20","11","48","臺中市","潭子區","0","3","0","8","1","5","50","14","9","1","5","4","5","7","4","4","8","3","5","1","12","6","2","9","1","1","C03","7","6","1","10","1","11","","6","6","1","22","1","C03","24.211644","120.702896","2"
"2019","7","20","11","53","臺中市","大雅區","0","1","0","8","1","5","50","11","9","1","5","4","5","7","4","4","5","5","5","1","12","1","3","10","1","1","B12","7","4","1","8","2","15","","1","1","1","22","9","B12","24.230361","120.653896","2"
"2019","7","20","11","58","臺中市","中區","0","3","0","8","1","5","50","3","2","1","5","4","5","7","4","4","4","4","5","2","3","53","2","9","4","5","H01","8","20","8","20","2","16","","53","53","1","21","8","H01","24.139672","120.685953","2"
"2019","7","20","12","0","臺中市","西屯區","0","1","0","8","1","5","50","4","1","1","5","4","5","7","1","1","10","5","5","2","16","43","2","9","1","1","C03","7","5","1","9","2","12","","43","43","1","21","8","C03","24.174739","120.634191","2"
"2019","7","20","12","9","臺中市","北屯區","0","0","0","8","","","40","","","","","","","","","","","","","","","23","","","","","B03","","","1","","2","","","23","23","1","5","","B03","24.200673","120.685313","3"
"2019","7","20","12","14","臺中市","北區","0","1","0","8","1","5","50","4","1","1","5","4","5","7","4","4","10","5","5","2","15","6","2","9","1","1","C03","7","9","1","10","2","12","","6","6","1","22","8","C03","24.163941","120.683308","2"
"2019","7","20","12","15","臺中市","南區","0","2","0","8","1","5","40","14","8","1","5","4","5","7","4","4","2","4","4","2","13","43","2","9","3","4","C03","7","9","3","18","2","11","","43","43","1","5","8","C03","24.119357","120.664811","2"
"2019","7","20","12","16","臺中市","中區","0","0","0","8","","","50","","","","","","","","","","","","","","","","","","","","B03","","","1","","2","","","19","","1","5","","B03","24.145199","120.6764","3"
"2019","7","20","12","20","臺中市","北區","0","0","0","8","","","50","","","","","","","","","","","","","","","","","","","","B03","","","1","","2","","","42","","1","22","","B03","24.151002","120.677154","3"
"2019","7","20","12","30","臺中市","南區","0","0","0","8","","","50","","","","","","","","","","","","","","","","3","","","","B12","","","1","","2","","","23","","1","21","","B12","24.124071","120.674523","3"
"2019","7","20","12","35","臺中市","東勢區","0","0","0","8","","","50","","","","","","","","","","","","","","","23","","","","","B03","","","1","","2","","","44","23","1","22","","B03","24.257036","120.827935","3"
"2019","7","20","12","38","臺中市","北區","0","1","0","8","1","5","50","14","8","1","5","4","5","7","4","4","1","4","4","2","17","40","3","10","1","1","B03","7","13","1","8","2","8","","40","40","1","22","8","B03","24.15735","120.68085","2"
"2019","7","20","12","56","臺中市","西屯區","0","1","0","8","1","5","50","4","7","1","5","4","5","7","1","1","5","5","4","2","13","16","2","8","1","1","C03","7","9","1","10","2","11","","16","16","1","22","9","C03","24.164071","120.662076","2"
"2019","7","20","13","2","臺中市","潭子區","0","1","0","8","1","5","60","14","9","1","5","4","5","7","1","1","8","3","4","1","17","23","2","9","1","1","C03","7","9","1","10","2","12","","23","23","1","22","1","C03","24.216188","120.688102","2"
"2019","7","20","13","15","臺中市","烏日區","0","1","0","8","1","5","50","3","1","1","5","4","5","7","4","4","10","5","5","2","16","9","3","10","1","1","B12","7","6","1","8","2","8","","9","9","1","21","8","B12","24.108925","120.605631","2"
"2019","7","20","13","22","臺中市","中區","0","2","0","8","1","5","50","4","2","1","5","4","5","7","1","1","5","2","5","2","13","23","2","9","1","1","C03","7","9","1","10","2","11","","23","23","1","21","8","C03","24.146174","120.679822","2"
"2019","7","20","13","46","臺中市","北屯區","0","2","0","8","1","5","40","3","1","1","5","4","5","7","1","1","10","5","4","2","12","42","2","9","3","4","C03","7","9","1","10","2","11","","42","42","1","21","8","C03","24.164923","120.69696","2"
"2019","7","20","13","49","臺中市","大雅區","0","0","0","8","","","50","","","","","","","","","","","","","","","","","","","","B03","","","1","","2","","","26","","1","22","","B03","24.24048","120.630689","3"
"2019","7","20","13","55","臺中市","北屯區","0","1","0","8","1","5","50","14","9","1","5","4","5","7","4","4","9","5","5","2","13","23","2","9","1","1","C03","7","9","1","10","2","11","","23","23","1","21","8","C03","24.163908","120.694138","2"
"2019","7","20","14","5","臺中市","西屯區","0","0","0","8","","","40","","","","","","","","","","","","","","","","","","","","B03","","","1","","2","","","8","","1","22","","B03","24.187241","120.640588","3"
"2019","7","20","14","8","臺中市","東區","0","2","0","8","1","5","50","4","2","1","5","4","5","7","1","1","5","2","4","2","16","26","2","9","1","1","C03","7","5","1","10","2","14","","26","26","1","21","8","C03","24.133101","120.696983","2"
"2019","7","20","14","9","臺中市","梧棲區","0","1","0","8","1","5","40","4","2","1","5","4","5","7","2","1","10","5","5","2","13","16","2","9","3","4","C03","7","9","6","10","8","11","","16","16","1","21","8","C03","24.247878","120.542425","2"
"2019","7","20","14","10","臺中市","大里區","0","0","0","8","","","50","","","","","","","","","","","","","","","","","","","","B12","","","1","","2","","","18","","1","4","","B12","24.114355","120.67928","3"
"2019","7","20","14","13","臺中市","和平區","0","0","0","8","1","3","50","12","9","1","5","4","5","1","4","4","8","5","5","1","11","26","3","10","4","1","B12","7","6","1","8","2","8","","26","26","1","22","9","B12","24.292226","120.910865","3"
"2019","7","20","14","27","臺中市","潭子區","0","3","0","8","1","5","50","14","9","1","5","4","5","7","4","4","9","4","5","1","17","10","2","9","1","1","C03","7","11","1","10","2","14","","10","10","1","21","8","C03","24.222109","120.69208","2"
"2019","7","20","14","33","臺中市","南屯區","0","2","0","8","1","5","50","14","9","1","5","4","5","7","4","4","1","5","5","2","12","17","3","10","1","1","B03","7","9","1","8","2","2","","17","17","1","22","9","B03","24.146542","120.646617","2"
"2019","7","20","14","40","臺中市","神岡區","0","1","0","8","1","5","40","3","9","1","5","4","5","7","4","4","10","5","5","2","17","6","3","10","3","4","B03","7","5","1","7","2","8","","6","6","1","22","3","B03","24.280726","120.68251","2"
"2019","7","20","14","44","臺中市","東勢區","0","0","0","8","","","50","","","","","","","","","","","","","","","12","","","","","B03","","","1","","2","","","38","12","1","22","","B03","24.257155","120.829793","3"
"2019","7","20","14","45","臺中市","西屯區","0","1","0","8","1","5","50","3","1","1","5","4","5","7","1","1","10","5","5","2","17","26","2","8","1","1","C03","7","15","1","10","2","12","","26","26","1","22","9","C03","24.169461","120.642421","2"
"2019","7","20","14","45","臺中市","梧棲區","0","1","0","8","1","5","40","4","1","1","5","4","5","7","3","1","10","5","5","2","12","23","2","9","3","4","C03","7","9","1","10","2","14","","23","23","1","21","8","C03","24.250425","120.534561","2"
"2019","7","20","14","46","臺中市","北區","0","0","0","8","","","50","","","","","","","","","","","","","","","6","","","","","C03","","","1","","2","","","6","6","1","","","C03","24.158258","120.677704","3"
"2019","7","20","14","50","臺中市","大甲區","0","2","0","8","1","5","50","4","1","1","5","4","5","7","4","4","10","5","5","2","15","6","2","8","1","1","C03","7","9","2","18","2","12","","6","6","1","5","8","C03","24.372139","120.625809","2"
"2019","7","20","14","56","臺中市","潭子區","0","0","0","8","","","50","","","","","","","","","","","","","","","","","","","","B12","","","1","","2","","","17","","1","22","","B12","24.207349","120.706556","3"
"2019","7","20","15","9","臺中市","西屯區","0","1","0","8","1","5","50","14","9","1","5","4","5","7","4","4","1","4","5","2","13","16","2","8","1","1","C03","7","9","1","10","2","11","","16","16","1","21","8","C03","24.171192","120.659972","2"
"2019","7","20","15","18","臺中市","西屯區","0","1","0","8","1","5","50","14","7","1","5","4","5","7","4","4","5","4","4","2","12","10","2","9","3","4","C03","7","11","1","10","2","14","","10","10","1","22","8","C03","24.1883","120.617583","2"
"2019","7","20","15","20","臺中市","西區","0","2","0","8","1","5","50","3","1","1","5","4","5","7","4","4","10","5","5","2","16","8","2","9","1","1","C03","7","5","1","10","2","14","","8","8","1","5","5","C03","24.137151","120.679148","2"
"2019","7","20","15","20","臺中市","東區","0","0","0","8","","","50","","","","","","","","","","","","","","","","3","","","","B03","","","1","","2","","","12","","1","21","","B03","24.138866","120.702876","4"
"2019","7","20","15","23","臺中市","沙鹿區","0","0","0","8","","","50","","","","","","","","","","","","","","","","","","","","B03","","","1","","2","","","7","","1","21","","B03","24.239974","120.564728","3"
"2019","7","20","15","24","臺中市","石岡區","0","1","0","8","1","5","50","3","1","1","5","4","5","7","4","4","10","5","5","2","17","1","2","8","1","1","C03","7","4","1","10","2","14","","1","1","1","21","8","C03","24.259464","120.815951","2"
"2019","7","20","15","28","臺中市","沙鹿區","0","1","0","8","1","5","50","4","1","1","5","4","5","7","2","1","10","5","5","2","17","25","3","10","1","1","B03","7","9","1","8","2","1","","25","25","1","4","8","B03","24.239409","120.564631","2"
"2019","7","20","15","33","臺中市","南屯區","0","1","0","8","1","5","50","4","1","1","5","4","5","7","1","1","10","5","5","2","16","8","3","10","3","4","B03","7","5","1","8","2","2","","8","8","1","22","8","B03","24.146896","120.643793","2"
"2019","7","20","15","40","臺中市","太平區","0","1","0","8","1","5","50","3","2","1","5","4","5","7","4","4","5","5","5","2","18","43","2","9","1","1","C03","7","9","1","10","2","12","","43","43","1","21","8","C03","24.147544","120.700572","2"
"2019","7","20","15","41","臺中市","南屯區","0","0","0","8","","","40","","","","","","","","","","","","","","","","","","","","B03","","","1","","2","","","16","","1","4","","B03","24.133327","120.649129","3"
"2019","7","20","15","45","臺中市","北屯區","0","0","0","8","","","50","","","","","","","","","","","","","","","23","","","","","B01","","","1","","2","","","23","23","1","22","","B01","24.169005","120.685051","3"
"2019","7","20","15","45","臺中市","太平區","0","0","0","8","","","40","","","","","","","","","","","","","","","","","","","","C03","","","1","","2","","","6","","1","21","","C03","24.15509","120.709401","3"
"2019","7","20","15","47","臺中市","東勢區","0","2","0","8","1","5","60","15","9","1","5","4","5","7","4","4","5","4","5","1","2","21","2","9","1","1","C03","7","9","3","18","8","12","","21","21","1","5","8","C03","24.281701","120.810835","2"
"2019","7","20","15","48","臺中市","大甲區","0","1","0","8","1","5","50","14","9","1","5","4","5","7","4","4","5","5","5","1","16","19","3","10","1","1","B03","7","1","1","8","2","8","","19","19","1","4","8","B03","24.345958","120.625445","2"
"2019","7","20","15","53","臺中市","北屯區","0","0","0","8","","","50","","","","","","","","","","","","","","","","","","","","B03","","","1","","2","","","23","","1","","","B03","24.188283","120.686715","3"
"2019","7","20","16","10","臺中市","南區","0","1","0","8","1","5","50","4","1","1","5","4","5","7","1","1","10","5","5","2","16","10","2","9","1","1","C03","7","11","1","10","2","11","","10","10","1","21","8","C03","24.131797","120.676631","2"
"2019","7","20","16","10","臺中市","南屯區","0","2","0","8","1","5","40","14","9","1","5","4","5","7","4","4","10","5","5","2","11","1","2","9","1","1","C03","7","9","1","10","2","14","","1","1","1","21","8","C03","24.141832","120.6006","2"
"2019","7","20","16","11","臺中市","西區","0","0","0","8","1","5","50","14","8","1","5","4","5","7","4","4","9","4","4","2","12","","","","","","B03","","","1","","2","","","23","","1","5","","B03","24.138486","120.657239","3"
"2019","7","20","16","16","臺中市","南區","0","1","0","8","1","5","50","4","1","1","5","4","3","7","4","4","10","5","5","2","15","6","2","9","4","1","F01","7","9","8","20","2","16","","6","6","1","17","5","F01","24.124953","120.676461","2"
"2019","7","20","16","20","臺中市","北屯區","0","0","0","8","","","40","","","","","","","","","","","","","","","","","","","","B03","","","1","","2","","","16","","1","22","","B03","24.201338","120.686073","3"
"2019","7","20","16","22","臺中市","北屯區","0","1","0","8","1","5","50","14","9","1","5","4","5","7","4","4","9","5","5","2","17","23","2","7","1","1","C03","7","9","1","10","2","11","","23","23","1","5","8","C03","24.162658","120.728913","2"
"2019","7","20","16","26","臺中市","西區","0","1","0","8","1","5","50","14","9","1","5","4","5","7","4","4","5","5","5","2","14","12","3","10","3","4","B02","7","2","1","8","2","3","","12","12","1","21","8","B02","24.141573","120.661488","2"
"2019","7","20","16","30","臺中市","龍井區","0","0","0","","","","","","","","","","","","","","","","","","","","","","","","B12","","","1","","2","","","23","","1","","","B12","24.185372","120.587504","3"
"2019","7","20","16","43","臺中市","太平區","0","1","0","8","1","5","50","14","9","1","5","4","5","7","4","4","5","5","5","2","16","44","2","9","1","1","C03","7","9","1","10","2","12","","44","44","1","21","8","C03","24.158131","120.719273","2"
"2019","7","20","16","48","臺中市","西屯區","0","1","0","8","1","5","50","3","1","1","5","4","5","7","4","4","10","5","5","2","16","10","3","10","1","1","B01","7","11","1","4","2","7","","10","10","1","21","8","B01","24.171283","120.64909","2"
"2019","7","20","16","50","臺中市","西區","0","1","0","8","1","5","40","3","1","1","5","4","5","7","4","4","10","5","5","2","16","6","3","10","3","4","B03","7","5","1","8","2","1","","6","6","1","21","8","B03","24.156741","120.656906","2"
"2019","7","20","16","58","臺中市","清水區","0","0","0","8","","","40","","","","","","","","","","","","","","","","","","","","B12","","","1","","2","","","6","","1","12","","B12","24.308139","120.588739","3"
"2019","7","20","17","0","臺中市","潭子區","0","0","0","8","1","5","60","14","7","1","5","4","5","7","2","1","1","1","4","1","13","","","","","","B03","","","1","","2","","","23","","1","","","B03","24.209671","120.705256","3"
"2019","7","20","17","3","臺中市","太平區","0","0","0","8","","","50","","","","","","","","","","","","","","","","","","","","C03","","","1","","2","","","26","","1","21","","C03","24.143459","120.716525","3"
"2019","7","20","17","4","臺中市","北屯區","0","0","0","8","","","50","","","","","","","","","","","","","","","","","","","","B03","","","1","","2","","","26","","1","22","","B03","24.165665","120.694559","3"
"2019","7","20","17","8","臺中市","南屯區","0","1","0","8","1","5","50","4","1","1","5","4","5","7","4","4","10","5","5","2","16","6","2","7","1","1","C03","7","6","1","8","2","14","","6","6","1","22","9","C03","24.138861","120.639716","2"
"2019","7","20","17","13","臺中市","北區","0","0","0","8","","","50","","","","","","","","","","","","","","","","","","","","B12","","","1","","2","","","1","","1","","","B12","24.165593","120.674033","3"
"2019","7","20","17","16","臺中市","西屯區","0","2","0","8","1","5","50","4","1","1","5","4","5","7","1","1","5","4","4","2","13","16","3","10","1","1","B03","7","9","1","1","2","10","","16","16","1","21","8","B03","24.186248","120.621943","2"
"2019","7","20","17","21","臺中市","西屯區","0","0","0","8","","","60","","","","","","","","","","","","","","","","","","","","B03","","","1","","2","","","7","","1","22","","B03","24.164043","120.646915","3"
"2019","7","20","17","21","臺中市","清水區","0","0","0","8","","","50","","","","","","","","","","","","","","","","","","","","B12","","","1","","2","","","23","","1","7","","B12","24.296215","120.552937","3"
"2019","7","20","17","25","臺中市","神岡區","0","0","0","8","","","50","","","","","","","","","","","","","","","","","","","","B12","","","1","","9","","","6","","2","","","B12","24.264406","120.657037","3"
"2019","7","20","17","28","臺中市","西屯區","0","2","0","8","1","5","50","5","1","1","5","4","5","7","1","1","5","4","4","2","16","6","3","10","1","1","B03","7","6","1","8","2","5","","6","6","1","21","8","B03","24.164413","120.66402","2"
"2019","7","20","17","31","臺中市","北區","0","1","0","8","1","5","50","4","1","1","5","4","5","7","1","1","10","5","5","2","12","42","2","9","1","1","C03","7","9","3","18","2","11","","42","42","1","21","8","C03","24.148848","120.678161","2"
"2019","7","20","17","38","臺中市","梧棲區","0","1","0","8","2","5","50","14","9","1","5","4","5","7","4","4","1","4","5","1","12","17","3","10","1","1","B03","7","4","1","8","2","6","","17","17","1","18","8","B03","24.256054","120.561363","2"
"2019","7","20","17","43","臺中市","北屯區","0","0","0","8","","","40","","","","","","","","","","","","","","","40","","","","","B03","","","1","","2","","","40","40","1","5","","B03","24.168293","120.693558","3"
"2019","7","20","17","44","臺中市","南屯區","0","0","0","8","","","50","","","","","","","","","","","","","","","","","","","","B03","","","1","","2","","","7","","1","4","","B03","24.137075","120.650806","3"
"2019","7","20","17","50","臺中市","沙鹿區","0","1","0","8","1","5","50","3","1","1","5","4","5","7","3","1","10","5","5","2","16","6","3","10","1","1","B03","7","5","1","8","2","1","","6","6","1","3","5","B03","24.259127","120.602407","2"
"2019","7","20","17","53","臺中市","西屯區","0","1","0","8","1","5","50","14","7","1","5","4","5","7","4","4","3","4","4","2","17","43","3","10","1","1","B12","7","9","1","8","2","5","","43","43","1","21","8","B12","24.186196","120.622064","2"
"2019","7","20","17","55","臺中市","豐原區","0","1","0","8","1","5","50","4","2","1","5","4","5","7","2","1","5","4","5","1","13","23","3","10","3","4","B03","7","9","1","8","2","1","","23","23","1","22","8","B03","24.236926","120.710523","2"
"2019","7","20","18","1","臺中市","沙鹿區","0","1","0","8","1","5","50","4","1","1","5","4","5","7","3","1","10","5","5","2","16","9","3","10","1","1","B03","7","6","1","8","2","5","","9","9","1","21","8","B03","24.229447","120.559776","2"
"2019","7","20","18","2","臺中市","大雅區","0","1","0","8","1","5","50","3","1","1","5","4","5","7","1","1","10","4","5","1","15","25","3","10","1","1","C03","7","9","3","18","2","12","","25","25","1","22","9","C03","24.230508","120.657112","2"
"2019","7","20","18","5","臺中市","西屯區","0","1","0","8","1","5","50","14","9","1","5","4","5","7","4","4","5","2","5","2","13","23","3","10","3","4","B03","7","9","1","8","2","1","","23","23","1","22","8","B03","24.17884","120.624543","2"
"2019","7","20","18","15","臺中市","北區","0","0","0","8","","","50","","","","","","","","","","","","","","","16","3","","","","B03","","","1","8","2","1","","16","16","","21","","B03","24.167043","120.677941","3"
"2019","7","20","18","22","臺中市","清水區","0","1","0","8","1","8","70","3","1","1","5","4","5","7","1","1","10","5","5","2","12","9","3","10","1","1","B03","7","6","1","8","2","2","","9","9","1","5","8","B03","24.303905","120.595812","2"
"2019","7","20","18","26","臺中市","西屯區","0","0","0","8","","","50","","","","","","","","","","","","","","","7","","","","","C03","","","1","","2","","","7","7","1","18","","C03","24.177791","120.64521","3"
"2019","7","20","18","26","臺中市","外埔區","0","2","0","8","2","5","50","14","9","1","5","4","5","7","4","4","5","5","5","1","20","23","2","9","1","1","C03","7","9","1","10","2","11","","23","23","1","5","8","C03","24.32809","120.623794","2"
"2019","7","20","18","27","臺中市","南區","0","1","0","8","3","5","50","4","1","1","5","4","5","7","4","4","10","5","5","2","15","6","3","10","1","1","B03","7","9","1","10","2","6","","6","6","1","22","8","B03","24.130051","120.675165","2"
"2019","7","20","18","30","臺中市","大甲區","0","2","0","8","1","5","50","3","1","1","5","4","5","7","4","4","10","5","5","2","16","6","2","9","1","1","F03","7","5","8","20","2","16","","6","6","1","16","8","F03","24.351684","120.626594","2"
"2019","7","20","18","34","臺中市","南屯區","0","0","0","8","","","50","","","","","","","","","","","","","","","","","","","","B12","","","1","","2","","","12","","1","22","","B12","24.147046","120.639449","3"
"2019","7","20","18","37","臺中市","神岡區","0","0","0","8","","","50","","","","","","","","","","","","","","","","","","","","B02","","","1","","2","","","12","","1","22","","B02","24.271911","120.66023","3"
"2019","7","20","18","41","臺中市","龍井區","0","1","0","8","3","5","40","3","12","1","5","4","5","7","2","1","1","4","1","1","17","42","2","9","1","1","C03","7","9","1","10","2","12","","42","42","1","21","8","C03","24.192556","120.57976","2"
"2019","7","20","19","0","臺中市","西區","0","2","0","","","","","","","","","","","","","","","","","","","","","","","","C03","","","","","","","","","","1","","","C03","","","3"
"2019","7","20","19","1","臺中市","西屯區","0","0","0","8","","","50","","","","","","","","","","","","","","","23","","","","","B03","","","1","","2","","","23","23","1","","","B03","24.171597","120.635649","3"
"2019","7","20","19","4","臺中市","后里區","0","1","0","8","3","5","50","4","1","1","5","4","5","7","2","1","10","5","5","2","16","8","2","9","1","1","C03","7","5","3","18","2","12","","8","8","1","20","8","C03","24.31313","120.723471","2"
"2019","7","20","19","5","臺中市","北區","0","2","0","8","3","5","50","14","9","1","5","4","5","7","4","4","5","5","5","2","3","51","2","9","4","1","H01","8","18","8","20","2","15","","51","51","1","21","8","H01","24.147927","120.686462","2"
"2019","7","20","19","8","臺中市","西屯區","0","0","0","8","","","50","","","","","","","","","","","","","","","","","","","","B12","","","1","","2","","","23","","1","","","B12","24.178435","120.643591","3"
"2019","7","20","19","8","臺中市","龍井區","0","0","0","","","","","","","","","","","","","","","","","","","","","","","","B03","","","1","","2","","","42","","1","","","B03","24.183801","120.580033","3"
"2019","7","20","19","10","臺中市","北區","0","1","0","7","3","5","50","14","8","1","5","4","5","7","4","4","5","4","5","2","16","17","3","10","1","4","B03","7","6","6","18","2","2","","17","17","2","21","8","B03","24.15767","120.690815","2"
"2019","7","20","19","14","臺中市","后里區","0","2","0","8","3","5","50","14","8","1","5","4","5","7","4","4","4","5","4","1","2","23","2","9","1","1","C03","7","9","1","10","2","11","","23","23","1","19","8","C03","24.310026","120.699641","2"
"2019","7","20","19","19","臺中市","北屯區","0","2","0","8","3","5","50","14","7","1","5","4","5","7","4","4","1","4","4","2","13","16","2","9","1","1","C03","7","9","1","10","2","11","","16","16","1","5","8","C03","24.190133","120.661713","2"