"年","月","日","時","分","縣市","區","死","受傷","2-30","天候","光線","道路類別","速限","道路型態","事故位置","路面鋪裝","路面狀態","路面缺陷","障礙物","視距","號誌種類","號誌動作","分向設施","快車道或一般車道間","快慢車道間","路面邊線","事故類型及型態","主要肇因","受傷程度","主要傷處","保護裝備","行動電話","當事者區分_類別","車輛用途","當事者行動狀態","駕駛資格情形","駕駛執照種類","飲酒情形","車輛撞擊部位最初","車輛撞擊部位其他","肇事因素個別","肇事因素主要","肇事逃逸","職業","旅次目的","車種","GPS座標_緯度","GPS座標_經度","事故類別"
"2019","7","20","19","38","臺中市","太平區","0","1","0","8","3","5","50","4","1","1","5","4","5","7","1","1","10","5","5","2","16","8","2","8","1","1","C03","7","5","1","10","2","12","","8","8","1","21","8","C03","24.12881","120.717904","2"
"2019","7","20","19","46","臺中市","北區","0","0","0","8","","","50","","","","","","","","","","","","","","","","","","","","B12","","","1","","2","","","12","","1","","","B12","24.171944","120.672222","3"
"2019","7","20","19","48","臺中市","神岡區","0","0","0","8","","","40","","","","","","","","","","","","","","","17","","","","","B03","","","1","","2","","","17","17","1","","","B03","24.239233","120.687858","3"
"2019","7","20","19","49","臺中市","南屯區","0","0","0","8","","","1","","","","","","","","","","","","","","","","","","","","C03","","","1","","2","","","17","","1","3","","C03","24.145445","120.63274","3"
"2019","7","20","19","56","臺中市","沙鹿區","0","1","0","8","4","5","40","14","8","1","5","4","5","7","4","4","1","4","4","1","17","23","2","1","3","4","B03","7","9","1","8","8","5","","23","23","2","22","8","B03","24.211501","120.580976","2"
"2019","7","20","19","57","臺中市","潭子區","0","0","0","8","3","5","50","14","9","1","5","4","5","7","4","4","8","3","5","1","13","","","","","","B03","","","1","","2","","","16","","1","","","B03","24.20733","120.710976","3"
"2019","7","20","20","7","臺中市","北屯區","0","2","0","8","3","5","50","14","7","1","5","4","5","7","4","4","5","4","4","2","16","19","2","8","1","1","C03","7","1","1","10","2","14","","19","19","1","22","7","C03","24.167644","120.693181","2"
"2019","7","20","20","14","臺中市","南屯區","0","0","0","","","","","","","","","","","","","","","","","","","12","3","","","","B12","","","1","","2","","","12","12","1","22","","B12","24.141311","120.650423","3"
"2019","7","20","20","21","臺中市","東區","0","0","0","8","","","50","","","","","","","","","","","","","","","23","3","","","","B03","","","1","","2","","","23","23","","5","","B03","24.136291","120.706963","3"
"2019","7","20","20","29","臺中市","沙鹿區","0","3","0","8","3","5","50","14","9","1","5","4","5","7","4","4","9","5","4","2","16","10","2","9","1","1","C03","7","9","3","18","2","14","","23","10","1","21","8","C03","24.222521","120.57789","2"
"2019","7","20","20","35","臺中市","大雅區","0","0","0","8","","","50","","","","","","","","","","","","","","","","","","","","B03","","","1","","2","","","16","","1","21","","B03","24.221876","120.649903","3"
"2019","7","20","20","37","臺中市","東區","0","0","0","8","","","50","","","","","","","","","","","","","","","","","","","","B03","","","1","","2","","","12","","1","5","","B03","24.11967","120.666963","3"
"2019","7","20","20","44","臺中市","龍井區","0","4","0","8","3","5","50","4","1","5","5","4","5","7","4","4","10","5","5","2","15","6","3","10","1","1","B03","7","9","1","7","2","2","","6","6","1","9","5","B03","24.201308","120.505145","2"
"2019","7","20","21","0","臺中市","大雅區","0","0","0","8","","","40","","","","","","","","","","","","","","","","","","","","B03","","","1","","2","","","12","","1","","","B03","24.227305","120.650348","3"
"2019","7","20","21","32","臺中市","南區","0","1","0","8","3","5","50","14","7","1","5","4","5","7","4","4","5","5","4","2","17","6","3","10","1","1","B03","7","5","1","8","2","4","","6","6","1","22","8","B03","24.113623","120.664206","2"
"2019","7","20","21","53","臺中市","南屯區","0","2","0","8","3","5","50","4","1","1","5","4","5","7","2","1","10","5","5","2","13","16","2","9","1","1","C03","7","9","1","10","2","11","","16","16","1","22","9","C03","24.153602","120.646803","2"
"2019","7","20","21","54","臺中市","北區","0","0","0","8","","","50","","","","","","","","","","","","","","","","","","","","B12","","","1","","2","","","12","","1","","","B12","24.150564","120.687966","3"
"2019","7","20","21","54","臺中市","龍井區","0","1","0","8","3","5","50","4","1","1","5","4","5","7","1","1","10","5","5","2","16","26","3","10","1","1","B03","7","5","1","8","2","8","","23","26","1","20","5","B03","24.21304","120.525515","2"
"2019","7","20","21","59","臺中市","石岡區","0","0","0","8","","","70","","","","","","","","","","","","","","","","","","","","B12","","","1","","2","","","23","","1","2","","B12","24.274916","120.772661","3"
"2019","7","20","22","10","臺中市","北屯區","0","1","0","8","3","5","50","4","1","1","5","4","5","7","3","1","10","5","5","2","15","6","3","10","1","1","B12","7","9","1","8","2","1","","6","6","1","22","8","B12","24.191829","120.664917","2"
"2019","7","20","22","17","臺中市","南區","0","1","0","8","1","5","50","4","1","1","5","4","5","7","1","1","10","5","5","2","17","43","2","9","1","1","C03","7","5","1","10","2","15","","43","43","1","21","8","C03","24.118691","120.679571","2"
"2019","7","20","22","20","臺中市","清水區","0","0","0","8","","","50","","","","","","","","","","","","","","","","","","","","B03","","","3","","2","","","23","","1","21","","B03","24.3104468","120.5621567","3"
"2019","7","20","22","30","臺中市","西屯區","0","1","0","8","3","5","50","4","2","1","5","4","5","7","1","1","5","5","5","2","16","7","2","9","1","1","C03","7","7","1","10","2","11","","7","7","1","21","8","C03","24.180955","120.638148","2"
"2019","7","20","22","35","臺中市","龍井區","0","1","0","8","3","5","50","3","2","1","5","4","5","7","4","4","5","5","5","1","16","6","3","10","3","4","B03","7","6","1","8","2","8","","6","6","1","22","9","B03","24.190927","120.593246","2"
"2019","7","20","22","42","臺中市","西屯區","0","2","0","8","3","5","50","4","9","1","5","4","5","7","1","1","5","4","5","2","11","10","3","10","3","4","B03","7","11","1","8","2","5","","10","10","1","22","8","B03","24.187295","120.620053","2"
"2019","7","20","22","44","臺中市","北區","0","0","0","8","","","40","","","","","","","","","","","","","","","","","","","","B03","","","1","","2","","","19","","1","22","","B03","24.165301","120.67492","3"
"2019","7","20","23","9","臺中市","中區","0","0","0","8","3","5","50","4","1","1","5","4","5","7","4","4","5","4","4","2","16","23","","","","","B03","","","1","","2","","","38","23","1","3","","B03","24.143903","120.675404","3"
"2019","7","20","23","38","臺中市","南屯區","0","1","0","8","3","5","50","3","2","1","5","4","5","7","4","4","8","4","4","2","17","6","2","9","1","1","C03","7","9","1","10","2","12","","14","6","1","22","8","C03","24.13182","120.610205","2"
"2019","7","21","0","32","臺中市","西屯區","0","0","0","8","3","5","50","3","1","1","5","4","5","7","4","4","10","5","5","2","14","12","3","10","3","4","B03","7","2","1","8","9","3","","12","12","2","22","9","B03","24.173881","120.643417","3"
"2019","7","21","0","39","臺中市","西屯區","0","1","0","8","4","5","40","14","9","1","5","4","5","7","2","1","5","5","5","2","18","43","2","9","4","5","F01","7","9","8","20","8","16","","43","43","1","22","8","F01","24.172929","120.663801","2"
"2019","7","21","1","11","臺中市","西屯區","0","1","0","8","3","5","50","3","2","1","5","4","5","7","2","1","1","4","1","2","16","9","3","10","1","1","B03","7","6","1","8","2","6","","9","9","1","22","8","B03","24.180757","120.61967","2"
"2019","7","21","2","13","臺中市","北屯區","0","0","0","8","","","50","","","","","","","","","","","","","","","","","","","","B03","","","1","","2","","","6","","1","","","B03","24.18831","120.686273","3"
"2019","7","21","3","0","臺中市","西屯區","0","0","0","8","","","50","","","","","","","","","","","","","","","","","","","","","","","7","","11","","","67","","1","","","","24.163905","120.651369","3"
"2019","7","21","3","23","臺中市","中區","0","0","0","8","","","50","","","","","","","","","","","","","","","","","","","","B03","","","7","","11","","","12","","","22","","B03","","","3"
"2019","7","21","3","31","臺中市","南屯區","0","1","0","8","3","5","50","14","9","1","5","4","5","7","4","4","5","5","5","2","10","4","2","9","1","1","C03","7","9","1","10","2","11","","4","4","1","22","8","C03","24.140092","120.637855","2"
"2019","7","21","3","40","臺中市","西區","0","0","0","8","","","50","","","","","","","","","","","","","","","","","","","","B03","","","3","","2","","","6","","1","21","","B03","24.148878","120.673145","3"
"2019","7","21","3","56","臺中市","北區","0","2","0","8","3","5","50","4","2","1","5","4","5","7","2","1","10","5","5","2","13","23","2","7","1","1","B03","7","9","1","8","2","1","","23","23","1","22","8","B03","24.1556","120.677","2"
"2019","7","21","5","20","臺中市","清水區","0","1","0","8","1","5","50","4","1","1","5","4","5","7","3","1","9","4","5","2","15","6","3","10","1","1","B03","7","9","1","8","2","4","","6","6","1","5","8","B03","24.271363","120.576376","2"
"2019","7","21","6","4","臺中市","西屯區","0","3","0","8","1","5","50","4","2","1","5","4","5","7","1","1","5","4","4","2","16","26","2","9","1","1","B03","7","5","1","8","2","1","","26","26","1","22","8","B03","24.183951","120.628381","2"
"2019","7","21","7","9","臺中市","東區","0","1","0","8","1","5","50","14","7","1","5","4","5","7","4","4","3","4","4","2","12","6","3","10","3","4","C03","7","15","1","10","2","13","","6","6","1","5","8","C03","24.139491","120.689338","2"
"2019","7","21","7","20","臺中市","清水區","0","1","0","8","1","5","40","3","1","1","5","4","3","7","3","1","10","5","5","2","3","53","3","10","1","1","B03","7","9","1","7","2","5","","14","53","1","21","8","B03","24.269547","120.607874","2"
"2019","7","21","7","24","臺中市","東區","0","0","0","8","1","5","50","8","22","1","5","4","5","7","4","4","5","4","5","2","10","26","","9","1","1","C03","7","6","1","10","11","11","","26","26","1","5","9","C03","24.123556","120.6876","3"
"2019","7","21","7","27","臺中市","沙鹿區","0","0","0","8","","","40","","","","","","","","","","","","","","","","","","","","C03","","","1","","2","","","12","","1","3","","C03","24.203115","120.5669","3"
"2019","7","21","8","21","臺中市","東區","0","0","0","8","1","5","50","14","9","1","5","4","5","7","4","4","9","5","5","2","16","19","3","10","1","1","B03","7","1","1","8","2","8","","19","19","1","5","8","B03","24.137065","120.703668","3"
"2019","7","21","8","38","臺中市","西區","0","1","0","8","1","5","50","3","1","1","5","4","5","7","4","4","10","5","5","2","16","6","2","9","1","1","C03","7","5","1","10","2","14","","6","6","1","5","5","C03","24.144348","120.667893","2"
"2019","7","21","8","40","臺中市","北區","0","2","0","8","1","5","50","14","8","1","5","4","5","7","4","4","3","4","4","2","12","19","2","9","1","1","C03","7","1","1","10","2","14","","19","19","1","22","8","C03","24.162164","120.664395","2"
"2019","7","21","8","54","臺中市","大雅區","0","1","0","8","1","5","50","14","9","1","5","4","5","7","4","4","9","4","5","2","16","6","3","10","1","1","B03","7","6","1","8","2","2","","6","6","1","22","9","B03","24.216583","120.670446","2"
"2019","7","21","9","8","臺中市","西區","0","1","0","","","","","","","","","","","","","","","","","","","","","","","","C03","","","","","","","","","","1","","","C03","","","3"
"2019","7","21","9","25","臺中市","后里區","0","1","0","8","1","5","40","3","2","1","5","4","5","1","4","4","10","5","5","1","17","13","2","9","1","1","C03","7","12","1","1","2","11","","13","13","1","21","7","C03","24.312331","120.745415","2"
"2019","7","21","9","30","臺中市","北屯區","0","0","0","8","","","50","","","","","","","","","","","","","","","43","","","","","B12","","","8","","10","","","43","43","","","","B12","24.166705","120.726825","3"
"2019","7","21","9","41","臺中市","北屯區","0","0","0","8","","","50","","","","","","","","","","","","","","","","","","","","B03","","","1","","2","","","23","","1","22","","B03","24.170825","120.694265","3"
"2019","7","21","9","47","臺中市","南區","0","3","0","8","1","5","50","4","1","1","5","4","5","7","2","1","10","5","5","2","12","42","2","9","3","4","C03","7","15","1","10","2","12","","42","42","1","5","8","C03","24.126438","120.669835","2"
"2019","7","21","9","53","臺中市","梧棲區","0","0","0","8","","","50","","","","","","","","","","","","","","","","","","","","B03","","","1","","2","","","12","","","","","B03","24.258661","120.532218","3"
"2019","7","21","10","0","臺中市","南屯區","0","0","0","8","","","40","","","","","","","","","","","","","","","","","","","","B12","","","1","","9","","","12","","1","22","","B12","24.156411","120.616951","3"
"2019","7","21","10","16","臺中市","北屯區","0","0","0","","","","","","","","","","","","","","","","","","","","","","","","C03","","","3","","2","","","25","","","","","C03","24.170488","120.697493","3"
"2019","7","21","10","18","臺中市","北區","0","1","0","8","1","5","50","4","1","1","5","4","5","7","2","1","10","5","5","2","13","16","2","9","1","1","C03","7","9","1","10","2","11","","16","16","1","22","8","C03","24.148913","120.674981","2"
"2019","7","21","10","25","臺中市","北屯區","0","1","0","8","1","5","50","3","1","1","5","4","5","7","3","1","10","5","5","2","16","6","3","10","1","1","B03","7","6","1","8","2","5","","6","6","1","20","8","B03","24.17357","120.707651","2"
"2019","7","21","10","30","臺中市","神岡區","0","0","0","8","","","60","","","","","","","","","","","","","","","23","","","","","B03","","","1","","9","","","23","23","1","22","","B03","24.26161","120.710186","3"
"2019","7","21","10","47","臺中市","南屯區","0","1","0","8","1","5","50","3","1","1","5","4","5","7","4","4","10","5","5","2","16","6","3","10","3","4","B03","7","5","1","8","2","1","","6","6","1","22","9","B03","24.151603","120.648706","2"
"2019","7","21","10","55","臺中市","沙鹿區","0","0","0","8","","","40","","","","","","","","","","","","","","","","","","","","B03","","","1","","2","","","23","","","4","","B03","24.262801","120.57341","3"
"2019","7","21","11","1","臺中市","潭子區","0","0","0","8","1","5","40","14","9","1","5","4","5","7","4","4","10","5","5","2","12","","","","","","B03","","","1","","2","","","23","","1","","","B03","24.211248","120.70625","3"
"2019","7","21","11","5","臺中市","東區","0","1","0","8","1","5","50","14","9","1","5","4","5","7","4","4","9","5","5","2","18","67","3","10","1","1","C03","7","9","1","10","2","12","","42","67","1","5","8","C03","24.136768","120.699921","2"
"2019","7","21","11","16","臺中市","清水區","0","0","0","8","","","50","","","","","","","","","","","","","","","","","","","","B03","","","1","","2","","","8","","1","21","","B03","24.260663","120.571779","3"
"2019","7","21","11","25","臺中市","清水區","0","0","0","8","1","5","50","","","","","","","","","","","","","","","23","","","","","B03","","","1","","2","","","23","23","1","21","","B03","24.267648","120.561483","3"
"2019","7","21","11","30","臺中市","和平區","0","0","0","8","1","2","30","11","9","1","5","4","5","7","4","4","10","5","5","1","12","17","3","10","1","1","A05","7","9","1","2","2","2","","17","17","1","10","6","A05","24.254361","121.252944","3"
"2019","7","21","11","34","臺中市","北屯區","0","2","0","8","1","5","50","4","1","1","5","4","5","7","1","1","10","5","5","2","12","44","2","9","3","4","C03","7","5","1","10","2","11","","44","44","1","21","8","C03","24.178593","120.670668","2"
"2019","7","21","11","38","臺中市","沙鹿區","0","1","0","8","1","5","50","4","1","1","5","4","5","7","4","4","1","4","4","2","16","42","3","10","1","1","B03","7","5","1","8","2","2","","42","42","1","4","8","B03","24.243042","120.561481","2"
"2019","7","21","11","48","臺中市","西屯區","0","0","0","8","","","40","","","","","","","","","","","","","","","","","","","","A11","","","1","","2","","","7","","1","22","","A11","24.201479","120.644177","3"
"2019","7","21","11","48","臺中市","西屯區","0","0","0","8","1","5","50","15","9","1","5","4","5","7","4","4","8","3","4","1","13","","","","","","B03","","","1","","2","","","23","","1","22","","B03","24.20063","120.64374","3"
"2019","7","21","11","51","臺中市","北區","0","1","0","8","1","5","50","4","1","1","5","4","5","7","1","1","1","2","4","2","16","26","3","10","1","1","B03","7","6","1","8","2","2","","26","26","1","21","8","B03","24.162167","120.664109","2"
"2019","7","21","11","51","臺中市","北屯區","0","1","0","8","1","5","50","4","1","1","5","4","5","7","3","1","10","5","5","2","15","6","2","9","1","1","C03","7","9","1","10","2","14","","6","6","1","21","8","C03","24.177306","120.685043","2"
"2019","7","21","12","0","臺中市","和平區","0","0","0","8","1","2","30","11","9","1","5","4","5","1","4","4","4","1","5","1","12","23","3","10","1","1","A05","7","6","1","2","2","2","","23","23","1","10","4","A05","24.198041","120.999785","3"
"2019","7","21","12","8","臺中市","后里區","0","1","0","8","1","5","50","4","1","1","5","4","5","7","2","1","10","5","5","2","16","6","3","10","1","1","B03","7","6","1","8","2","6","","6","6","1","21","8","B03","24.304436","120.722156","2"
"2019","7","21","12","15","臺中市","北屯區","0","1","0","8","1","5","50","14","7","1","5","4","5","7","4","4","1","4","5","2","13","23","2","1","3","4","C03","7","7","1","10","2","11","","23","23","1","21","8","C03","24.178716","120.67071","2"
"2019","7","21","12","16","臺中市","太平區","0","1","0","8","1","5","50","4","1","1","5","4","5","7","4","4","10","5","5","2","16","9","3","10","1","1","B03","7","6","1","8","2","2","","9","9","1","21","8","B03","24.154719","120.710113","2"
"2019","7","21","12","18","臺中市","北屯區","0","2","0","8","1","5","50","4","1","1","5","4","5","7","1","1","10","5","5","2","16","6","2","9","1","1","C03","7","5","1","10","2","12","","6","6","1","21","8","C03","24.17189","120.694245","2"
"2019","7","21","12","20","臺中市","烏日區","0","2","0","8","1","5","30","14","9","2","5","4","5","7","1","1","1","1","5","2","13","23","2","9","1","1","C03","7","9","1","10","2","11","","23","23","1","21","8","C03","24.110059","120.61599","2"
"2019","7","21","12","22","臺中市","西區","0","1","0","8","1","5","50","4","1","1","5","4","5","7","4","4","10","5","5","2","16","6","2","9","1","1","C03","7","9","1","10","2","12","","6","6","1","5","5","C03","24.155927","120.658084","2"
"2019","7","21","12","26","臺中市","東勢區","0","0","0","8","","","50","","","","","","","","","","","","","","","","","","","","B03","","","1","","2","","","26","","1","21","","B03","24.251488","120.831465","3"
"2019","7","21","12","27","臺中市","北區","0","1","0","8","1","5","50","5","1","1","5","4","5","7","2","1","10","5","5","2","16","6","3","10","1","1","B03","7","5","3","18","2","5","","6","6","1","22","8","B03","24.153989","120.684389","2"
"2019","7","21","12","33","臺中市","西屯區","0","0","0","8","1","5","40","3","2","1","5","4","5","7","4","4","10","5","5","1","12","","","","","","B03","","","1","","2","","","17","","1","22","","B03","24.160728","120.652175","3"
"2019","7","21","12","38","臺中市","梧棲區","0","0","0","8","","","50","","","","","","","","","","","","","","","","","","","","B12","","","1","","2","","","23","","1","9","","B12","24.257736","120.539314","3"
"2019","7","21","12","55","臺中市","太平區","0","1","0","8","1","5","40","14","9","1","5","4","5","7","4","4","5","5","5","2","13","16","2","9","1","1","C03","7","9","1","10","2","11","","16","16","1","21","8","C03","24.146714","120.724504","2"
"2019","7","21","12","57","臺中市","北屯區","0","3","0","8","1","5","50","14","7","1","5","4","5","7","4","4","5","4","4","2","16","26","2","9","1","1","C03","7","5","1","5","2","12","","26","26","1","21","8","C03","24.180695","120.696303","2"
"2019","7","21","12","58","臺中市","東區","0","0","0","8","","","50","","","","","","","","","","","","","","","","","","","","A04","","","1","","2","","","23","","1","5","","A04","24.149536","120.709293","3"
"2019","7","21","13","0","臺中市","西區","0","0","0","8","1","5","50","4","2","1","5","4","5","7","1","1","10","5","5","2","16","","","","","","B03","","","1","","2","","","9","","1","4","","B03","24.15092","120.66166","3"
"2019","7","21","13","0","臺中市","清水區","0","0","0","8","","","40","","","","","","","","","","","","","","","","","","","","B03","","","1","","2","","","12","","1","20","","B03","24.289067","120.540335","3"
"2019","7","21","13","0","臺中市","石岡區","0","0","0","8","","","70","","","","","","","","","","","","","","","","","","","","B03","","","1","","2","","","2","","1","22","","B03","24.277115","120.762905","3"
"2019","7","21","13","2","臺中市","西區","0","1","0","8","1","5","50","4","1","1","5","4","5","7","4","4","10","5","5","2","15","6","2","9","1","1","C02","7","9","1","9","2","12","","6","6","1","21","8","C02","24.152323","120.653866","2"
"2019","7","21","13","8","臺中市","南區","0","2","0","8","1","5","50","14","7","1","5","4","5","7","4","4","10","5","4","2","18","23","2","9","1","1","C03","7","8","1","10","2","12","","23","23","1","4","5","C03","24.118974","120.66663","2"
"2019","7","21","13","10","臺中市","烏日區","0","0","0","","","","","","","","","","","","","","","","","","","","","","","","B03","","","1","","2","","","26","","1","22","","B03","24.105659","120.61793","3"
"2019","7","21","13","15","臺中市","南區","0","0","0","8","","","50","","","","","","","","","","","","","","","","3","","","","B03","","","1","","2","","","12","","1","21","","B03","24.115838","120.665896","3"
"2019","7","21","13","15","臺中市","北屯區","0","0","0","8","","","50","","","","","","","","","","","","","","","","","","","","B03","","","1","","2","","","23","","1","22","","B03","24.175823","120.67037","3"
"2019","7","21","13","37","臺中市","西區","0","0","0","8","","","50","","","","","","","","","","","","","","","","","","","","B03","","","1","","2","","","2","","1","2","","B03","24.154327","120.6592","3"
"2019","7","21","13","37","臺中市","西屯區","0","2","0","8","1","5","50","4","1","1","5","4","5","7","1","1","10","5","5","2","13","23","2","9","1","1","C03","7","9","1","10","2","11","","23","23","1","21","8","C03","24.172165","120.637016","2"
"2019","7","21","13","40","臺中市","沙鹿區","0","0","0","8","","","40","","","","","","","","","","","","","","","","","","","","B03","","","1","","2","","","18","","1","19","","B03","24.206181","120.564347","3"
"2019","7","21","13","47","臺中市","西區","0","2","0","8","1","5","50","4","1","1","5","4","5","7","4","4","10","5","5","2","15","6","3","10","1","1","B03","7","9","1","8","2","2","","6","6","1","21","8","B03","24.148856","120.673221","2"
"2019","7","21","14","1","臺中市","霧峰區","1","0","0","8","1","5","40","4","1","1","5","4","5","7","1","1","1","5","5","2","17","9","3","10","1","1","A12","6","6","1","3","2","5","","9","9","1","22","3","A12","24.028913","120.684993","1"
"2019","7","21","14","20","臺中市","北屯區","0","1","0","8","1","5","50","4","1","1","5","4","5","7","1","1","10","5","5","2","16","25","3","10","1","1","B03","7","9","1","8","2","8","","25","25","1","22","8","B03","24.172003","120.683048","2"
"2019","7","21","14","25","臺中市","西區","0","0","0","8","","","60","","","","","","","","","","","","","","","","","","","","B03","","","1","","2","","","26","","1","5","","B03","24.147701","120.673416","3"
"2019","7","21","14","26","臺中市","南屯區","0","0","0","8","","","50","","","","","","","","","","","","","","","42","","","","","B03","","","1","","2","","","42","42","1","19","","B03","24.140087","120.647016","3"
"2019","7","21","14","31","臺中市","東區","0","2","0","8","1","5","50","4","1","1","5","4","5","7","4","4","10","5","5","2","16","23","2","9","3","4","C03","7","9","1","10","2","11","","23","23","1","5","8","C03","24.145708","120.68805","2"
"2019","7","21","14","47","臺中市","潭子區","0","0","0","8","1","5","60","14","9","1","5","4","5","7","4","4","9","4","4","1","13","16","3","10","1","1","B11","7","9","1","8","2","1","","16","16","1","10","3","B11","24.188918","120.702511","3"
"2019","7","21","14","50","臺中市","南屯區","0","1","0","8","1","5","60","4","1","1","5","4","5","7","1","1","10","5","5","2","13","23","3","10","1","1","B03","7","9","3","18","2","1","","23","23","1","21","8","B03","24.123596","120.633585","2"
"2019","7","21","14","54","臺中市","西區","0","1","0","8","1","5","50","5","1","1","5","4","5","7","4","4","10","5","5","2","17","6","3","10","1","1","B03","7","9","1","8","2","1","","23","6","1","5","7","B03","24.154421","120.655384","2"
"2019","7","21","15","6","臺中市","南屯區","0","0","0","8","","","50","","","","","","","","","","","","","","","","","","","","B03","","","1","","2","","","23","","1","22","","B03","24.151491","120.638253","3"
"2019","7","21","15","14","臺中市","西屯區","0","0","0","8","","","50","","","","","","","","","","","","","","","","","","","","B03","","","1","","2","","","44","","1","22","","B03","24.155747","120.641029","3"
"2019","7","21","15","15","臺中市","西屯區","0","0","0","8","","","50","","","","","","","","","","","","","","","23","","","","","B03","","","1","","2","","","23","23","1","","","B03","24.161852","120.660361","3"
"2019","7","21","15","17","臺中市","南區","0","2","0","8","1","5","50","4","1","1","5","4","5","7","1","1","10","5","5","2","16","26","3","10","1","1","B03","7","6","1","8","2","5","","26","26","1","21","8","B03","24.131747","120.67653","2"
"2019","7","21","15","20","臺中市","太平區","0","1","0","8","1","5","40","14","9","1","5","4","5","7","4","4","5","5","5","1","18","1","2","9","1","1","C03","7","4","1","10","2","14","","1","1","1","22","8","C03","24.101944","120.788611","2"
"2019","7","21","15","25","臺中市","大里區","0","0","0","8","","","50","","","","","","","","","","","","","","","","","","","","C03","","","1","","2","","","16","","1","5","","C03","24.111193","120.696236","3"
"2019","7","21","15","30","臺中市","太平區","0","0","0","8","","","50","","","","","","","","","","","","","","","","","","","","B03","","","1","","2","","","19","","1","21","","B03","24.149844","120.712764","3"
"2019","7","21","15","34","臺中市","西區","0","1","0","8","1","5","50","14","7","1","5","4","5","7","4","4","5","2","4","2","13","23","3","10","1","1","B03","7","9","1","8","2","1","","23","23","1","21","8","B03","24.146137","120.670509","2"
"2019","7","21","15","36","臺中市","西區","0","0","0","8","","","50","","","","","","","","","","","","","","","","","","","","B03","","","1","","11","","","40","","1","4","","B03","24.148934","120.663777","3"
"2019","7","21","15","39","臺中市","清水區","0","1","0","8","1","5","50","4","1","1","5","4","5","7","4","4","10","5","5","2","15","6","3","10","1","1","B03","7","9","1","8","2","8","","6","6","1","21","8","B03","24.269686","120.577245","2"
"2019","7","21","15","40","臺中市","南區","0","0","0","8","","","50","","","","","","","","","","","","","","","","3","","","","B03","","","1","","2","","","23","","1","21","","B03","24.117728","120.658634","3"
"2019","7","21","15","45","臺中市","北屯區","0","1","0","8","1","5","50","4","1","1","5","4","5","7","3","1","10","5","5","2","15","6","3","10","1","1","B03","7","9","1","6","2","6","","6","6","1","22","8","B03","24.190547","120.693412","2"
"2019","7","21","15","45","臺中市","西屯區","0","0","0","8","","","60","","","","","","","","","","","","","","","","","","","","B02","","","1","","2","","","23","","1","","","B02","24.160411","120.653776","3"
"2019","7","21","15","48","臺中市","西區","0","0","0","8","","","40","","","","","","","","","","","","","","","","","","","","B03","","","1","","2","","","12","","1","21","","B03","24.151995","120.65748","3"
"2019","7","21","15","50","臺中市","南屯區","0","1","0","8","1","5","40","4","1","1","5","4","5","7","1","1","10","5","5","2","16","6","3","10","1","1","B03","7","6","1","8","2","5","","6","6","1","21","8","B03","24.148783","120.637923","2"
"2019","7","21","15","51","臺中市","太平區","0","1","0","8","1","5","40","3","1","1","5","4","5","7","4","4","5","5","5","2","15","6","2","9","1","1","C03","7","9","1","10","2","11","","6","6","1","21","8","C03","24.137015","120.723164","2"
"2019","7","21","15","52","臺中市","潭子區","0","0","0","8","","","50","","","","","","","","","","","","","","","","","","","","B03","","","1","","2","","","16","","1","21","","B03","24.201148","120.703891","3"
"2019","7","21","15","56","臺中市","北屯區","0","0","0","8","","","50","","","","","","","","","","","","","","","","","","","","B12","","","1","","2","","","23","","1","","","B12","24.186726","120.663616","3"
"2019","7","21","16","1","臺中市","南屯區","0","1","0","8","1","5","50","14","8","1","5","4","5","7","4","4","10","5","5","2","17","18","2","9","3","4","C03","7","9","1","8","2","14","","23","18","1","22","8","C03","24.128611","120.608419","2"
"2019","7","21","16","3","臺中市","大雅區","0","0","0","8","","","40","","","","","","","","","","","","","","","","","","","","B03","","","1","","2","","","5","","1","","","B03","24.209151","120.657891","3"
"2019","7","21","16","5","臺中市","梧棲區","0","0","0","8","","","70","","","","","","","","","","","","","","","","","","","","B03","","","1","","2","","","25","","1","9","","B03","24.219268","120.542551","3"
"2019","7","21","16","7","臺中市","西屯區","0","0","0","8","","","50","","","","","","","","","","","","","","","","","","","","C03","","","1","","2","","","16","","1","22","","C03","24.166175","120.643617","3"
"2019","7","21","16","10","臺中市","大雅區","0","1","0","8","1","5","50","3","1","1","5","4","5","7","4","4","10","4","5","1","16","6","3","10","1","1","B03","7","5","1","8","2","1","","6","6","1","22","9","B03","24.228863","120.658025","2"
"2019","7","21","16","16","臺中市","南區","0","0","0","","","","","","","","","","","","","","","","","","","","","","","","B03","","","1","","2","","","19","","1","21","","B03","24.114597","120.654494","3"
"2019","7","21","16","25","臺中市","南屯區","0","1","0","8","1","5","50","14","9","1","5","4","5","7","4","4","1","4","5","2","16","7","3","10","1","1","B03","7","10","1","8","2","2","","7","7","1","22","8","B03","24.151515","120.638383","2"
"2019","7","21","16","36","臺中市","龍井區","0","1","0","8","1","5","50","4","2","1","5","4","5","7","1","1","10","5","5","2","12","26","2","7","1","1","C03","7","9","1","10","2","11","","26","26","1","21","8","C03","24.179968","120.583261","2"