"年","月","日","時","分","縣市","區","死","受傷","2-30","天候","光線","道路類別","速限","道路型態","事故位置","路面鋪裝","路面狀態","路面缺陷","障礙物","視距","號誌種類","號誌動作","分向設施","快車道或一般車道間","快慢車道間","路面邊線","事故類型及型態","主要肇因","受傷程度","主要傷處","保護裝備","行動電話","當事者區分_類別","車輛用途","當事者行動狀態","駕駛資格情形","駕駛執照種類","飲酒情形","車輛撞擊部位最初","車輛撞擊部位其他","肇事因素個別","肇事因素主要","肇事逃逸","職業","旅次目的","車種","GPS座標_緯度","GPS座標_經度","事故類別"
"2019","7","21","16","37","臺中市","龍井區","0","2","0","8","1","5","70","4","1","1","5","4","5","7","1","1","1","4","4","2","12","26","2","9","1","1","C03","7","7","3","18","2","11","","26","26","1","12","8","C03","24.213251","120.551634","2"
"2019","7","21","16","41","臺中市","北區","0","1","0","8","1","5","50","4","1","1","5","4","5","7","1","1","10","5","5","2","16","6","3","10","1","1","B03","7","6","1","8","2","5","","6","6","1","21","8","B03","24.16676","120.665764","2"
"2019","7","21","16","42","臺中市","烏日區","0","1","0","8","1","5","60","4","1","1","5","4","5","7","2","1","10","5","5","2","16","25","3","10","1","1","B03","7","1","1","2","2","8","","25","25","1","21","8","B03","24.110353","120.646421","2"
"2019","7","21","16","43","臺中市","北區","0","1","0","8","1","5","50","4","1","1","5","4","5","7","1","1","5","5","5","2","15","25","3","10","1","4","B03","7","9","1","8","2","5","","25","25","1","21","8","B03","24.15529","120.694314","2"
"2019","7","21","16","43","臺中市","西屯區","0","0","0","8","","","50","","","","","","","","","","","","","","","","","","","","B03","","","1","","2","","","17","","1","22","","B03","24.198935","120.656235","3"
"2019","7","21","17","0","臺中市","南區","0","0","0","8","","","50","","","","","","","","","","","","","","","23","3","","","","B03","","","1","","2","","","42","23","1","21","","B03","24.125766","120.662135","3"
"2019","7","21","17","5","臺中市","北區","0","0","0","8","","","50","","","","","","","","","","","","","","","","","","","","B03","","","1","","2","","","7","","1","5","","B03","24.147798","120.683377","3"
"2019","7","21","17","10","臺中市","新社區","0","0","0","8","","","40","","","","","","","","","","","","","","","","","","","","B03","","","1","","2","","","18","","1","22","","B03","24.234473","120.805238","3"
"2019","7","21","17","10","臺中市","神岡區","0","0","0","8","","","50","","","","","","","","","","","","","","","","","","","","B03","","","1","","2","","","23","","","","","B03","24.248142","120.692063","3"
"2019","7","21","17","16","臺中市","西區","0","0","0","8","","","50","","","","","","","","","","","","","","","","","","","","B03","","","1","","2","","","23","","1","21","","B03","24.154045","120.660998","3"
"2019","7","21","17","18","臺中市","梧棲區","0","0","0","8","","","40","","","","","","","","","","","","","","","","","","","","A11","","","1","","2","","","23","","1","10","","A11","24.258006","120.528482","3"
"2019","7","21","17","18","臺中市","大甲區","0","0","0","8","","","50","","","","","","","","","","","","","","","","","","","","B03","","","1","","2","","","43","","1","","","B03","24.345899","120.622899","3"
"2019","7","21","17","28","臺中市","清水區","0","0","0","8","","","40","","","","","","","","","","","","","","","","","","","","B03","","","7","","11","","","12","","2","22","","B03","24.26557","120.540885","3"
"2019","7","21","17","30","臺中市","北屯區","0","0","0","8","","","80","","","","","","","","","","","","","","","","","","","","B03","","","1","","2","","","23","","1","5","","B03","24.168939","120.720927","3"
"2019","7","21","17","30","臺中市","北屯區","0","1","0","8","2","5","50","5","1","1","5","4","5","7","1","1","10","5","5","2","16","6","3","10","1","1","B03","7","6","1","8","2","2","","6","6","1","22","8","B03","24.187576","120.686853","2"
"2019","7","21","17","44","臺中市","南屯區","0","0","0","8","","","50","","","","","","","","4","","","","","","","23","3","","","","B03","","","1","","2","","","23","23","1","21","","B03","24.145105","120.622683","3"
"2019","7","21","17","45","臺中市","龍井區","0","2","0","8","2","5","50","4","1","1","5","4","5","7","4","4","10","5","5","2","15","6","2","9","1","1","C03","7","9","1","10","2","11","","6","6","1","21","8","C03","24.21109","120.522856","2"
"2019","7","21","17","46","臺中市","南屯區","0","2","0","8","2","5","1","3","1","1","5","4","5","7","4","4","10","5","5","2","13","23","3","10","1","1","B03","7","6","1","8","2","8","","23","23","1","4","8","B03","24.145306","120.63252","2"
"2019","7","21","17","46","臺中市","大里區","0","0","0","8","1","5","","13","1","1","5","4","5","7","4","4","8","5","5","2","15","","","","","","B03","","","1","","2","","","17","","","","","B03","24.098782","120.708527","3"
"2019","7","21","17","55","臺中市","烏日區","0","0","0","8","","","30","","","","","","","","","","","","","","","","","","","","B03","","","1","","2","","","16","","1","","","B03","24.116628","120.618715","3"
"2019","7","21","18","1","臺中市","北區","0","0","0","8","1","5","50","14","8","1","5","4","5","7","4","4","8","3","4","2","12","","","","","","B03","","","1","","2","","","23","","1","22","","B03","24.171","120.672113","3"
"2019","7","21","18","1","臺中市","南屯區","0","0","0","8","","","40","","","","","","","","","","","","","","","","","","","","B03","","","1","","10","","","43","","1","4","","B03","24.15117","120.643808","3"
"2019","7","21","18","2","臺中市","大雅區","0","1","0","8","1","5","50","14","9","1","5","4","5","7","4","4","9","5","5","1","13","23","3","10","1","1","B03","7","9","1","8","11","1","","23","23","2","22","9","B03","24.222299","120.645227","2"
"2019","7","21","18","6","臺中市","西屯區","0","0","0","8","","","0","","","","","","","","","","","","","","","","","","","","B03","","","1","","2","","","12","","1","22","","B03","24.176545","120.623619","3"
"2019","7","21","18","6","臺中市","東勢區","0","1","0","8","1","5","40","3","1","1","5","4","5","1","4","4","10","5","5","2","10","5","2","8","1","1","C03","7","9","1","10","2","11","","5","5","1","22","8","C03","24.241611","120.837716","2"
"2019","7","21","18","14","臺中市","沙鹿區","0","2","0","8","1","5","40","14","8","1","5","4","5","7","4","4","1","4","3","1","17","19","3","10","1","1","A05","7","1","1","2","2","15","","19","19","1","5","5","A05","24.229076","120.574456","2"
"2019","7","21","18","20","臺中市","清水區","0","0","0","8","","","40","","","","","","","","","","","","","","","","","","","","B03","","","1","","2","","","23","","1","12","","B03","24.268466","120.574616","3"
"2019","7","21","18","24","臺中市","西屯區","0","1","0","8","1","5","40","14","9","1","5","4","5","7","4","4","10","5","5","2","18","13","2","9","1","1","C03","7","9","1","10","2","14","","13","13","1","21","8","C03","24.163613","120.649417","2"
"2019","7","21","18","35","臺中市","龍井區","0","2","0","8","3","5","40","4","1","1","5","4","5","7","4","4","10","5","5","2","15","6","2","8","1","1","C03","7","9","1","10","2","11","","6","6","1","21","1","C03","24.195833","120.554722","2"
"2019","7","21","18","43","臺中市","北屯區","0","0","0","8","","","50","","","","","","","","","","","","","","","","","","","","B03","","","1","","2","","","6","","1","22","","B03","24.178353","120.738215","3"
"2019","7","21","18","49","臺中市","北區","0","1","0","8","3","5","50","14","7","1","5","4","5","7","4","4","1","4","4","2","29","67","","","","","","","","","","","","","67","67","1","","","","24.165874","120.673408","2"
"2019","7","21","19","19","臺中市","東區","0","1","0","8","3","5","50","4","1","1","5","4","5","7","1","1","10","5","5","2","15","25","2","9","1","1","C03","7","9","1","10","2","12","","25","25","1","21","8","C03","24.144609","120.700987","2"
"2019","7","21","19","26","臺中市","北區","0","0","0","8","","","50","","","","","","","","","","","","","","","23","3","","","","B03","","","1","8","2","2","","23","23","","21","","B03","24.153874","120.693742","3"
"2019","7","21","19","29","臺中市","西屯區","0","2","0","8","3","5","50","14","9","1","5","4","5","7","4","4","5","4","5","2","16","7","3","10","1","1","B03","7","7","1","8","2","4","","7","7","1","22","9","B03","24.164741","120.654496","2"
"2019","7","21","19","39","臺中市","清水區","0","0","0","8","","","60","","","","","","","","","","","","","","","","","","","","B03","","","1","","2","","","23","","1","21","","B03","24.271926","120.562578","3"
"2019","7","21","19","53","臺中市","石岡區","0","3","0","8","3","5","40","4","1","1","5","4","5","7","4","4","10","5","5","1","17","6","2","9","1","1","C03","7","9","2","18","2","11","","6","6","1","15","8","C03","24.271359","120.801173","2"
"2019","7","21","19","57","臺中市","北屯區","0","3","0","8","3","5","50","4","1","1","5","4","5","7","2","1","10","5","5","2","16","25","2","9","1","1","C03","7","9","1","10","2","11","","25","25","1","21","8","C03","24.169448","120.705992","2"
"2019","7","21","20","0","臺中市","南屯區","0","0","0","8","","","50","","","","","","","","","","","","","","","","","","","","B03","","","1","","11","","","26","","2","","","B03","24.155598","120.646936","3"
"2019","7","21","20","5","臺中市","南區","0","0","0","8","","","50","","","","","","","","","","","","","","","","","","","","B03","","","1","","2","","","23","","1","4","","B03","24.122105","120.652453","3"
"2019","7","21","20","7","臺中市","東區","0","0","0","8","","","30","","","","","","","","","","","","","","","12","3","","","","B12","","","1","","2","","","12","12","1","21","","B12","24.137738","120.686472","3"
"2019","7","21","20","24","臺中市","南區","0","0","0","","","","","","","","","","","","","","","","","","","","","","","","B03","","","6","","2","","","7","","1","21","","B03","24.112508","120.657902","3"
"2019","7","21","20","25","臺中市","外埔區","0","1","0","8","3","5","50","4","1","1","5","4","5","6","1","1","10","5","5","2","17","23","3","10","3","4","B03","7","5","1","8","4","1","","23","23","1","21","8","B03","24.338668","120.656005","2"
"2019","7","21","20","28","臺中市","西屯區","0","0","0","8","","","50","","","","","","","","","","","","","","","","","","","","B03","","","1","","2","","","23","","1","","","B03","24.171355","120.637881","3"
"2019","7","21","20","43","臺中市","西屯區","0","6","0","7","3","5","60","3","1","1","5","4","5","7","1","1","1","4","1","2","23","43","2","9","3","4","B03","7","9","1","8","2","1","","43","43","1","22","8","B03","24.183185","120.615348","2"
"2019","7","21","20","47","臺中市","清水區","0","0","0","8","","","40","","","","","","","","","","","","","","","","","","","","B03","","","1","","2","","","12","","1","18","","B03","24.274542","120.570621","3"
"2019","7","21","20","55","臺中市","神岡區","0","0","0","6","","","50","","","","","","","","","","","","","","","","","","","","B12","","","1","","2","","","23","","1","21","","B12","24.2482","120.680267","3"
"2019","7","21","20","56","臺中市","西屯區","0","0","0","8","","","50","","","","","","","","","","","","","","","","","","","","C03","","","1","","2","","","23","","1","22","","C03","24.17393","120.617613","3"
"2019","7","21","20","57","臺中市","中區","0","1","0","7","3","5","50","14","8","1","5","4","5","7","4","4","9","4","4","2","16","23","3","10","1","1","B03","7","8","1","8","2","2","","23","23","1","5","6","B03","24.14061","120.685797","2"
"2019","7","21","21","5","臺中市","北屯區","0","0","0","8","","","50","","","","","","","","","","","","","","","","","","","","B03","","","1","","2","","","23","","1","","","B03","24.190825","120.661314","3"
"2019","7","21","21","9","臺中市","西區","0","0","0","8","","","50","","","","","","","","","","","","","","","","3","","","","B03","","","1","","2","","","23","","","21","","B03","24.144885","120.670726","3"
"2019","7","21","21","14","臺中市","北區","0","1","0","8","3","5","50","5","1","1","5","4","5","7","2","1","10","5","5","2","12","6","3","10","1","1","B12","7","6","1","1","2","5","","6","6","1","6","8","B12","24.146169","120.68254","2"
"2019","7","21","21","15","臺中市","南屯區","0","0","0","8","","","40","","","","","","","","","","","","","","","","","","","","B01","","","1","","2","","","23","","1","22","","B01","24.145128","120.627265","3"
"2019","7","21","21","37","臺中市","西屯區","0","0","0","6","","","50","","","","","","","","","","","","","","","","","","","","B03","","","1","","2","","","43","","1","","","B03","24.171201","120.64371","3"
"2019","7","21","21","47","臺中市","西屯區","0","1","0","8","3","5","50","14","7","1","5","4","5","7","4","4","5","5","4","2","29","17","2","9","3","4","C03","7","9","1","10","2","11","","17","17","1","22","8","C03","24.176269","120.643741","2"
"2019","7","21","21","59","臺中市","潭子區","0","0","0","8","","","50","","","","","","","","","","","","","","","","","","","","B03","","","1","","2","","","7","","1","22","","B03","24.203049","120.703993","3"
"2019","7","21","22","5","臺中市","南區","0","0","0","8","","","50","","","","","","","","","","","","","","","","","","","","B03","","","1","","2","","","23","","1","4","","B03","24.133103","120.655169","3"
"2019","7","21","22","33","臺中市","南屯區","0","0","0","8","3","5","50","4","1","1","5","4","5","7","4","4","10","5","5","2","16","6","3","10","1","1","B03","7","5","1","8","2","4","","6","6","1","22","8","B03","24.138865","120.639783","3"
"2019","7","21","22","51","臺中市","東區","0","2","0","8","3","5","50","3","2","1","5","4","5","7","2","1","5","4","5","2","13","23","2","9","1","1","C03","7","9","1","10","2","11","","23","23","1","21","8","C03","24.135627","120.685947","2"
"2019","7","21","23","0","臺中市","大甲區","0","1","0","8","3","5","50","4","1","1","5","4","5","7","3","1","10","5","5","2","15","6","3","10","1","1","B03","7","9","1","8","2","8","","6","6","1","10","8","B03","24.347654","120.624977","2"
"2019","7","21","23","5","臺中市","和平區","0","0","0","8","3","5","50","4","2","1","5","4","5","7","3","1","4","1","5","1","12","8","3","10","1","1","B03","7","5","1","8","2","8","","8","8","1","21","8","B03","24.174569","120.881389","3"
"2019","7","21","23","10","臺中市","西屯區","0","0","0","8","","","40","","","","","","","","","","","","","","","","","","","","B03","","","1","","2","","","19","","1","22","","B03","24.186713","120.602023","3"
"2019","7","22","0","29","臺中市","大雅區","0","1","0","8","3","5","50","4","1","1","5","4","5","7","1","1","1","4","5","1","19","21","2","9","1","1","C03","7","9","1","10","6","15","","21","21","1","22","9","C03","24.225487","120.64525","2"
"2019","7","22","0","30","臺中市","南屯區","0","1","0","8","3","5","50","4","1","1","5","4","5","7","3","1","10","5","5","2","15","6","3","10","1","1","B03","7","9","1","8","2","1","","6","6","1","22","9","B03","24.158255","120.631913","2"
"2019","7","22","2","7","臺中市","西屯區","0","2","0","8","3","5","50","4","1","1","5","4","5","7","1","1","1","2","1","2","16","26","2","9","3","4","C03","7","5","2","18","2","14","","26","26","1","22","8","C03","24.195133","120.644643","2"
"2019","7","22","2","49","臺中市","清水區","0","1","0","8","3","5","50","4","1","1","5","4","5","7","3","1","10","5","5","2","15","6","2","9","1","1","C03","7","9","1","10","2","11","","6","6","1","21","8","C03","24.26433","120.549306","2"
"2019","7","22","6","11","臺中市","西屯區","0","1","0","8","1","5","40","14","8","1","5","4","5","7","4","4","1","5","1","2","13","23","2","8","3","4","C03","7","9","1","10","2","11","","23","23","1","22","8","C03","24.182251","120.594465","2"
"2019","7","22","6","48","臺中市","西屯區","0","1","0","8","2","5","50","5","1","1","5","4","5","7","4","4","10","5","5","2","29","67","","","","","","","","","","","","","67","67","1","","","","24.171739","120.646187","2"
"2019","7","22","6","57","臺中市","北區","0","1","0","8","1","5","50","3","1","1","5","4","5","7","4","4","5","5","5","2","18","42","2","5","1","1","C03","7","9","1","10","2","12","12","42","42","1","22","9","C03","24.163303","120.67575","2"
"2019","7","22","6","58","臺中市","梧棲區","0","0","0","8","","","60","","","","","","","","","","","","","","","","","","","","B03","","","1","","2","","","12","","","","","B03","24.247012","120.53478","3"
"2019","7","22","6","59","臺中市","沙鹿區","0","1","0","8","1","5","50","3","2","1","5","4","5","7","4","4","9","5","4","2","16","23","2","7","1","1","C03","7","4","1","10","2","12","","23","23","1","20","8","C03","24.213702","120.580081","2"
"2019","7","22","7","0","臺中市","沙鹿區","0","2","0","8","1","5","50","4","1","1","5","4","5","7","1","1","10","5","5","2","16","6","2","9","1","1","C03","7","5","1","10","2","14","","6","6","1","3","1","C03","24.224334","120.576712","2"
"2019","7","22","7","0","臺中市","大甲區","0","0","0","8","","","50","","","","","","","","","","","","","","","16","","","","","B03","","","1","","2","","","16","16","1","22","","B03","24.342512","120.622636","3"
"2019","7","22","7","0","臺中市","大雅區","0","2","0","8","1","5","50","14","8","1","5","4","5","7","4","4","9","4","5","1","9","23","2","9","1","1","F03","7","9","8","20","2","16","","23","23","1","12","9","F03","24.23763","120.62637","2"
"2019","7","22","7","20","臺中市","南區","0","1","0","8","1","5","50","4","1","1","5","4","5","7","4","4","10","5","5","2","16","9","3","10","1","1","B03","7","6","1","8","2","6","","9","9","1","22","8","B03","24.117858","120.666755","2"
"2019","7","22","7","20","臺中市","神岡區","0","1","0","8","1","5","60","3","1","1","5","4","5","7","4","4","10","5","5","2","16","11","2","9","1","1","C03","7","11","1","10","2","11","","11","11","1","22","9","C03","24.230407","120.690919","2"
"2019","7","22","7","22","臺中市","潭子區","0","0","0","8","","","60","","","","","","","","","","","","","","","","","","","","C03","","","1","","2","","","16","","1","22","","C03","24.225955","120.705269","3"
"2019","7","22","7","30","臺中市","西屯區","","","","8","","","50","","","","","","","","","","","","","","","","","","","","B03","","","1","","2","","","23","","1","","","B03","24.169985","120.633232","3"
"2019","7","22","7","34","臺中市","潭子區","0","0","0","8","","","50","","","","","","","","","","","","","","","","","","","","B12","","","1","","2","","","25","","1","9","","B12","24.200868","120.705983","3"
"2019","7","22","7","39","臺中市","西屯區","0","0","0","8","","","40","","","","","","","","","","","","","","","","","","","","B03","","","1","","2","","","23","","1","22","","B03","24.181658","120.635686","3"
"2019","7","22","7","44","臺中市","神岡區","0","1","0","8","1","5","50","3","1","1","5","4","5","7","4","4","5","5","5","1","16","6","3","10","1","1","B03","7","6","1","8","2","2","","6","6","1","22","8","B03","24.265263","120.678059","2"
"2019","7","22","7","45","臺中市","烏日區","0","0","0","8","","","80","","","","","","","","","","","","","","","","","","","","B03","","","1","","2","","","23","","1","22","","B03","24.100167","120.611199","3"
"2019","7","22","7","47","臺中市","潭子區","0","0","0","8","","","50","","","","","","","","","","","","","","","","","","","","B03","","","1","","2","","","23","","1","22","","B03","24.215677","120.677171","3"
"2019","7","22","7","56","臺中市","南屯區","0","2","0","8","1","5","50","4","1","1","5","4","5","7","2","1","1","2","4","2","15","25","2","9","1","1","C03","7","9","1","10","2","11","","25","25","1","4","8","C03","24.153738","120.616606","2"
"2019","7","22","7","58","臺中市","潭子區","0","0","0","8","","","50","","","","","","","","","","","","","","","","","","","","A42","","","1","","2","","","12","","2","22","","A42","24.20164","120.703968","3"
"2019","7","22","7","59","臺中市","南區","0","1","0","8","1","5","50","3","1","1","5","4","5","7","1","1","10","5","5","2","16","25","3","10","3","4","B03","7","9","1","8","2","8","","25","25","1","5","8","B03","24.117586","120.661926","2"
"2019","7","22","8","0","臺中市","南屯區","0","1","0","8","1","5","50","4","1","1","5","4","5","7","2","1","10","5","5","2","17","23","3","10","1","1","B03","7","5","1","8","2","8","8","23","23","1","3","3","B03","24.149584","120.649942","2"
"2019","7","22","8","1","臺中市","沙鹿區","0","0","0","8","","","60","","","","","","","","","","","","","","","","","","","","B03","","","1","","2","","","42","","1","","","B03","24.203825","120.566434","3"
"2019","7","22","8","2","臺中市","神岡區","0","2","0","8","1","5","50","3","1","1","5","4","5","7","4","4","10","5","5","2","16","6","2","9","1","1","C03","7","5","1","10","2","11","","6","6","1","22","9","C03","24.238661","120.689787","2"
"2019","7","22","8","13","臺中市","西區","0","1","0","8","1","5","50","14","9","1","5","4","5","7","4","4","5","2","5","2","13","16","3","10","1","1","C03","7","9","1","10","2","11","","16","16","1","21","8","C03","24.150898","120.663458","2"
"2019","7","22","8","15","臺中市","北區","0","0","0","8","","","50","","","","","","","","","","","","","","","","","","","","B03","","","1","","2","","","23","","1","21","","B03","24.163092","120.686698","3"
"2019","7","22","8","20","臺中市","太平區","0","0","0","8","","","40","","","","","","","","","","","","","","","","","","","","B03","","","1","","2","","","12","","1","","","B03","24.142551","120.71328","3"
"2019","7","22","8","25","臺中市","西屯區","0","2","0","8","1","5","50","5","1","1","5","4","5","7","1","1","10","5","5","2","12","43","2","9","1","1","C03","7","5","1","10","2","11","","43","43","1","21","8","C03","24.190846","120.594363","2"
"2019","7","22","8","29","臺中市","潭子區","0","1","0","8","1","5","60","3","1","1","5","4","5","7","4","4","1","4","4","1","16","6","3","10","1","1","B03","7","5","1","8","2","5","","6","6","1","9","1","B03","24.199895","120.703425","2"
"2019","7","22","8","30","臺中市","大雅區","0","0","0","8","","","40","","","","","","","","","","","","","","","","","","","","B03","","","1","","2","","","12","","1","22","","B03","24.21727","120.64707","3"
"2019","7","22","8","40","臺中市","西屯區","0","0","0","8","","","1","","","","","","","","","","","","","","","","","","","","B12","","","1","","2","","","42","","1","","","B12","24.195953","120.64555","3"
"2019","7","22","8","41","臺中市","北區","0","1","0","8","1","5","50","14","9","1","5","4","5","7","4","4","3","4","5","2","12","7","3","10","1","1","B03","7","10","1","8","2","5","","7","7","1","22","8","B03","24.167121","120.673117","2"
"2019","7","22","8","42","臺中市","北屯區","0","0","0","","","","","","","","","","","","","","","","","","","","","","","","B03","","","1","","2","","","14","","1","22","","B03","24.170866","120.72355","3"
"2019","7","22","8","44","臺中市","北區","0","1","0","8","1","5","50","4","1","1","5","4","5","7","1","1","10","5","5","2","16","6","3","10","1","1","B03","7","5","1","4","2","5","","6","6","1","22","8","B03","24.155335","120.669121","2"
"2019","7","22","8","49","臺中市","南區","0","1","0","8","1","5","50","4","2","1","5","4","5","7","4","4","5","5","4","2","9","23","3","10","1","1","B02","7","6","3","18","2","5","","23","23","1","5","8","B02","24.120465","120.650841","2"
"2019","7","22","8","50","臺中市","清水區","0","1","0","8","1","5","50","5","1","1","5","4","5","7","1","1","1","4","4","1","12","23","3","10","1","1","B03","7","5","1","8","2","8","","23","23","1","5","7","B03","24.275416","120.57746","2"
"2019","7","22","8","55","臺中市","沙鹿區","0","2","0","8","1","5","50","3","2","1","5","4","5","7","4","4","1","4","5","1","13","23","2","9","1","1","C03","7","9","1","10","2","11","","23","23","1","8","8","C03","24.243236","120.57336","2"
"2019","7","22","8","56","臺中市","中區","0","1","0","8","1","5","50","4","1","1","5","4","5","7","4","4","10","5","5","2","12","7","2","9","1","1","C03","7","7","1","10","2","14","","7","7","1","2","9","C03","24.144798","120.674901","2"
"2019","7","22","8","59","臺中市","南屯區","0","1","0","8","1","5","50","4","1","1","5","4","5","7","3","1","10","5","5","2","15","6","3","10","3","4","B03","7","9","1","8","2","1","","6","6","1","22","8","B03","24.141196","120.640258","2"
"2019","7","22","9","5","臺中市","中區","0","0","0","8","","","50","","","","","","","","","","","","","","","","","","","","B03","","","1","","2","","","6","","1","21","","B03","24.144708","120.68005","3"
"2019","7","22","9","6","臺中市","西屯區","0","1","0","8","1","5","50","3","2","1","5","4","5","7","4","4","8","3","4","1","3","23","3","10","1","1","B03","7","5","1","8","2","8","","23","23","1","22","8","B03","24.173811","120.64814","2"
"2019","7","22","9","8","臺中市","東區","0","0","0","8","","","50","","","","","","","","","","","","","","","","","","","","B12","","","1","","2","","","23","","1","22","","B12","24.146095","120.695313","3"
"2019","7","22","9","10","臺中市","大甲區","0","1","0","8","1","5","50","14","9","1","5","4","5","7","4","4","5","5","5","1","12","17","3","10","1","1","C03","7","4","1","10","2","12","","17","17","1","22","8","C03","24.349215","120.625407","2"
"2019","7","22","9","19","臺中市","西區","0","1","0","8","1","5","50","4","1","1","5","4","5","7","4","4","10","5","5","2","15","6","2","9","1","1","C03","7","9","1","10","2","12","","6","6","1","5","5","C03","24.141555","120.660221","2"
"2019","7","22","9","23","臺中市","清水區","0","0","0","8","","","40","","","","","","","","","","","","","","","19","","","","","B03","","","1","","2","","","19","19","1","12","","B03","24.270995","120.536771","3"
"2019","7","22","9","28","臺中市","龍井區","0","0","0","8","","","70","","","","","","","","","","","","","","","","","","","","B03","","","1","","2","","","42","","1","1","","B03","24.210391","120.505838","3"
"2019","7","22","9","29","臺中市","大里區","0","0","0","8","","","50","","","","","","","","","","","","","","","","","","","","B03","","","1","","2","","","12","","1","21","","B03","24.107906","120.675657","3"
"2019","7","22","9","31","臺中市","東區","0","1","0","8","1","5","50","4","1","1","5","4","5","7","2","1","10","5","5","2","17","43","3","10","3","4","B03","7","5","6","10","2","15","","43","43","1","5","8","B03","24.126658","120.690371","2"
"2019","7","22","9","35","臺中市","北區","0","1","0","8","1","5","50","4","1","1","5","4","5","7","4","4","10","5","5","2","15","6","2","9","1","1","C03","7","9","1","10","2","12","14","6","6","1","22","9","C03","24.168767","120.668865","2"
"2019","7","22","9","38","臺中市","北屯區","0","1","0","8","1","5","50","4","1","1","5","4","5","7","4","4","10","5","5","2","16","6","2","9","1","1","C03","7","5","4","3","2","11","","6","6","1","22","8","C03","24.18138","120.706355","2"
"2019","7","22","9","46","臺中市","北屯區","0","0","0","8","","","50","","","","","","","","","","","","","","","","","","","","B03","","","1","","2","","","25","","1","5","","B03","24.174281","120.679216","3"
"2019","7","22","9","47","臺中市","西屯區","0","1","0","8","1","5","50","4","2","1","5","4","5","7","1","1","5","4","5","2","27","66","","","","","","","","","","","","","66","66","1","","","","24.18261","120.664594","2"
"2019","7","22","9","50","臺中市","南屯區","0","0","0","8","","","50","","","","","","","","","","","","","","","","","","","","B12","","","1","","2","","","12","","1","21","","B12","24.154627","120.643336","3"
"2019","7","22","9","53","臺中市","北屯區","0","2","0","8","1","5","40","4","1","1","5","4","5","7","4","4","10","5","5","2","16","6","2","9","1","1","C03","7","5","1","10","2","11","","6","6","1","22","8","C03","24.181522","120.672281","2"
"2019","7","22","9","55","臺中市","太平區","0","0","0","8","","","40","","","","","","","","","","","","","","","","","","","","B03","","","1","","2","","","12","","1","4","","B03","24.098543","120.724852","3"
"2019","7","22","9","55","臺中市","沙鹿區","0","0","0","","","","","","","","","","","","","","","","","","","","","","","","B03","","","1","","2","","","23","","1","","","B03","24.240925","120.561352","3"
"2019","7","22","10","6","臺中市","西區","0","0","0","8","","","50","","","","","","","","","","","","","","","6","","","","","B01","","","1","","2","","","6","6","1","10","","B01","24.145476","120.660769","3"
"2019","7","22","10","8","臺中市","神岡區","0","1","0","8","1","5","40","3","2","1","5","4","5","7","4","4","10","5","5","2","10","42","3","10","1","1","B03","7","9","1","8","2","5","","42","42","1","22","8","B03","24.256154","120.65863","2"
"2019","7","22","10","20","臺中市","太平區","0","1","0","8","1","5","50","14","9","1","5","4","5","7","4","4","4","5","5","2","16","19","3","10","1","1","B03","7","1","1","8","2","8","","19","19","1","5","5","B03","24.154984","120.733559","2"
"2019","7","22","10","48","臺中市","北屯區","0","0","0","8","","","50","","","","","","","","","","","","","","","","","","","","B03","","","1","","2","","","12","","1","","","B03","24.18297","120.68638","3"
"2019","7","22","11","5","臺中市","北區","0","0","0","8","","","50","","","","","","","","","","","","","","","","","","","","B03","","","1","","2","","","18","","1","21","","B03","24.155197","120.692134","3"
"2019","7","22","11","6","臺中市","霧峰區","0","0","0","8","","","40","","","","","","","","","","","","","","","","","","","","B03","","","1","","2","","","43","","1","21","","B03","24.06094","120.662535","3"
"2019","7","22","11","18","臺中市","后里區","0","1","0","8","1","5","50","4","2","1","5","4","5","7","1","1","1","4","5","1","29","67","","","","","","","","","","","","","67","67","1","","","","24.31366","120.68095","2"
"2019","7","22","11","22","臺中市","后里區","0","0","0","8","1","5","40","3","2","1","5","","5","7","4","4","10","5","","2","16","","","","","","C03","","","1","","2","","","8","","1","5","","C03","24.288228","120.70664","4"
"2019","7","22","11","30","臺中市","神岡區","0","0","0","8","","","40","","","","","","","","","","","","","","","","","","","","B03","","","1","","2","","","12","","1","","","B03","24.235188","120.695869","3"
"2019","7","22","11","34","臺中市","西屯區","0","1","0","8","1","5","50","4","1","1","5","4","5","7","1","1","10","5","5","2","12","6","2","9","1","1","C03","7","6","1","10","2","14","","23","6","1","21","8","C03","24.175884","120.645489","2"
"2019","7","22","11","35","臺中市","沙鹿區","0","0","0","8","","","50","","","","","","","","","","","","","","","","","","","","B12","","","1","","2","","","42","","1","10","","B12","24.221354","120.578685","3"
"2019","7","22","11","38","臺中市","西屯區","0","1","0","8","1","5","50","4","1","1","5","4","5","7","4","4","10","5","5","2","16","8","3","10","1","1","B03","7","5","1","8","2","4","","8","8","1","22","8","B03","24.181642","120.64102","2"