"年","月","日","時","分","縣市","區","死","受傷","2-30","天候","光線","道路類別","速限","道路型態","事故位置","路面鋪裝","路面狀態","路面缺陷","障礙物","視距","號誌種類","號誌動作","分向設施","快車道或一般車道間","快慢車道間","路面邊線","事故類型及型態","主要肇因","受傷程度","主要傷處","保護裝備","行動電話","當事者區分_類別","車輛用途","當事者行動狀態","駕駛資格情形","駕駛執照種類","飲酒情形","車輛撞擊部位最初","車輛撞擊部位其他","肇事因素個別","肇事因素主要","肇事逃逸","職業","旅次目的","車種","GPS座標_緯度","GPS座標_經度","事故類別"
"2019","7","22","11","39","臺中市","南屯區","0","0","0","8","","","50","","","","","","","","","","","","","","","","","","","","A02","","","1","","2","","","17","","1","10","","A02","24.134891","120.640358","3"
"2019","7","22","11","46","臺中市","西屯區","0","1","0","8","1","5","50","4","3","1","5","4","5","7","2","1","8","3","4","1","12","43","3","10","1","1","C03","7","6","1","10","2","14","","43","43","1","22","8","C03","24.17577","120.637625","2"
"2019","7","22","11","57","臺中市","南屯區","0","0","0","","","","","","","","","","","","","","","","","","","","","","","","A03","","","1","","2","","","25","","1","10","","A03","24.138046","120.610446","3"
"2019","7","22","12","0","臺中市","沙鹿區","0","2","0","6","1","5","50","14","8","1","4","4","5","7","4","4","3","4","4","1","18","43","2","9","1","1","C03","7","9","1","10","2","15","","43","43","1","19","9","C03","24.206077","120.56416","2"
"2019","7","22","12","4","臺中市","北區","0","0","0","8","","","40","","","","","","","","","","","","","","","","","","","","B03","","","1","","2","","","12","","","22","","B03","24.171528","120.67652","3"
"2019","7","22","12","10","臺中市","沙鹿區","0","1","0","8","1","5","50","4","1","1","5","4","5","7","4","4","10","5","5","2","15","6","3","10","1","1","B01","7","9","1","8","2","8","","6","6","1","6","5","B01","24.260011","120.572325","2"
"2019","7","22","12","11","臺中市","西屯區","0","1","0","8","1","5","40","14","8","1","5","4","5","7","4","4","9","4","1","2","13","16","2","8","1","1","C03","7","9","1","10","2","11","","16","16","1","21","8","C03","24.158351","120.656983","2"
"2019","7","22","12","14","臺中市","南屯區","0","0","0","8","","","50","","","","","","","","","","","","","","","","","","","","B03","","","1","","2","","","23","","1","22","","B03","24.139641","120.642856","3"
"2019","7","22","12","15","臺中市","南區","0","1","0","8","1","5","50","14","9","1","5","4","5","7","4","4","10","5","5","2","17","19","2","9","1","1","C03","7","1","3","18","2","11","","19","19","1","22","8","C03","24.121683","120.656865","2"
"2019","7","22","12","22","臺中市","北屯區","0","0","0","8","","","40","","","","","","","","","","","","","","","","","","","","B12","","","1","","2","","","19","","1","21","","B12","24.180575","120.682645","3"
"2019","7","22","12","23","臺中市","后里區","0","0","0","","","","","","","","","","","","","","","","","","","16","","","","","B12","","","1","","2","","","16","16","1","22","","B12","24.284556","120.72298","3"
"2019","7","22","12","27","臺中市","西屯區","0","1","0","8","1","5","50","14","9","1","5","4","5","7","4","4","5","4","5","2","13","23","2","7","3","4","C03","7","9","1","10","2","11","","23","23","1","22","9","C03","24.170629","120.636507","2"
"2019","7","22","12","33","臺中市","龍井區","0","1","0","8","1","5","50","14","9","1","5","4","5","7","4","4","5","5","5","2","16","6","3","10","1","1","B03","7","6","1","8","2","5","","6","6","1","21","8","B03","24.177881","120.582552","2"
"2019","7","22","12","35","臺中市","南屯區","0","0","0","8","","","50","","","","","","","","","","","","","","","","","","","","B03","","","1","","2","","","23","","1","21","","B03","24.146857","120.644613","3"
"2019","7","22","12","43","臺中市","南區","0","1","0","8","1","5","40","5","1","1","5","4","5","7","2","1","10","5","5","2","17","23","2","9","3","4","C03","7","9","1","10","2","14","","23","23","1","5","8","C03","24.126438","120.673121","2"
"2019","7","22","12","45","臺中市","北區","0","2","0","8","1","5","50","14","9","1","5","4","5","7","4","4","5","4","5","2","18","23","2","9","1","1","C03","7","9","1","10","2","12","12","23","23","1","22","9","C03","24.146168","120.675183","2"
"2019","7","22","12","45","臺中市","石岡區","0","0","0","6","","","40","","","","","","","","","","","","","","","","","","","","B12","","","6","","2","","","23","","1","22","","B12","24.277357","120.764603","3"
"2019","7","22","12","45","臺中市","石岡區","0","1","0","8","1","5","50","11","9","1","5","4","5","7","4","4","5","5","5","1","13","23","2","8","1","1","C03","7","9","1","10","2","11","","23","23","1","5","8","C03","24.27045","120.79141","2"
"2019","7","22","12","51","臺中市","西屯區","0","0","0","8","1","5","50","14","9","1","5","4","5","7","4","4","10","5","5","2","16","17","3","10","3","4","B03","7","9","6","8","9","6","","17","17","2","22","9","B03","24.16471","120.652465","3"
"2019","7","22","13","5","臺中市","大甲區","0","0","0","8","","","50","","","","","","","","","","","","","","","","","","","","B03","","","1","","2","","","23","","1","","","B03","24.351219","120.627674","3"
"2019","7","22","13","8","臺中市","梧棲區","0","0","0","8","","","50","","","","","","","","","","","","","","","","","","","","B11","","","1","","2","","","23","","1","10","","B11","24.257688","120.539848","3"
"2019","7","22","13","20","臺中市","西區","0","0","0","8","","","40","","","","","","","","","","","","","","","","","","","","B12","","","1","","2","","","18","","1","5","","B12","24.149671","120.653059","3"
"2019","7","22","13","26","臺中市","龍井區","0","0","0","8","","","80","","","","","","","","","","","","","","","","","","","","B03","","","1","","2","","","7","","1","","","B03","24.211092","120.519612","3"
"2019","7","22","13","29","臺中市","西區","0","1","0","8","1","5","40","14","8","1","5","4","5","7","1","1","3","4","3","2","16","23","2","7","1","1","C03","7","9","1","10","2","14","","23","23","1","21","8","C03","24.148717","120.672904","2"
"2019","7","22","13","30","臺中市","北屯區","0","1","0","8","1","5","50","4","1","1","5","3","5","7","2","1","10","5","5","2","18","23","2","9","1","1","C03","7","6","1","10","2","15","","23","23","1","5","8","C03","24.172215","120.685407","2"
"2019","7","22","13","43","臺中市","西屯區","0","1","0","8","1","5","50","15","22","1","5","4","5","7","4","4","1","4","4","2","13","44","3","10","1","1","B12","7","14","1","8","2","6","","44","44","1","22","8","B12","24.164838","120.640778","2"
"2019","7","22","13","48","臺中市","北區","0","0","0","8","","","50","","","","","","","","","","","","","","","","","","","","B03","","","1","","11","","","23","","2","21","","B03","24.157795","120.689731","3"
"2019","7","22","14","0","臺中市","烏日區","0","0","0","8","","","50","","","","","","","","","","","","","","","8","","","","","B03","","","1","","2","","","8","8","1","21","","B03","24.10785","120.603136","3"
"2019","7","22","14","0","臺中市","大雅區","0","0","0","8","","","40","","","","","","","","","","","","","","","","","","","","B03","","","1","","2","","","18","","1","","","B03","24.2232","120.647974","3"
"2019","7","22","14","1","臺中市","南區","0","1","0","8","1","5","50","4","1","1","5","4","5","7","1","1","10","5","5","2","15","6","3","10","1","1","C03","7","9","1","10","2","11","","6","6","1","21","8","C03","24.128881","120.66435","2"
"2019","7","22","14","5","臺中市","北區","0","1","0","8","1","5","50","4","1","1","5","4","5","7","1","1","10","5","5","2","15","25","3","10","1","1","B03","7","9","1","8","2","5","","25","25","1","22","8","B03","24.169775","120.666741","2"
"2019","7","22","14","5","臺中市","潭子區","0","0","0","8","","","50","","","","","","","","","","","","","","","","","","","","B03","","","1","","2","","","12","","1","8","","B03","24.210448","120.687196","3"
"2019","7","22","14","8","臺中市","后里區","0","0","0","6","","","40","","","","","","","","","","","","","","","","","","","","B12","","","1","","2","","","12","","1","","","B12","24.307266","120.672578","3"
"2019","7","22","14","13","臺中市","太平區","0","0","0","8","","","50","","","","","","","","","","","","","","","","","","","","C03","","","1","","1","","","23","","1","","","C03","24.11046","120.712229","3"
"2019","7","22","14","26","臺中市","東區","0","3","0","8","1","5","50","4","1","1","5","4","5","7","4","4","10","5","5","2","17","6","2","6","3","4","C03","7","9","1","10","2","14","","6","6","1","5","8","C03","24.143113","120.704411","2"
"2019","7","22","14","29","臺中市","西屯區","0","1","0","8","1","5","50","14","9","1","5","4","5","7","3","1","5","5","5","2","16","9","3","10","3","4","B12","7","6","1","8","2","2","","9","9","1","22","9","B12","24.179187","120.640388","2"
"2019","7","22","14","50","臺中市","太平區","0","1","0","8","1","5","40","3","1","1","5","4","5","7","4","4","5","5","5","1","16","6","3","10","1","1","B03","7","6","1","8","2","4","","6","6","1","4","5","B03","24.1362","120.732494","2"
"2019","7","22","15","10","臺中市","北區","0","0","0","8","","","50","","","","","","","","","","","","","","","","","","","","B03","","","1","","2","","","23","","1","","","B03","24.154571","120.685369","3"
"2019","7","22","15","15","臺中市","大雅區","0","2","0","8","1","5","50","14","9","1","5","4","5","7","4","4","9","5","5","1","16","19","2","9","4","5","F03","7","1","8","20","2","15","","19","19","1","22","9","F03","24.222967","120.657024","2"
"2019","7","22","15","20","臺中市","北區","0","1","0","8","1","5","50","4","1","1","5","4","5","7","4","4","10","5","5","2","15","6","3","10","3","4","C03","7","9","1","10","2","11","","6","6","1","5","8","C03","24.168847","120.671728","2"
"2019","7","22","15","28","臺中市","西屯區","0","2","0","8","1","5","40","14","8","1","5","4","5","7","4","4","5","4","4","2","13","23","2","8","1","1","C03","7","9","1","10","2","11","","23","23","1","22","8","C03","24.148374","120.672899","2"
"2019","7","22","15","30","臺中市","大里區","0","0","0","8","","","40","","","","","","","","","","","","","","","","","","","","B03","","","1","","2","","","12","","1","10","","B03","24.107913","120.710064","3"
"2019","7","22","15","32","臺中市","北屯區","0","2","0","8","1","5","50","14","7","1","5","4","5","7","4","4","5","5","4","2","16","19","2","9","1","1","C03","7","1","1","10","2","15","","19","19","1","21","8","C03","24.16984","120.707701","2"
"2019","7","22","15","35","臺中市","后里區","0","0","0","8","","","40","","","","","","","","","","","","","","","","","","","","B12","","","1","","2","","","6","","1","","","B12","24.307971","120.717671","3"
"2019","7","22","15","39","臺中市","梧棲區","0","3","0","8","1","5","50","4","1","1","5","4","5","7","1","1","10","5","5","2","15","25","2","9","1","1","C03","7","9","1","10","2","12","","25","25","1","18","5","C03","24.235753","120.535401","2"
"2019","7","22","15","43","臺中市","南區","0","1","0","8","1","5","50","3","1","1","5","4","5","7","3","1","10","5","5","2","18","23","2","9","4","5","F03","7","6","8","20","2","16","","23","23","1","5","8","F03","24.116818","120.66202","2"
"2019","7","22","15","43","臺中市","西屯區","0","0","0","8","","","50","","","","","","","","","","","","","","","23","","","","","B03","","","1","","2","","","23","23","1","","","B03","24.162458","120.605369","3"
"2019","7","22","15","50","臺中市","大雅區","0","0","0","8","","","40","","","","","","","","","","","","","","","","","","","","C03","","","1","","2","","","19","","1","22","","C03","24.22104","120.64836","3"
"2019","7","22","15","51","臺中市","南區","0","1","0","8","1","5","50","3","2","1","5","4","5","7","4","4","3","5","5","2","16","6","3","10","1","1","C04","7","6","1","10","11","13","","6","6","2","20","8","C04","24.112809","120.652037","2"
"2019","7","22","16","1","臺中市","西區","0","0","0","8","1","5","50","4","7","1","5","4","5","7","1","1","9","4","4","2","13","","","","","","B03","","","1","","2","","","23","","1","5","","B03","24.147713","120.657252","3"
"2019","7","22","16","5","臺中市","沙鹿區","0","0","0","8","","","60","","","","","","","","","","","","","","","43","","","","","B03","","","1","","3","","","43","43","","","","B03","24.206198","120.564408","3"
"2019","7","22","16","9","臺中市","豐原區","0","0","0","6","","","40","","","","","","","","","","","","","","","","","","","","B03","","","1","","2","","","18","","1","22","","B03","24.245528","120.71762","3"
"2019","7","22","16","17","臺中市","西屯區","0","1","0","7","1","5","50","4","1","1","5","4","5","7","1","1","5","5","4","2","13","16","3","10","3","4","B03","7","9","1","8","2","1","","16","16","1","22","8","B03","24.177084","120.64293","2"
"2019","7","22","16","20","臺中市","沙鹿區","0","1","0","8","1","5","40","14","9","1","5","4","5","7","4","4","10","5","5","2","20","23","2","9","1","1","C03","7","4","1","10","2","15","","23","23","1","18","9","C03","24.23071","120.575304","2"
"2019","7","22","16","22","臺中市","北區","0","0","0","8","","","50","","","","","","","","","","","","","","","","","","","","B03","","","1","","2","","","23","","1","","","B03","24.167019","120.677851","3"
"2019","7","22","16","22","臺中市","大雅區","0","1","0","7","1","5","50","3","2","1","5","4","5","7","4","4","5","5","5","1","13","16","2","9","1","1","C03","7","9","1","10","2","11","","16","16","1","22","8","C03","24.211749","120.666332","2"
"2019","7","22","16","23","臺中市","西區","0","1","0","8","1","5","50","3","1","1","5","4","5","7","4","4","10","5","5","2","14","12","2","9","1","1","C03","7","9","1","10","2","11","","23","12","1","9","9","C03","24.15639","120.66342","2"
"2019","7","22","16","30","臺中市","神岡區","0","0","0","","","","","","","","","","","","","","","","","","","","","","","","B03","","","1","","2","","","9","","1","21","","B03","","","3"
"2019","7","22","16","31","臺中市","南區","0","0","0","8","1","5","50","4","1","1","5","4","5","7","4","4","10","5","5","2","15","6","3","10","1","1","B03","7","9","1","8","2","1","","6","6","1","5","8","B03","24.119376","120.666966","3"
"2019","7","22","16","38","臺中市","大雅區","0","1","0","8","1","5","50","4","1","1","5","4","5","7","1","1","1","4","5","1","16","26","2","9","1","1","C03","7","5","1","10","2","14","","26","26","1","22","9","C03","24.236802","120.668895","2"
"2019","7","22","16","58","臺中市","南屯區","0","1","0","6","1","5","50","14","8","1","4","4","5","7","4","4","5","5","4","2","17","23","3","10","1","1","B12","7","3","1","7","2","2","","23","23","1","22","8","B12","24.138888","120.609992","2"
"2019","7","22","17","2","臺中市","太平區","0","0","0","8","","","50","","","","","","","","","","","","","","","","","","","","B03","","","1","","11","","","23","","2","","","B03","24.148118","120.717343","3"
"2019","7","22","17","9","臺中市","西區","0","1","0","8","1","5","50","14","7","1","5","4","5","7","4","4","1","4","4","2","13","23","3","10","1","1","B03","7","9","1","8","2","1","","23","23","1","21","8","B03","24.158701","120.66078","2"
"2019","7","22","17","9","臺中市","太平區","0","0","0","8","","","40","","","","","","","","","","","","","","","","","","","","","","","7","","10","","","43","","1","","","","24.144516","120.716861","3"
"2019","7","22","17","13","臺中市","沙鹿區","0","0","0","8","","","50","","","","","","","","","","","","","","","","","","","","C03","","","1","","2","","","23","","1","3","","C03","24.228982","120.549631","3"
"2019","7","22","17","16","臺中市","西屯區","0","2","0","6","1","5","30","4","1","1","4","4","5","7","4","4","9","5","5","2","16","6","2","9","3","4","C03","7","9","1","10","2","13","","6","6","1","22","8","C03","24.188956","120.641113","2"
"2019","7","22","17","19","臺中市","北屯區","0","1","0","8","2","5","50","4","1","1","5","4","5","7","1","1","10","5","5","2","17","25","3","10","1","1","B03","7","5","1","8","2","1","","25","25","1","9","8","B03","24.1723","120.7114","2"
"2019","7","22","17","19","臺中市","沙鹿區","0","1","0","7","1","5","40","14","13","1","5","4","5","7","4","4","1","4","4","1","12","17","3","10","1","1","C03","7","9","1","9","2","14","","17","17","1","5","5","C03","24.244921","120.612371","2"
"2019","7","22","17","21","臺中市","太平區","0","1","0","7","1","5","50","11","9","1","5","4","5","7","4","4","5","5","5","1","12","23","2","6","1","1","C03","7","9","1","10","2","11","","23","23","1","21","8","C03","24.138716","120.73239","2"
"2019","7","22","17","22","臺中市","東區","0","1","0","8","1","5","50","4","2","1","5","4","5","7","4","4","5","5","5","2","16","6","2","9","1","1","C03","7","5","1","10","2","12","","6","6","1","21","8","C03","24.145478","120.691031","2"
"2019","7","22","17","22","臺中市","大甲區","0","2","0","7","1","5","50","14","9","1","5","4","5","7","4","4","5","5","5","1","17","19","2","7","1","1","C03","7","1","1","10","2","11","","19","19","1","9","8","C03","24.345439","120.622961","2"
"2019","7","22","17","25","臺中市","南屯區","0","2","0","6","1","5","50","14","9","1","4","4","5","7","4","4","1","4","5","2","17","23","2","9","1","1","C03","7","9","1","10","2","14","","23","23","1","22","8","C03","24.138736","120.609713","2"
"2019","7","22","17","25","臺中市","南屯區","0","2","0","6","1","5","40","3","1","1","4","4","5","7","4","4","10","5","5","2","16","5","2","8","1","1","C03","7","5","1","10","2","12","","5","5","1","22","9","C03","24.148274","120.613636","2"
"2019","7","22","17","25","臺中市","后里區","0","2","0","6","1","5","60","14","11","1","4","4","5","7","4","4","1","4","4","1","17","38","3","10","3","4","B03","7","14","1","3","2","7","","38","38","1","21","8","B03","24.29001","120.723396","2"
"2019","7","22","17","26","臺中市","西屯區","0","2","0","6","1","5","50","4","1","1","4","4","5","7","4","4","10","5","5","2","15","6","2","9","1","1","C03","7","9","1","10","2","12","","6","6","1","9","8","C03","24.174949","120.62261","2"
"2019","7","22","17","27","臺中市","西屯區","0","1","0","8","1","5","40","4","2","1","5","4","5","7","1","1","5","4","4","2","12","6","2","9","1","1","C03","7","11","1","10","2","12","","6","6","1","22","8","C03","24.182221","120.61948","2"
"2019","7","22","17","29","臺中市","南屯區","0","1","0","6","2","5","50","4","1","1","4","4","5","7","2","1","10","5","5","2","16","6","3","10","1","1","B03","7","5","1","8","2","6","","6","6","1","4","1","B03","24.13999","120.620854","2"
"2019","7","22","17","30","臺中市","北區","0","0","0","8","","","50","","","","","","","","","","","","","","","","","","","","B12","","","1","","2","","","23","","1","22","","B12","24.158941","120.683677","3"
"2019","7","22","17","31","臺中市","烏日區","0","1","0","8","1","5","50","4","2","1","5","4","5","7","2","1","5","4","4","1","13","7","3","10","1","1","B03","7","9","1","8","2","1","","44","7","1","21","8","B03","24.106213","120.624893","2"
"2019","7","22","17","31","臺中市","梧棲區","0","1","0","8","1","5","50","3","1","1","5","4","5","7","3","1","10","5","5","2","12","23","3","10","1","1","B03","7","5","1","8","2","8","","23","23","1","2","1","B03","24.248068","120.548853","2"
"2019","7","22","17","32","臺中市","北屯區","0","1","0","8","1","5","50","14","7","1","5","4","5","7","4","4","1","4","5","2","3","51","2","9","4","5","H01","8","18","8","20","10","16","","51","51","1","20","8","H01","24.161717","120.692754","2"
"2019","7","22","17","32","臺中市","潭子區","0","1","0","8","1","5","40","4","1","1","5","4","5","7","4","4","10","5","5","2","16","6","3","10","1","1","C03","7","9","1","10","2","11","","6","6","1","21","8","C03","24.209486","120.702795","2"
"2019","7","22","17","34","臺中市","南區","0","0","0","8","2","5","50","11","9","1","5","3","5","7","4","4","5","5","5","2","29","23","3","10","1","1","B03","7","9","1","8","2","2","","23","23","1","21","8","B03","24.120024","120.665116","3"
"2019","7","22","17","37","臺中市","烏日區","0","0","0","8","","","60","","","","","","","","","","","","","","","","","","","","A05","","","1","","2","","","16","","1","","","A05","24.093725","120.643375","3"
"2019","7","22","17","40","臺中市","西區","0","0","0","8","","","50","","","","","","","","","","","","","","","","","","","","A11","","","1","","2","","","7","","1","10","","A11","24.139943","120.660472","3"
"2019","7","22","17","43","臺中市","大雅區","0","0","0","6","","","40","","","","","","","","","","","","","","","","","","","","B03","","","1","","2","","","16","","1","21","","B03","24.220247","120.658543","3"
"2019","7","22","17","44","臺中市","南區","0","1","0","8","1","5","50","14","7","1","5","4","5","7","2","1","1","4","4","2","12","7","2","9","1","1","C03","7","7","1","10","2","14","","7","7","1","5","8","C03","24.117642","120.658498","2"
"2019","7","22","17","44","臺中市","北屯區","0","1","0","8","1","5","40","14","8","1","5","4","5","7","4","4","1","4","4","2","13","16","2","9","1","1","C03","7","9","1","10","2","11","","16","16","1","5","8","C03","24.183202","120.665704","2"
"2019","7","22","17","45","臺中市","北區","0","0","0","8","1","5","50","","","","","","","","","","","","","","","23","","","","","B03","","","1","","2","","","26","23","1","5","","B03","24.166864","120.670403","3"
"2019","7","22","17","50","臺中市","后里區","0","0","0","6","","","60","","","","","","","","","","","","","","","","","","","","B03","","","1","","2","","","18","","1","3","","B03","24.309878","120.722705","3"
"2019","7","22","17","55","臺中市","西區","0","1","0","8","1","5","50","14","8","1","5","4","5","7","4","4","1","4","4","2","17","16","3","10","3","4","B03","7","1","1","8","2","15","","16","16","1","21","8","B03","24.14399","120.657394","2"
"2019","7","22","17","55","臺中市","豐原區","0","0","0","","","","","","","","","","","","","","","","","","","18","","","","","B03","","","1","","2","","","18","18","","","","B03","24.230259","120.721293","3"
"2019","7","22","18","0","臺中市","梧棲區","0","1","0","8","1","5","40","14","8","1","5","4","5","7","4","4","10","4","3","1","12","7","3","10","1","1","B02","7","8","1","8","2","2","","7","7","1","2","1","B02","24.253589","120.524757","2"
"2019","7","22","18","4","臺中市","北區","0","0","0","8","1","5","50","14","9","1","5","4","5","7","4","4","4","1","5","2","17","","","","","","","","","7","","11","","","43","","1","","","","24.159414","120.701925","3"
"2019","7","22","18","5","臺中市","西屯區","0","1","0","6","1","5","50","3","2","1","4","4","5","7","4","4","9","5","4","2","13","23","2","9","3","4","C03","7","9","1","10","2","11","","23","23","1","22","8","C03","24.193658","120.610921","2"
"2019","7","22","18","5","臺中市","大里區","0","0","0","8","","","50","","","","","","","","","","","","","","","","","","","","B03","","","1","","2","","","26","","1","5","","B03","24.109246","120.674822","4"
"2019","7","22","18","5","臺中市","沙鹿區","0","0","0","6","","","50","","","","","","","","","","","","","","","","","","","","B03","","","1","","2","","","23","","1","19","","B03","24.225184","120.571566","3"
"2019","7","22","18","6","臺中市","北屯區","0","0","0","8","","","50","","","","","","","","","","","","","","","","","","","","B03","","","1","","2","","","19","","1","22","","B03","24.187066","120.687569","3"
"2019","7","22","18","9","臺中市","南屯區","0","0","0","8","","","50","","","","","","","","","","","","","","","","","","","","B03","","","1","","2","","","1","","1","","","B03","24.140954","120.646545","3"
"2019","7","22","18","14","臺中市","南區","0","1","0","8","1","5","50","3","1","1","5","4","5","7","4","4","3","4","5","2","16","6","3","10","1","1","B03","7","6","1","8","2","5","","6","6","1","21","8","B03","24.118997","120.679069","2"
"2019","7","22","18","20","臺中市","東區","0","1","0","8","1","5","50","5","1","1","5","4","5","7","1","1","5","5","4","2","16","6","3","10","1","1","B03","7","5","1","8","2","6","","6","6","1","21","8","B03","24.148561","120.706321","2"
"2019","7","22","18","20","臺中市","大里區","0","0","0","8","","","25","","","","","","","","","","","","","","","","","","","","B03","","","1","","2","","","23","","1","12","","B03","24.111173","120.697388","3"
"2019","7","22","18","20","臺中市","大甲區","0","1","0","6","2","5","60","4","1","1","4","4","5","7","1","1","10","5","5","2","16","6","3","10","1","1","B12","7","5","1","8","2","5","","6","6","1","9","8","B12","24.345439","120.622961","2"
"2019","7","22","18","22","臺中市","北屯區","0","2","0","8","1","5","40","14","6","1","5","4","5","7","4","4","10","5","5","2","13","16","2","8","1","1","C03","7","9","1","10","2","11","","16","16","1","21","8","C03","24.163207","120.693123","2"
"2019","7","22","18","25","臺中市","太平區","0","1","0","8","2","5","50","3","2","1","5","4","5","7","4","4","5","4","5","2","16","16","2","7","1","1","C03","7","9","1","8","2","14","","16","16","1","5","8","C03","24.149166","120.734166","2"
"2019","7","22","18","27","臺中市","大里區","0","0","0","8","1","5","40","14","2","1","5","4","5","7","4","4","8","3","5","1","13","","","","","","B12","","","1","","2","","","23","","","","","B12","24.099103","120.718969","3"
"2019","7","22","18","37","臺中市","梧棲區","0","0","0","6","","","50","","","","","","","","","","","","","","","","","","","","A41","","","1","","2","","","43","","1","10","","A41","24.251757","120.55389","3"
"2019","7","22","18","41","臺中市","西屯區","0","1","0","6","2","5","50","14","9","1","4","4","5","7","4","4","3","4","5","2","17","43","3","10","1","1","B03","7","6","1","8","2","15","","43","43","1","21","8","B03","24.184415","120.619331","2"
"2019","7","22","18","43","臺中市","西屯區","0","0","0","8","","","40","","","","","","","","","","","","","","","","","","","","B03","","","1","","2","","","23","","1","22","","B03","24.181655","120.61802","3"
"2019","7","22","18","48","臺中市","南屯區","0","0","0","8","","","50","","","","","","","","","","","","","","","","","","","","B03","","","1","","2","","","16","","1","","","B03","24.150901","120.631186","3"
"2019","7","22","18","49","臺中市","北區","0","1","0","8","3","5","50","4","2","1","5","4","5","7","1","1","1","4","5","2","17","6","3","10","1","1","C04","7","6","1","10","2","15","","6","6","1","21","8","C04","24.163013","120.682344","2"
"2019","7","22","18","55","臺中市","北區","0","1","0","8","2","5","50","4","1","1","5","4","5","7","1","1","10","5","5","2","12","23","3","10","3","4","C03","7","5","1","10","2","15","","23","23","1","5","8","C03","24.153271","120.682595","2"
"2019","7","22","18","57","臺中市","西屯區","0","1","0","7","2","5","50","4","1","1","5","4","5","7","2","1","10","5","5","2","16","6","3","10","1","1","B01","7","6","1","3","2","6","","6","6","1","10","8","B01","24.165048","120.639047","2"
"2019","7","22","19","0","臺中市","東勢區","0","1","0","7","3","5","50","14","9","1","4","4","5","7","4","4","8","3","5","1","11","26","3","10","1","1","C03","7","11","1","10","2","12","","26","26","1","22","9","C03","24.207651","120.83944","2"
"2019","7","22","19","1","臺中市","北區","0","2","0","8","2","5","50","3","18","1","5","4","5","7","3","1","10","5","5","2","3","15","2","9","1","1","C03","7","7","1","10","2","14","","15","15","1","22","8","C03","24.154291","120.68716","2"
"2019","7","22","19","4","臺中市","太平區","0","1","0","8","3","5","40","14","9","1","5","4","5","7","4","4","10","5","5","2","12","23","3","10","1","1","C03","7","9","1","10","2","11","","23","23","1","21","8","C03","24.150145","120.712166","2"
"2019","7","22","19","5","臺中市","大甲區","0","0","0","6","","","50","","","","","","","","","","","","","","","14","","","","","B03","","","1","","2","","","14","14","","","","B03","24.40128","120.653121","3"
"2019","7","22","19","15","臺中市","東區","0","2","0","8","3","5","50","14","7","1","5","4","5","7","4","4","1","4","4","2","3","51","2","9","4","5","H01","8","16","8","20","10","16","","51","51","1","19","8","H01","24.147465","120.69129","2"
"2019","7","22","19","32","臺中市","北區","0","0","0","8","3","5","50","14","8","1","5","4","5","7","4","4","8","3","4","2","12","","","","","","B03","","","1","","2","","","23","","1","22","","B03","24.162928","120.687912","3"
"2019","7","22","19","38","臺中市","西屯區","0","0","0","8","","","50","","","","","","","","","","","","","","","","","","","","B03","","","1","","2","","","19","","1","","","B03","24.200796","120.62722","3"
"2019","7","22","19","49","臺中市","北屯區","0","0","0","8","","","50","","","","","","","","","","","","","","","","","","","","C03","","","1","","2","","","7","","","21","","C03","24.162926","120.689496","3"
"2019","7","22","19","50","臺中市","大雅區","0","1","0","7","3","5","50","3","1","1","5","4","5","7","4","4","10","5","5","2","16","1","2","9","1","1","C03","7","4","1","10","2","12","","1","1","1","22","9","C03","24.220361","120.650222","2"
"2019","7","22","19","56","臺中市","西區","0","1","0","8","3","5","50","4","1","1","5","4","5","7","4","4","10","5","5","2","15","6","2","9","1","1","C03","7","9","1","10","2","11","","6","6","1","5","5","C03","24.141314","120.668078","2"
"2019","7","22","19","58","臺中市","潭子區","0","1","0","8","3","5","50","14","13","1","5","4","5","7","4","4","5","4","4","1","16","6","3","10","1","1","B02","7","5","1","8","2","4","","6","6","1","21","8","B02","24.192268","120.718913","2"
"2019","7","22","20","4","臺中市","東區","0","2","0","8","3","5","50","4","2","1","5","4","5","7","2","1","1","4","4","2","13","16","2","9","1","1","C03","7","9","1","10","2","11","","16","16","1","21","8","C03","24.123685","120.684219","2"
"2019","7","22","20","7","臺中市","東區","0","0","0","8","1","5","50","14","7","1","5","4","5","7","1","1","5","5","4","2","13","19","3","10","1","1","B03","7","1","1","8","2","1","","19","19","1","21","8","B03","24.143864","120.709002","3"
"2019","7","22","20","12","臺中市","東區","0","0","0","8","","","40","","","","","","","","","","","","","","","23","","","","","B03","","","1","","2","","","23","23","1","5","","B03","24.149957","120.69196","3"
"2019","7","22","20","46","臺中市","中區","0","0","0","8","","","50","","","","","","","","","","","","","","","","","","","","B01","","","1","","2","","","23","","1","10","","B01","24.144422","120.677273","3"
"2019","7","22","20","46","臺中市","東區","0","2","0","8","3","5","50","14","9","1","5","4","5","7","4","4","5","5","5","2","11","42","2","9","1","1","C03","7","15","1","10","2","14","","42","42","1","21","8","C03","24.149931","120.693523","2"