"年","月","日","時","分","縣市","區","死","受傷","2-30","天候","光線","道路類別","速限","道路型態","事故位置","路面鋪裝","路面狀態","路面缺陷","障礙物","視距","號誌種類","號誌動作","分向設施","快車道或一般車道間","快慢車道間","路面邊線","事故類型及型態","主要肇因","受傷程度","主要傷處","保護裝備","行動電話","當事者區分_類別","車輛用途","當事者行動狀態","駕駛資格情形","駕駛執照種類","飲酒情形","車輛撞擊部位最初","車輛撞擊部位其他","肇事因素個別","肇事因素主要","肇事逃逸","職業","旅次目的","車種","GPS座標_緯度","GPS座標_經度","事故類別"
"2019","7","22","20","51","臺中市","南區","0","0","0","8","3","5","50","4","1","1","5","4","5","7","2","1","3","2","5","2","16","6","3","10","1","1","C03","7","6","1","10","2","12","","6","6","1","21","8","C03","24.131788","120.676703","3"
"2019","7","22","20","58","臺中市","北屯區","0","0","0","8","","","50","","","","","","","","","","","","","","","","","","","","B03","","","1","","2","","","23","","1","22","","B03","24.164946","120.6956","3"
"2019","7","22","21","12","臺中市","太平區","0","1","0","8","3","5","50","3","2","1","5","4","5","7","4","4","5","5","5","2","11","23","2","7","4","5","F03","7","9","8","20","2","16","","23","23","1","21","1","F03","24.141599","120.715259","2"
"2019","7","22","21","27","臺中市","南區","0","1","0","8","3","5","50","4","1","1","5","4","5","7","2","1","10","5","5","2","13","16","2","9","1","1","C03","7","9","1","10","2","11","","16","16","1","5","8","C03","24.11788","120.65281","2"
"2019","7","22","21","29","臺中市","外埔區","0","1","0","7","1","5","50","4","1","1","5","4","5","7","1","1","10","5","5","2","16","21","2","9","3","4","C03","7","9","1","10","8","11","","21","21","1","21","8","C03","24.343731","120.635495","2"
"2019","7","22","21","45","臺中市","北屯區","0","1","0","8","3","5","40","14","20","4","5","4","5","7","4","4","1","4","5","2","17","19","2","1","4","5","F01","7","1","8","20","2","16","","19","19","1","21","8","F01","24.171843","120.686953","2"
"2019","7","22","21","46","臺中市","北屯區","0","0","0","8","","","40","","","","","","","","","","","","","","","","","","","","B03","","","1","","2","","","12","","1","9","","B03","24.1895","120.6856","3"
"2019","7","22","22","30","臺中市","北區","0","0","0","8","","","50","","","","","","","","","","","","","","","","","","","","B03","","","1","","2","","","16","","1","","","B03","24.166842","120.673389","3"
"2019","7","22","22","37","臺中市","北區","0","0","0","8","","","40","","","","","","","","","","","","","","","","","","","","B03","","","1","","2","","","19","","1","22","","B03","24.163076","120.676993","3"
"2019","7","22","22","45","臺中市","沙鹿區","0","2","0","8","3","5","40","3","1","1","5","4","5","7","4","4","10","5","5","2","13","23","2","8","1","1","C03","7","9","1","10","2","11","","23","23","1","20","8","C03","24.244365","120.613845","2"
"2019","7","22","23","20","臺中市","豐原區","0","0","0","8","","","40","","","","","","","","","","","","","","","","","","","","B03","","","1","","2","","","17","","","12","","B03","24.249298","120.71391","3"
"2019","7","22","23","37","臺中市","潭子區","0","2","0","8","3","5","50","4","1","1","5","4","5","7","3","1","10","5","5","2","16","6","2","9","4","5","F01","7","5","8","20","6","16","","6","6","1","22","8","F01","24.211409","120.706956","2"
"2019","7","22","23","50","臺中市","新社區","0","1","0","8","3","5","50","14","9","1","5","4","5","7","4","4","8","5","5","1","18","43","2","9","1","1","C03","7","9","1","10","2","12","","43","43","1","22","9","C03","24.250535","120.808723","2"
"2019","7","22","23","59","臺中市","西屯區","0","0","0","8","","","50","","","","","","","","","","","","","","","","","","","","B03","","","1","","2","","","26","","1","22","","B03","24.167921","120.63815","3"
"2019","7","23","0","30","臺中市","南區","0","0","0","8","","","40","","","","","","","","","","","","","","","23","","","","","B03","","","1","","2","","","23","23","1","5","","B03","24.127343","120.660041","3"
"2019","7","23","0","55","臺中市","烏日區","0","0","0","8","","","50","","","","","","","","","","","","","","","","","","","","B12","","","1","","2","","","12","","1","21","","B12","24.108838","120.595673","4"
"2019","7","23","1","34","臺中市","北屯區","0","1","0","8","3","5","50","14","8","1","5","4","5","7","4","4","9","5","4","2","13","23","2","1","1","1","B03","7","9","1","8","2","5","","23","23","1","7","8","B03","24.1885","120.6609","2"
"2019","7","23","5","10","臺中市","北屯區","0","1","0","8","2","5","50","14","7","1","5","4","5","7","4","4","9","5","5","2","13","16","2","9","1","1","C03","7","9","1","10","2","11","","16","16","1","22","8","C03","24.195303","120.686422","2"
"2019","7","23","6","21","臺中市","南區","0","0","0","8","","","50","","","","","","","","","","","","","","","","3","","","","B03","","","1","","2","","","23","","1","21","","B03","24.126319","120.66832","3"
"2019","7","23","6","47","臺中市","西屯區","0","2","0","8","1","5","50","4","1","1","5","4","5","7","1","1","5","4","4","2","13","23","2","9","3","4","C03","7","9","1","10","2","11","","23","23","1","22","8","C03","24.17004","120.647926","2"
"2019","7","23","6","55","臺中市","神岡區","0","2","0","8","1","5","50","3","2","1","5","4","5","7","4","4","4","5","5","1","13","23","2","9","1","1","C03","7","9","1","10","2","11","","23","23","1","22","8","C03","24.242824","120.682075","2"
"2019","7","23","7","0","臺中市","北屯區","0","1","0","8","1","5","50","4","9","1","5","4","5","7","2","1","1","4","5","2","3","23","2","9","1","1","H01","8","16","8","20","10","15","","51","23","1","21","8","H01","24.182767","120.698294","2"
"2019","7","23","7","21","臺中市","東區","0","2","0","8","1","5","50","14","9","1","5","4","5","7","4","4","5","4","5","2","12","17","2","7","1","1","C03","7","4","1","10","2","12","","17","17","1","21","8","C03","24.147961","120.698364","2"
"2019","7","23","7","21","臺中市","南屯區","0","0","0","8","","","50","","","","","","","","","","","","","","","","","","","","B03","","","1","","2","","","23","","1","","","B03","24.139613","120.638691","3"
"2019","7","23","7","23","臺中市","東勢區","0","1","0","8","1","5","50","4","2","1","5","4","5","7","1","1","4","3","5","1","16","6","3","10","1","1","B12","7","6","1","8","2","2","","6","6","1","22","9","B12","24.251115","120.833638","2"
"2019","7","23","7","25","臺中市","清水區","0","0","0","8","2","5","40","3","1","1","1","4","5","7","3","1","10","5","5","2","14","12","3","10","1","1","B12","7","2","1","8","2","3","","12","12","1","5","5","B12","24.277512","120.576512","3"
"2019","7","23","7","29","臺中市","南屯區","0","1","0","8","1","5","40","4","1","1","5","4","5","7","1","1","10","5","5","2","13","23","2","4","1","4","C03","7","9","1","10","2","11","","23","23","1","22","8","C03","24.140691","120.625926","2"
"2019","7","23","7","30","臺中市","西屯區","","","","8","1","5","50","14","7","1","5","4","5","7","4","4","9","4","4","2","12","","","","","","B03","","","1","","2","","","43","","1","","","B03","24.174885","120.614705","3"
"2019","7","23","7","32","臺中市","北區","0","0","0","8","","","50","","","","","","","","","","","","","","","","3","","","","B03","","","1","","2","","","16","","","22","","B03","24.162852","120.667939","3"
"2019","7","23","7","35","臺中市","北區","0","0","0","8","","","50","","","","","","","","","","","","","","","23","","","","","B03","","","1","8","2","","","23","23","1","","","B03","24.162962","120.670569","3"
"2019","7","23","7","35","臺中市","西屯區","0","1","0","8","1","5","50","14","9","1","5","4","5","7","4","4","5","4","5","2","3","23","3","10","3","4","A12","7","9","1","8","2","2","","23","23","1","22","9","A12","24.180494","120.621923","2"
"2019","7","23","7","40","臺中市","神岡區","0","0","0","8","","","60","","","","","","","","","","","","","","","","","","","","A11","","","1","","2","","","12","","1","","","A11","24.244015","120.679167","4"
"2019","7","23","7","41","臺中市","潭子區","0","1","0","8","1","5","40","3","2","1","5","4","5","7","4","4","10","5","5","2","16","23","3","10","1","1","B03","7","5","1","8","2","4","","44","23","1","22","8","B03","24.211278","120.699265","2"
"2019","7","23","7","44","臺中市","南屯區","0","2","0","8","1","5","40","3","1","1","5","4","5","7","4","4","5","5","4","2","16","19","3","10","1","1","C03","7","1","1","10","2","11","14","19","19","1","20","8","C03","24.143088","120.637658","2"
"2019","7","23","7","45","臺中市","太平區","0","1","0","8","1","5","50","14","9","1","5","4","5","7","4","4","5","5","5","2","16","26","3","10","1","1","B03","7","11","1","8","2","7","","26","26","1","4","1","B03","24.14633","120.723651","2"
"2019","7","23","7","45","臺中市","后里區","0","1","0","8","1","5","60","14","7","1","5","4","5","7","4","4","1","4","4","1","17","7","2","9","1","4","C03","7","7","1","10","2","11","","7","7","1","22","8","C03","24.307406","120.721911","2"
"2019","7","23","7","45","臺中市","神岡區","0","0","0","8","","","50","","","","","","","","","","","","","","","","","","","","A11","","","1","","2","","","12","","1","21","","A11","24.272252","120.699336","3"
"2019","7","23","7","50","臺中市","大甲區","0","0","0","8","","","50","","","","","","","","","","","","","","","6","","","","","B03","","","1","","2","","","6","6","1","21","","B03","24.349536","120.619453","3"
"2019","7","23","7","55","臺中市","太平區","0","1","0","8","1","5","50","3","1","1","5","4","5","7","4","4","10","5","5","2","16","26","2","9","4","5","F03","7","5","8","20","2","16","","26","26","1","5","5","F03","24.138198","120.716848","2"
"2019","7","23","8","0","臺中市","東區","0","0","0","","","","","","","","","","","","","","","","","","","","","","","","C03","","","1","","2","","","23","","1","21","","C03","24.129673","120.706275","3"
"2019","7","23","8","0","臺中市","太平區","0","2","0","8","1","5","50","3","1","1","5","4","5","7","4","4","10","5","5","2","16","6","2","7","4","5","F03","7","5","8","20","2","16","","6","6","1","5","5","F03","24.124927","120.719185","2"
"2019","7","23","8","0","臺中市","梧棲區","0","1","0","8","1","5","50","4","2","1","5","4","5","7","1","1","10","5","5","2","16","23","3","10","1","1","B12","7","5","1","8","2","8","","23","23","1","2","8","B12","24.241117","120.542294","2"
"2019","7","23","8","2","臺中市","沙鹿區","0","1","0","8","1","5","50","4","1","1","5","4","5","7","1","1","10","5","5","2","16","8","3","10","1","1","C03","7","5","1","10","2","12","","8","8","1","19","5","C03","24.239443","120.559736","2"
"2019","7","23","8","4","臺中市","東區","0","1","0","8","1","5","50","4","1","1","5","4","5","7","1","1","10","5","5","2","17","26","2","9","1","1","C03","7","5","1","10","2","13","","26","26","1","21","8","C03","24.132864","120.700316","2"
"2019","7","23","8","5","臺中市","太平區","0","1","0","8","1","5","50","3","1","1","5","4","5","7","1","1","10","5","5","2","16","23","2","8","1","1","C03","7","9","1","10","2","11","","23","23","1","4","1","C03","24.110432","120.712488","2"
"2019","7","23","8","11","臺中市","西屯區","0","2","0","8","1","5","50","14","9","1","5","4","5","7","4","4","5","5","5","2","16","19","2","9","1","1","C03","7","1","1","10","2","14","","19","19","1","22","8","C03","24.167052","120.650376","2"
"2019","7","23","8","19","臺中市","梧棲區","0","1","0","8","1","5","70","3","1","1","5","4","5","7","2","1","10","5","5","2","16","9","3","10","1","1","B03","7","6","1","8","2","6","","9","9","1","12","1","B03","24.24592","120.547844","2"
"2019","7","23","8","21","臺中市","南屯區","0","0","0","8","","","50","","","","","","","","","","","","","","","","","","","","B12","","","1","","2","","","26","","1","22","","B12","24.144953","120.631048","3"
"2019","7","23","8","25","臺中市","潭子區","0","2","0","8","1","5","60","14","8","1","5","4","5","7","4","4","1","4","4","1","16","16","2","7","1","1","C03","7","9","1","10","2","11","","16","16","1","22","8","C03","24.213041","120.687356","2"
"2019","7","23","8","25","臺中市","潭子區","0","1","0","8","1","5","50","4","1","1","5","4","5","7","2","1","10","5","5","2","16","25","3","10","1","1","B03","7","9","1","8","2","1","","25","25","1","22","8","B03","24.215619","120.70463","2"
"2019","7","23","8","25","臺中市","神岡區","0","0","0","","","","","","","","","","","","","","","","","","","","","","","","C03","","","1","","2","","","23","","1","21","","C03","24.252044","120.695788","3"
"2019","7","23","8","29","臺中市","太平區","0","1","0","8","1","5","50","3","2","1","5","4","5","7","4","4","5","5","5","1","16","23","2","8","1","1","C03","7","9","1","10","2","14","","23","23","1","4","1","C03","24.111627","120.707873","2"
"2019","7","23","8","33","臺中市","大雅區","0","0","0","8","","","50","","","","","","","","","","","","","","","","","","","","B03","","","1","","2","","","23","","1","22","","B03","24.21395","120.64749","3"
"2019","7","23","8","34","臺中市","后里區","0","1","0","8","1","5","60","4","1","1","5","4","5","7","1","1","10","5","5","2","16","6","3","10","1","4","B03","7","5","1","8","2","1","","6","6","1","22","8","B03","24.324078","120.72348","2"
"2019","7","23","8","37","臺中市","南屯區","0","0","0","8","","","50","","","","","","","","","","","","","","","","","","","","B03","","","1","","2","","","12","","1","22","","B03","24.141606","120.637161","3"
"2019","7","23","8","46","臺中市","東區","0","2","0","8","1","5","50","4","1","1","5","4","5","7","2","1","10","5","5","2","16","23","2","9","3","4","C03","7","5","1","10","2","13","","23","23","1","5","8","C03","24.138733","120.692498","2"
"2019","7","23","8","49","臺中市","北區","0","0","0","","","","","","","","","","","","","","","","","","","","","","","","B03","","","1","","2","","","9","","1","21","","B03","24.144386","120.672541","3"
"2019","7","23","8","49","臺中市","沙鹿區","0","2","0","8","1","5","50","5","1","1","5","4","5","7","2","1","10","5","5","2","16","25","2","9","1","1","C03","7","9","1","10","2","12","","25","25","1","20","9","C03","24.238074","120.568175","2"
"2019","7","23","8","50","臺中市","南屯區","0","0","0","8","1","5","50","4","1","1","5","4","5","7","4","4","10","5","5","2","14","12","3","10","1","1","B12","7","2","1","8","2","7","7","12","12","1","3","4","B12","24.150329","120.611781","3"
"2019","7","23","8","50","臺中市","烏日區","0","2","0","8","1","5","50","4","2","1","5","4","5","7","4","4","1","4","5","2","17","42","2","9","1","1","C03","7","15","3","18","2","14","","42","42","1","21","8","C03","24.110658","120.595617","2"
"2019","7","23","8","54","臺中市","大雅區","0","0","0","8","","","50","","","","","","","","","","","","","","","","","","","","B03","","","1","","2","","","16","","1","","","B03","24.219839","120.66863","3"
"2019","7","23","8","55","臺中市","沙鹿區","0","0","0","8","","","50","","","","","","","","","","","","","","","12","","","","","C03","","","1","","2","","","44","12","1","","","C03","24.241966","120.563979","3"
"2019","7","23","9","0","臺中市","北區","0","1","0","8","1","5","50","4","1","1","5","4","5","7","1","1","10","5","5","2","16","7","2","9","1","1","C03","7","10","1","10","2","12","","7","7","1","22","8","C03","24.152752","120.68134","2"
"2019","7","23","9","0","臺中市","太平區","0","0","0","8","","","40","","","","","","","","","","","","","","","","","","","","B03","","","1","","2","","","12","","1","","","B03","24.148888","120.736388","3"
"2019","7","23","9","4","臺中市","南區","0","4","0","8","1","5","50","4","1","1","5","4","5","7","1","1","10","5","5","2","17","25","2","9","1","1","C03","7","15","1","10","2","14","","25","25","1","21","8","C03","24.119765","120.648666","2"
"2019","7","23","9","5","臺中市","后里區","0","1","0","8","1","5","50","4","2","1","5","4","5","7","3","1","10","5","5","2","16","23","3","10","1","1","B03","7","9","1","8","2","5","","23","23","1","22","8","B03","24.30101","120.712635","2"
"2019","7","23","9","6","臺中市","西屯區","0","2","0","8","1","5","50","3","2","1","5","4","5","7","1","1","5","5","5","2","13","23","2","9","3","4","C03","7","14","6","10","11","11","","23","23","2","22","9","C03","24.17335","120.663894","2"
"2019","7","23","9","8","臺中市","東區","0","0","0","8","1","5","40","14","7","1","5","4","5","7","4","4","5","5","4","2","16","6","3","10","1","1","C03","7","7","3","18","2","14","","6","6","1","21","8","C03","24.144799","120.699649","3"
"2019","7","23","9","8","臺中市","太平區","0","1","0","8","1","5","50","14","9","1","5","4","5","7","4","4","5","5","5","2","16","26","2","9","1","1","C03","7","5","1","10","2","11","","26","26","1","5","5","C03","24.105772","120.723872","2"
"2019","7","23","9","11","臺中市","東區","0","2","0","8","1","5","50","4","1","1","5","4","5","7","1","1","5","5","4","2","15","25","3","10","1","1","B03","7","9","1","8","2","5","","25","25","1","21","8","B03","24.130648","120.704804","2"
"2019","7","23","9","15","臺中市","烏日區","0","0","0","8","","","50","","","","","","","","","","","","","","","","","","","","B12","","","1","","2","","","23","","1","","","B12","24.106282","120.634357","3"
"2019","7","23","9","15","臺中市","沙鹿區","0","0","0","8","","","60","","","","","","","","","","","","","","","26","","","","","B03","","","1","","2","","","26","26","","","","B03","24.250084","120.579214","3"
"2019","7","23","9","36","臺中市","南區","0","1","0","8","1","5","50","13","22","1","5","4","5","7","4","4","10","5","5","2","17","12","3","10","1","1","B03","7","2","1","8","2","7","","12","12","1","21","8","B03","24.125604","120.677463","2"
"2019","7","23","9","38","臺中市","南屯區","0","1","0","8","1","5","50","3","1","1","5","4","5","7","1","1","10","5","5","2","16","6","3","10","1","4","B03","7","5","1","8","2","2","","6","6","1","22","8","B03","24.140114","120.622268","2"
"2019","7","23","9","41","臺中市","北屯區","0","0","0","8","","","50","","","","","","","","","","","","","","","","","","","","B03","","","1","","2","","","23","","1","21","","B03","24.201293","120.665515","3"
"2019","7","23","9","42","臺中市","北區","0","0","0","8","","","50","","","","","","","","","","","","","","","26","","","","","B03","","","1","8","2","","","26","26","1","","","B03","24.160197","120.688884","3"
"2019","7","23","9","42","臺中市","南區","0","2","0","8","1","5","50","3","1","1","5","4","5","7","2","1","10","5","5","2","16","1","2","5","3","4","C03","7","6","1","10","2","13","","1","1","1","5","8","C03","24.122335","120.679541","2"
"2019","7","23","9","44","臺中市","東勢區","0","3","0","8","1","5","50","3","2","1","5","4","5","7","4","4","4","3","5","1","16","23","2","9","1","1","C03","7","5","1","10","2","11","","23","23","1","22","9","C03","24.284788","120.762615","2"
"2019","7","23","9","50","臺中市","清水區","0","0","0","8","1","5","40","3","1","1","5","4","5","7","4","4","10","5","5","2","16","6","3","10","1","1","B03","7","5","1","8","2","1","5","6","6","1","5","5","B03","24.272154","120.554346","3"
"2019","7","23","9","54","臺中市","北區","0","1","0","8","1","5","40","4","1","1","5","4","5","7","4","4","10","5","5","2","15","6","2","7","1","1","C03","7","9","1","10","2","11","","6","6","1","21","8","C03","24.161627","120.681726","2"
"2019","7","23","10","0","臺中市","沙鹿區","0","0","0","8","","","50","","","","","","","","","","","","","","","","","","","","A12","","","1","","2","","","45","","1","10","","A12","24.201809","120.56944","3"
"2019","7","23","10","0","臺中市","清水區","0","0","0","8","1","5","80","","","","","","","","","","","","","","","23","","","","","A12","","","1","","2","","","23","23","1","21","","A12","24.31658","120.563811","3"
"2019","7","23","10","1","臺中市","北屯區","0","0","0","8","","","50","","","","","","","","","","","","","","","23","","","","","C03","","","1","","2","","","23","23","1","22","","C03","24.180905","120.682738","3"
"2019","7","23","10","4","臺中市","北區","0","1","0","8","1","5","40","4","1","1","5","4","5","7","4","4","10","5","5","2","16","6","3","10","1","1","B12","7","5","1","8","3","1","","6","6","1","22","9","B12","24.160382","120.669925","2"
"2019","7","23","10","13","臺中市","沙鹿區","0","0","0","8","","","40","","","","","","","","","","","","","","","","","","","","B03","","","1","","2","","","12","","1","","","B03","24.24372","120.570353","3"
"2019","7","23","10","15","臺中市","北屯區","0","1","0","8","1","5","50","4","1","1","5","4","5","7","4","4","10","5","5","2","16","6","3","10","1","1","B03","7","6","1","8","2","8","","6","6","1","5","8","B03","24.172963","120.694403","2"
"2019","7","23","10","18","臺中市","梧棲區","0","0","0","8","","","70","","","","","","","","","","","","","","","","","","","","B12","","","1","","2","","","17","","1","5","","B12","24.240697","120.550464","3"
"2019","7","23","10","25","臺中市","大安區","0","0","0","8","","","60","","","","","","","","","","","","","","","","","","","","B03","","","1","","2","","","19","","1","20","","B03","24.377698","120.590996","3"
"2019","7","23","10","30","臺中市","東區","0","0","0","","","","","","","","","","","","","","","","","","","","","","","","B03","","","1","","2","","","42","","1","21","","B03","24.136","120.68656","3"
"2019","7","23","10","33","臺中市","沙鹿區","0","0","0","8","","","50","","","","","","","","","","","","","","","","","","","","B03","","","1","","2","","","7","","2","3","","B03","24.241793","120.564411","3"
"2019","7","23","10","35","臺中市","潭子區","0","0","0","8","","","50","","","","","","","","","","","","","","","","","","","","B03","","","1","","2","","","17","","","21","","B03","24.214486","120.678061","3"
"2019","7","23","10","41","臺中市","西區","0","0","0","8","","","50","","","","","","","","","","","","","","","","","","","","B12","","","1","","2","","","12","","1","","","B12","24.138107","120.679343","4"
"2019","7","23","10","42","臺中市","中區","0","0","0","8","","","50","","","","","","","","","","","","","","","","","","","","B03","","","1","","2","","","26","","1","21","","B03","24.143256","120.678612","3"
"2019","7","23","10","43","臺中市","西屯區","0","0","0","8","","","40","","","","","","","","","","","","","","","","","","","","B03","","","1","","2","","","23","","1","22","","B03","24.171879","120.650126","3"
"2019","7","23","10","52","臺中市","清水區","0","0","0","8","","","50","","","","","","","","","","","","","","","6","","","","","B03","","","1","","2","","","6","6","1","21","","B03","24.26582","120.571073","3"
"2019","7","23","10","53","臺中市","西屯區","","","","8","","","40","","","","","","","","","","","","","","","","","","","","C03","","","1","","2","","","16","","1","","","C03","24.16192","120.651966","3"
"2019","7","23","10","55","臺中市","霧峰區","0","0","0","8","1","5","70","3","9","1","5","4","5","7","1","1","1","4","5","1","13","16","3","10","1","1","B03","7","1","1","1","2","1","","16","16","1","5","8","B03","24.051985","120.695025","3"
"2019","7","23","11","14","臺中市","南屯區","0","0","0","8","","","50","","","","","","","","","","","","","","","","","","","","B03","","","1","","9","","","25","","2","","","B03","24.149704","120.623205","3"
"2019","7","23","11","16","臺中市","北屯區","0","0","0","8","","","50","","","","","","","","","","","","","","","1","","","","","B03","","","1","","2","","","44","1","1","22","","B03","24.194663","120.667011","3"
"2019","7","23","11","19","臺中市","太平區","0","1","0","8","1","5","50","4","1","1","5","4","5","7","3","1","10","5","5","2","17","23","2","9","1","1","C03","7","9","1","10","2","11","","23","23","1","21","8","C03","24.130665","120.72408","2"
"2019","7","23","11","23","臺中市","太平區","0","1","0","8","1","5","50","4","1","1","5","4","5","7","1","1","10","5","5","2","16","23","3","10","1","1","B03","7","5","1","8","2","8","","23","23","1","4","5","B03","24.15712","120.715301","2"
"2019","7","23","11","30","臺中市","清水區","0","1","0","8","1","5","50","4","1","1","5","4","5","7","1","1","5","5","5","1","15","25","3","10","1","1","A02","7","9","1","2","2","4","","25","25","1","10","8","A02","24.269263","120.574586","2"
"2019","7","23","11","40","臺中市","北區","0","2","0","8","1","5","50","4","1","1","5","4","5","7","4","4","10","5","5","2","15","6","2","9","1","1","C03","7","9","4","8","2","11","12","6","6","1","22","9","C03","24.162073","120.681743","2"
"2019","7","23","11","42","臺中市","東勢區","0","2","0","8","1","5","50","14","9","1","5","4","5","7","4","4","8","3","5","1","12","40","3","10","1","1","B03","7","13","1","8","2","4","","40","40","1","22","9","B03","24.251674","120.83062","2"
"2019","7","23","11","49","臺中市","東區","0","0","0","","","","","","","","","","","","","","","","","","","","","","","","C03","","","1","","11","","","23","","1","21","","C03","24.14337","120.699734","3"
"2019","7","23","11","49","臺中市","大甲區","0","1","0","8","1","5","50","4","1","1","5","4","5","7","1","1","10","5","5","2","16","23","3","10","1","1","C03","7","9","6","18","3","12","","23","23","2","9","8","C03","24.350589","120.62064","2"
"2019","7","23","11","50","臺中市","北屯區","0","0","0","8","","","50","","","","","","","","","","","","","","","","","","","","C03","","","1","","2","","","23","","1","22","","C03","24.16785","120.705511","3"
"2019","7","23","11","52","臺中市","南屯區","0","2","0","8","1","5","40","3","1","1","5","4","5","7","4","4","10","5","5","2","16","6","2","9","1","4","C03","7","6","1","10","2","12","","6","6","1","22","8","C03","24.144135","120.62342","2"
"2019","7","23","12","1","臺中市","中區","0","0","0","8","","","50","","","","","","","","","","","","","","","","","","","","B03","","","1","","2","","","10","","1","20","","B03","24.141513","120.6814","3"
"2019","7","23","12","5","臺中市","龍井區","0","2","0","8","1","5","50","4","1","1","5","4","5","7","4","4","10","5","5","2","15","6","2","9","3","4","C03","7","9","1","10","2","11","","6","6","1","8","9","C03","24.212703","120.526438","2"
"2019","7","23","12","7","臺中市","潭子區","0","2","0","8","1","5","50","4","1","1","5","4","5","7","1","1","10","5","5","1","16","6","2","8","1","1","C03","7","5","1","10","2","12","","6","6","1","21","8","C03","24.214354","120.678051","2"
"2019","7","23","12","10","臺中市","烏日區","0","0","0","8","","","40","","","","","","","","","","","","","","","","","","","","B12","","","1","","2","","","6","","1","22","","B12","24.057839","120.657856","3"
"2019","7","23","12","12","臺中市","西屯區","0","2","0","8","1","5","40","14","9","1","5","4","5","7","4","4","10","5","5","2","12","8","2","9","3","4","C03","7","5","1","10","2","14","","8","8","1","22","9","C03","24.176666","120.646853","2"
"2019","7","23","12","13","臺中市","北區","0","0","0","8","","","50","","","","","","","","","","","","","","","","3","","","","B03","","","1","","2","","","23","","1","22","","B03","24.155282","120.698888","3"
"2019","7","23","12","14","臺中市","中區","0","0","0","8","","","50","","","","","","","","","","","","","","","19","","","","","B03","","","1","","2","","","44","19","1","21","","B03","24.140208","120.682214","3"
"2019","7","23","12","20","臺中市","北區","0","0","0","8","","","50","","","","","","","","","","","","","","","23","","","","","B03","","","1","8","2","","","23","23","1","","","B03","24.162565","120.679967","3"
"2019","7","23","12","21","臺中市","南區","0","2","0","8","1","5","50","4","1","1","5","4","5","7","1","1","10","5","5","2","15","25","2","9","1","1","C03","7","9","2","18","2","11","","25","25","1","21","8","C03","24.133548","120.657333","2"
"2019","7","23","12","25","臺中市","太平區","0","0","0","8","","","40","","","","","","","","","","","","","","","","","","","","B03","","","1","","2","","","12","","1","","","B03","24.153888","120.706666","3"
"2019","7","23","12","40","臺中市","北區","0","0","0","8","","","50","","","","","","","","","","","","","","","","","","","","C03","","","1","","2","","","9","","1","21","","C03","24.14982","120.684188","3"
"2019","7","23","12","42","臺中市","西屯區","0","0","0","8","","","40","","","","","","","","","","","","","","","","","","","","B03","","","1","","2","","","17","","1","22","","B03","24.180485","120.646105","3"
"2019","7","23","12","48","臺中市","梧棲區","0","2","0","8","1","5","60","4","1","1","5","4","5","7","1","1","10","5","5","2","16","25","2","7","1","1","B03","7","5","1","8","2","5","","25","25","1","19","8","B03","24.260995","120.541111","2"
"2019","7","23","12","51","臺中市","西屯區","","","","8","","","50","","","","","","","","","","","","","","","","","","","","B03","","","1","","2","","","12","","1","22","","B03","24.184383","120.644838","3"
"2019","7","23","12","51","臺中市","西屯區","0","0","0","8","1","5","50","4","1","1","5","4","5","7","1","1","10","5","5","2","16","9","3","10","3","4","B11","7","6","1","8","2","5","","9","9","2","22","9","B11","24.160311","120.648241","3"
"2019","7","23","12","52","臺中市","東區","0","0","0","8","1","5","50","4","1","1","5","4","5","7","2","1","1","2","4","2","16","6","3","10","1","1","B12","7","5","1","8","2","5","","6","6","1","21","8","B12","24.14449","120.711866","3"
"2019","7","23","12","55","臺中市","太平區","0","1","0","8","1","5","40","4","1","1","5","4","5","7","1","1","10","5","5","2","16","8","3","10","2","1","F03","7","5","8","20","2","16","","8","8","1","5","8","F03","24.119444","120.715555","2"
"2019","7","23","12","55","臺中市","神岡區","0","0","0","8","","","40","","","","","","","","","","","","","","","","","","","","B03","","","1","","2","","","12","","1","","","B03","24.273558","120.70244","3"
"2019","7","23","13","5","臺中市","北屯區","0","1","0","8","1","5","50","3","2","1","5","4","5","7","1","1","5","4","5","2","17","26","3","10","3","4","B03","7","11","1","8","2","4","","26","26","1","21","8","B03","24.170215","120.699263","2"
"2019","7","23","13","5","臺中市","太平區","0","0","0","8","","","50","","","","","","","","","","","","","","","","","","","","B03","","","1","","2","","","42","","1","19","","B03","24.153282","120.711482","3"
"2019","7","23","13","20","臺中市","南區","0","1","0","8","1","5","50","4","1","1","5","4","5","7","1","1","10","5","5","2","16","10","3","10","3","4","B03","7","11","1","2","2","2","","10","10","1","5","8","B03","24.12412","120.666861","2"
"2019","7","23","13","30","臺中市","清水區","0","0","0","8","1","8","80","","","","","","","","","","","","","","","43","","","","","A11","","","1","","9","","","43","43","1","21","","A11","24.265026","120.542773","3"
"2019","7","23","13","33","臺中市","南屯區","0","1","0","8","1","5","50","14","9","1","5","4","5","7","4","4","1","2","5","2","18","42","2","9","1","1","C03","7","9","1","10","2","14","","42","42","1","5","8","C03","24.155034","120.646771","2"