"年","月","日","時","分","縣市","區","死","受傷","2-30","天候","光線","道路類別","速限","道路型態","事故位置","路面鋪裝","路面狀態","路面缺陷","障礙物","視距","號誌種類","號誌動作","分向設施","快車道或一般車道間","快慢車道間","路面邊線","事故類型及型態","主要肇因","受傷程度","主要傷處","保護裝備","行動電話","當事者區分_類別","車輛用途","當事者行動狀態","駕駛資格情形","駕駛執照種類","飲酒情形","車輛撞擊部位最初","車輛撞擊部位其他","肇事因素個別","肇事因素主要","肇事逃逸","職業","旅次目的","車種","GPS座標_緯度","GPS座標_經度","事故類別"
"2019","7","24","17","6","臺中市","西屯區","0","0","0","8","","","50","","","","","","","","","","","","","","","","","","","","B03","","","1","","2","","","7","","1","22","","B03","24.177891","120.626581","3"
"2019","7","24","17","10","臺中市","大肚區","0","0","0","","","","","","","","","","","","","","","","","","","","","","","","B12","","","1","","2","","","6","","1","22","","B12","24.124449","120.572849","3"
"2019","7","24","17","12","臺中市","北屯區","0","1","0","8","1","5","40","14","8","1","5","4","5","7","4","4","1","1","2","2","29","23","2","1","4","5","F01","7","9","8","20","2","16","","23","23","1","21","8","F01","24.16498","120.698393","2"
"2019","7","24","17","20","臺中市","大雅區","0","1","0","8","2","5","40","4","1","1","5","4","5","7","4","4","10","5","5","2","15","6","2","9","1","1","C03","7","9","1","10","2","11","","6","6","1","22","9","C03","24.238086","120.666204","2"
"2019","7","24","17","23","臺中市","石岡區","0","1","0","8","1","5","50","14","13","1","5","4","5","7","4","4","9","5","5","1","16","23","2","9","1","1","C03","7","9","1","10","2","11","","23","23","1","9","8","C03","24.278299","120.770374","2"
"2019","7","24","17","23","臺中市","潭子區","0","0","0","8","","","40","","","","","","","","","","","","","","","","","","","","G03","","","1","","2","","","12","","1","22","","G03","24.197853","120.707663","3"
"2019","7","24","17","25","臺中市","西區","0","2","0","8","1","5","50","5","1","1","5","4","5","7","1","1","5","5","5","1","16","26","2","9","1","1","C03","7","5","1","10","2","11","","26","26","1","21","8","C03","24.152237","120.671361","2"
"2019","7","24","17","25","臺中市","北區","0","1","0","8","1","5","50","14","9","1","5","4","5","7","4","4","5","5","5","2","17","26","3","10","1","1","B03","7","11","1","8","2","8","","26","26","1","22","9","B03","24.167137","120.669437","2"
"2019","7","24","17","26","臺中市","太平區","0","1","0","8","1","5","50","14","9","1","5","4","5","7","4","4","4","4","5","1","16","26","3","10","1","1","C03","7","9","3","18","2","12","","26","26","1","9","1","C03","24.148311","120.715859","2"
"2019","7","24","17","33","臺中市","太平區","0","0","0","8","","","50","","","","","","","","","","","","","","","","","","","","B03","","","1","","2","","","23","","1","","","B03","24.133946","120.724819","3"
"2019","7","24","17","35","臺中市","梧棲區","0","0","0","8","","","50","","","","","","","","","","","","","","","","","","","","B03","","","1","","2","","","23","","2","3","","B03","24.259073","120.530605","3"
"2019","7","24","17","36","臺中市","西屯區","0","1","0","8","1","5","40","14","9","1","5","4","5","7","4","4","5","5","5","2","17","10","3","10","3","4","F01","7","11","8","20","2","16","","10","10","1","22","8","F01","24.165138","120.63583","2"
"2019","7","24","17","37","臺中市","大雅區","0","2","0","8","1","5","50","3","1","1","5","4","5","7","1","1","10","5","5","2","16","25","2","9","1","1","C03","7","9","1","10","2","11","","25","25","1","22","9","C03","24.229183","120.642364","2"
"2019","7","24","17","39","臺中市","北區","0","0","0","8","","","50","","","","","","","","","","","","","","","","","","","","","","","8","","10","","","67","","1","","","","24.151254","120.677303","3"
"2019","7","24","17","40","臺中市","西區","0","2","0","8","1","5","50","4","1","1","5","4","5","7","2","1","10","5","5","2","16","6","2","9","1","1","C03","7","5","1","10","2","11","","6","6","1","20","8","C03","24.156614","120.656809","2"
"2019","7","24","17","40","臺中市","霧峰區","0","0","0","8","","","40","","","","","","","","","","","","","","","","","","","","B01","","","1","","2","","","6","","1","10","","B01","24.058728","120.662896","3"
"2019","7","24","17","40","臺中市","大雅區","0","1","0","8","1","5","40","4","1","1","5","4","5","7","4","4","5","5","5","1","16","6","3","10","1","1","B03","7","5","3","18","2","4","","6","6","1","21","8","B03","24.236178","120.645209","2"
"2019","7","24","17","49","臺中市","龍井區","0","2","0","8","1","5","40","13","9","1","5","4","5","7","4","4","10","5","5","1","12","23","2","9","1","1","C03","7","5","1","9","2","13","","43","23","1","12","8","C03","24.216965","120.532016","2"
"2019","7","24","17","53","臺中市","北區","0","1","0","7","3","5","50","4","1","1","5","4","5","7","1","1","10","5","5","2","12","17","2","9","1","1","C03","7","9","1","10","2","12","","17","17","1","5","8","C03","24.162185","120.664146","2"
"2019","7","24","17","54","臺中市","北區","0","1","0","8","1","5","50","4","2","1","5","4","5","7","2","1","10","5","5","2","16","6","3","10","1","1","B03","7","6","1","8","2","5","","6","6","1","22","8","B03","24.1592","120.6758","2"
"2019","7","24","17","54","臺中市","潭子區","0","0","0","8","","","40","","","","","","","","","","","","","","","","","","","","B12","","","1","","2","","","5","","1","22","","B12","24.226734","120.708915","3"
"2019","7","24","17","55","臺中市","沙鹿區","0","0","0","8","","","50","","","","","","","","","","","","","","","","","","","","B03","","","1","","2","","","23","","1","","","B03","24.227039","120.575813","4"
"2019","7","24","17","56","臺中市","西屯區","0","0","0","8","1","5","50","3","2","1","5","4","5","7","4","4","8","3","1","1","13","","","","","","B03","","","1","","2","","","23","","1","22","","B03","24.181645","120.619206","3"
"2019","7","24","18","0","臺中市","清水區","0","0","0","8","1","5","60","4","1","1","5","4","5","7","1","1","10","5","5","2","13","16","3","10","1","1","B03","7","5","1","8","2","1","","16","16","1","5","5","B03","24.267783","120.544771","3"
"2019","7","24","18","0","臺中市","清水區","0","0","0","","","","50","","","","","","","","","","","","","","","10","","","","","B03","","","1","","2","","","10","10","1","5","","B03","24.275416","120.57746","3"
"2019","7","24","18","2","臺中市","西屯區","0","1","0","8","1","5","40","4","1","1","5","4","5","7","4","4","10","5","5","2","29","67","","","","","","","","","","","","","67","67","1","","","","24.176039","120.64812","2"
"2019","7","24","18","4","臺中市","西屯區","0","0","0","8","","","25","","","","","","","","","","","","","","","","","","","","B12","","","1","","2","","","16","","1","","","B12","24.201419","120.64441","3"
"2019","7","24","18","8","臺中市","大里區","0","0","0","8","","","50","","","","","","","","","","","","","","","","","","","","B03","","","1","","2","","","12","","1","21","","B03","24.109678","120.691863","3"
"2019","7","24","18","20","臺中市","清水區","0","0","0","","","","40","","","","","","","","","","","","","","","12","","","","","B02","","","1","","2","","","12","12","1","5","","B02","24.275416","120.57746","3"
"2019","7","24","18","25","臺中市","西屯區","0","1","0","8","1","5","40","14","8","1","5","4","5","7","4","4","5","4","4","2","16","9","2","8","1","1","C03","7","6","1","10","2","12","","9","9","1","22","8","C03","24.158348","120.657421","2"
"2019","7","24","18","28","臺中市","大雅區","0","0","0","8","","","40","","","","","","","","","","","","","","","","","","","","B03","","","1","","2","","","23","","1","","","B03","24.226293","120.662618","3"
"2019","7","24","18","29","臺中市","北區","0","0","0","8","","","50","","","","","","","","","","","","","","","","","","","","B03","","","1","","2","","","19","","1","22","","B03","24.155753","120.676959","3"
"2019","7","24","18","33","臺中市","北屯區","0","0","0","8","","","50","","","","","","","","","","","","","","","","","","","","A11","","","1","","2","","","6","","1","","","A11","24.192588","120.705811","3"
"2019","7","24","18","35","臺中市","北區","0","0","0","8","","","50","","","","","","","","","","","","","","","","","","","","B12","","","1","","2","","","23","","1","","","B12","24.146732","120.674652","3"
"2019","7","24","18","37","臺中市","北屯區","0","0","0","8","","","50","","","","","","","","","","","","","","","","","","","","B03","","","1","","2","","","23","","1","","","B03","24.17727","120.66946","3"
"2019","7","24","18","38","臺中市","神岡區","0","0","0","8","","","50","","","","","","","","","","","","","","","","","","","","B03","","","1","","2","","","7","","1","22","","B03","24.248259","120.692222","3"
"2019","7","24","18","40","臺中市","霧峰區","0","0","0","8","","","50","","","","","","","","","","","","","","","","","","","","B03","","","1","","2","","","18","","1","4","","B03","24.065047","120.680011","3"
"2019","7","24","18","53","臺中市","南屯區","0","1","0","8","3","5","40","14","8","1","5","4","5","7","4","4","1","4","1","2","12","7","3","10","3","4","B03","7","7","1","8","2","8","","7","7","1","22","9","B03","24.152121","120.62347","2"
"2019","7","24","19","16","臺中市","沙鹿區","0","1","0","8","3","5","40","3","2","1","5","4","5","7","4","4","1","4","4","2","14","12","3","10","1","1","B03","7","2","1","8","2","7","","12","12","1","21","8","B03","24.249862","120.5809","2"
"2019","7","24","19","19","臺中市","西區","0","0","0","8","","","50","","","","","","","","","","","","","","","","3","","","","B03","","","1","","2","","","43","","","21","","B03","24.144783","120.664291","3"
"2019","7","24","19","24","臺中市","西區","0","1","0","8","3","5","50","4","1","1","5","4","5","7","4","4","5","4","4","1","16","6","2","9","1","1","C03","7","9","1","10","2","12","","6","6","1","21","8","C03","24.142851","120.6679","2"
"2019","7","24","19","25","臺中市","大肚區","0","2","0","8","3","5","50","4","1","1","5","4","5","7","1","1","10","5","5","2","16","6","3","10","1","1","B03","7","5","1","8","2","5","","6","6","1","21","8","B03","24.169415","120.530995","2"
"2019","7","24","19","36","臺中市","南屯區","0","0","0","8","","","80","","","","","","","","","","","","","","","","","","","","B03","","","1","","2","","","7","","1","","","B03","24.12941","120.619866","3"
"2019","7","24","19","40","臺中市","西屯區","0","1","0","8","3","5","40","14","9","1","5","4","5","7","4","4","1","4","5","2","16","7","3","10","3","4","B03","7","9","1","8","2","5","","23","7","1","22","8","B03","24.165693","120.651603","2"
"2019","7","24","19","42","臺中市","大雅區","0","1","0","8","3","5","40","11","9","1","5","4","5","7","4","4","10","5","5","2","11","5","3","10","1","1","B11","7","5","1","8","2","4","","5","5","1","22","1","B11","24.213689","120.62357","2"
"2019","7","24","19","47","臺中市","東區","0","2","0","8","3","5","50","3","2","1","5","4","5","7","1","1","1","2","5","2","13","13","2","9","1","1","C03","7","9","1","10","2","11","","13","13","1","21","8","C03","24.135461","120.684608","2"
"2019","7","24","19","50","臺中市","北屯區","0","1","0","8","3","5","50","4","1","1","5","4","5","7","1","1","10","5","5","2","17","23","2","9","1","1","C03","7","9","1","10","2","12","","23","23","1","21","8","C03","24.17436","120.680118","2"
"2019","7","24","19","50","臺中市","大甲區","0","1","0","8","3","5","50","14","9","1","5","4","5","7","4","4","5","5","5","1","18","43","2","9","1","1","C03","7","9","1","10","2","12","","43","43","1","22","1","C03","24.399429","120.631034","2"
"2019","7","24","20","1","臺中市","西區","0","1","0","8","3","5","50","4","1","1","5","4","5","7","1","1","10","5","5","2","15","25","2","9","1","1","C03","7","9","1","10","2","11","","25","25","1","22","8","C03","24.132146","120.665623","2"
"2019","7","24","20","16","臺中市","北屯區","0","0","0","8","","","40","","","","","","","","","","","","","","","","","","","","B12","","","1","","2","","","19","","1","","","B12","24.168781","120.695591","3"
"2019","7","24","20","17","臺中市","西屯區","0","0","0","8","3","5","50","4","1","1","5","4","5","7","1","1","10","5","5","2","16","25","3","10","3","4","A41","7","9","1","1","2","2","","25","25","1","22","9","A41","24.200142","120.656536","3"
"2019","7","24","20","40","臺中市","西屯區","0","1","0","8","3","5","50","4","1","1","5","4","5","7","4","4","5","5","5","2","16","6","3","10","1","1","B03","7","5","1","8","2","8","","6","6","1","21","8","B03","24.177428","120.623863","2"
"2019","7","24","20","50","臺中市","北區","0","0","0","8","","","50","","","","","","","","","","","","","","","","","","","","C03","","","1","","9","","","23","","1","22","","C03","24.1613","120.668","3"
"2019","7","24","20","52","臺中市","北屯區","0","0","0","8","","","50","","","","","","","","","","","","","","","","","","","","","","","7","","11","","","67","","1","","","","24.178463","120.668408","3"
"2019","7","24","21","0","臺中市","太平區","0","0","0","8","","","40","","","","","","","","","","","","","","","","","","","","B12","","","1","","2","","","12","","1","3","","B12","24.152579","120.704379","3"
"2019","7","24","21","1","臺中市","北屯區","0","2","0","8","3","5","50","14","9","1","5","4","5","7","4","4","5","4","5","2","3","51","2","9","4","5","H01","8","16","8","20","10","16","","51","51","1","22","8","H01","24.176504","120.726644","2"
"2019","7","24","21","2","臺中市","西屯區","0","0","0","8","","","50","","","","","","","","","","","","","","","23","","","","","B02","","","1","","2","","","23","23","1","","","B02","24.178362","120.624334","3"
"2019","7","24","21","8","臺中市","梧棲區","0","1","0","8","3","5","50","14","9","1","5","4","5","7","4","4","5","5","5","1","16","23","2","9","1","1","C03","7","9","1","10","2","12","","23","23","1","2","8","C03","24.252541","120.532253","2"
"2019","7","24","21","10","臺中市","南屯區","0","0","0","8","","","50","","","","","","","","","","","","","","","","","","","","B03","","","1","","2","","","23","","1","","","B03","24.147054","120.639302","3"
"2019","7","24","21","10","臺中市","大雅區","0","0","0","8","","","50","","","","","","","","","","","","","","","","","","","","B03","","","1","","2","","","23","","1","21","","B03","24.214761","120.647598","3"
"2019","7","24","21","25","臺中市","大甲區","0","0","0","8","","","50","","","","","","","","","","","","","","","16","","","","","B03","","","1","","2","","","16","16","1","21","","B03","24.352475","120.62498","3"
"2019","7","24","21","50","臺中市","北區","0","1","0","8","3","5","50","3","1","1","5","4","5","7","4","4","10","4","5","2","16","6","3","10","1","1","B03","7","6","1","8","2","2","","6","6","1","22","9","B03","24.155356","120.683698","2"
"2019","7","24","21","55","臺中市","北區","0","0","0","8","","","50","","","","","","","","","","","","","","","","","","","","B03","","","1","","2","","","6","","1","5","","B03","24.159196","120.672055","3"
"2019","7","24","22","10","臺中市","潭子區","0","1","0","8","3","5","50","14","7","1","5","4","5","7","4","4","5","4","4","2","16","23","2","9","1","1","C03","7","9","1","10","2","12","","23","23","1","22","8","C03","24.228854","120.71083","2"
"2019","7","24","22","35","臺中市","北區","0","1","0","8","3","5","50","14","8","1","5","4","5","7","4","4","3","4","4","2","12","7","3","10","3","4","B03","7","8","1","8","2","2","","7","7","1","5","8","B03","24.163104","120.683832","2"
"2019","7","24","22","39","臺中市","太平區","0","1","0","8","3","5","50","4","2","1","5","4","5","7","4","4","10","5","5","2","13","23","2","2","1","1","C03","7","5","1","10","2","11","","23","23","1","5","8","C03","24.125021","120.717881","2"
"2019","7","24","22","47","臺中市","西屯區","0","1","0","8","3","5","50","14","9","1","5","4","5","7","4","4","5","4","5","2","13","23","3","10","3","4","B03","7","9","3","18","2","1","","23","23","1","21","8","B03","24.174475","120.647497","2"
"2019","7","24","23","0","臺中市","北屯區","0","0","0","8","3","5","50","15","22","2","5","4","5","7","4","4","10","5","5","2","17","43","4","","","","","","","7","19","11","15","","43","43","1","22","9","","24.173171","120.718716","3"
"2019","7","24","23","4","臺中市","北區","0","2","0","8","3","5","50","4","1","1","5","4","5","7","3","1","10","5","5","2","15","6","2","9","1","4","C03","7","9","1","10","2","12","","6","6","1","5","8","C03","24.1617","120.676409","2"
"2019","7","24","23","28","臺中市","西屯區","0","0","0","8","","","40","","","","","","","","","","","","","","","","","","","","B03","","","1","","2","","","12","","1","22","","B03","24.155646","120.648335","3"
"2019","7","24","23","54","臺中市","北屯區","0","0","0","8","","","50","","","","","","","","","","","","","","","","","","","","B03","","","1","","2","","","6","","1","","","B03","24.188334","120.686314","3"
"2019","7","25","1","17","臺中市","西屯區","0","0","0","8","","","50","","","","","","","","","","","","","","","","","","","","B02","","","1","","2","","","16","","1","","","B02","24.18276","120.658015","3"
"2019","7","25","1","35","臺中市","霧峰區","0","0","0","8","","","40","","","","","","","","","","","","","","","","","","","","B03","","","1","","2","","","12","","1","9","","B03","24.064516","120.700291","3"
"2019","7","25","5","28","臺中市","潭子區","0","1","0","8","1","5","50","14","9","1","5","4","5","7","3","1","8","3","5","1","15","23","3","10","1","1","B03","7","9","3","18","2","1","","23","23","1","22","1","B03","24.206586","120.711276","2"
"2019","7","25","5","50","臺中市","太平區","0","1","0","8","1","5","50","4","1","1","5","4","5","7","3","1","10","5","5","2","15","6","3","10","1","1","B03","7","9","3","18","2","4","","6","6","1","21","8","B03","24.156306","120.719907","2"
"2019","7","25","6","9","臺中市","北屯區","0","2","0","8","2","5","50","3","1","1","5","4","5","7","4","4","10","5","5","2","16","6","2","9","1","1","C03","7","9","1","10","2","11","","6","6","1","5","8","C03","24.1782","120.6672","2"
"2019","7","25","6","30","臺中市","清水區","0","1","0","8","1","5","50","14","7","1","5","4","5","7","1","1","1","4","4","2","29","43","3","10","1","1","A02","7","9","1","1","2","15","","43","43","1","10","8","A02","24.270862","120.576152","2"
"2019","7","25","6","32","臺中市","西屯區","0","0","0","8","","","40","","","","","","","","","","","","","","","","","","","","B03","","","1","","2","","","12","","1","22","","B03","24.186008","120.610019","3"
"2019","7","25","6","40","臺中市","太平區","0","0","0","8","","","50","","","","","","","","","","","","","","","","","","","","C03","","","1","","2","","","23","","2","","","C03","24.1575","120.712222","3"
"2019","7","25","6","54","臺中市","南區","0","1","0","8","1","5","50","4","1","1","5","4","5","7","1","1","10","5","5","2","16","25","2","8","1","1","C03","7","5","1","10","2","11","","25","25","1","4","8","C03","24.120617","120.650068","2"
"2019","7","25","6","54","臺中市","大雅區","0","1","0","8","1","5","50","4","1","1","5","4","5","7","1","1","5","5","5","1","16","8","3","10","1","1","B03","7","5","1","8","2","5","","8","8","1","22","9","B03","24.240641","120.657083","2"
"2019","7","25","7","12","臺中市","太平區","0","0","0","8","","","50","","","","","","","","","","","","","","","","","","","","A11","","","1","","1","","","12","","2","","","A11","24.133583","120.71792","3"
"2019","7","25","7","15","臺中市","大甲區","0","1","0","8","1","5","40","4","1","1","5","4","5","7","4","4","10","5","5","1","27","44","2","9","1","1","C03","7","9","1","10","2","11","","44","44","1","4","1","C03","24.397001","120.658825","2"
"2019","7","25","7","17","臺中市","大雅區","0","0","0","8","","","50","","","","","","","","","","","","","","","","","","","","A11","","","1","","2","","","23","","1","","","A11","24.216116","120.649345","3"
"2019","7","25","7","28","臺中市","西屯區","0","0","0","8","","","40","","","","","","","","","","","","","","","","","","","","B03","","","1","","2","","","5","","1","","","B03","24.167213","120.621212","3"
"2019","7","25","7","29","臺中市","潭子區","0","1","0","8","1","5","40","14","9","1","5","4","5","7","4","4","10","5","5","2","10","23","3","10","1","1","B03","7","9","1","8","2","8","","5","23","1","22","8","B03","24.212666","120.719886","2"
"2019","7","25","7","30","臺中市","西屯區","0","1","0","8","1","5","70","3","1","1","5","4","5","7","4","4","10","4","5","2","12","6","3","10","1","1","B12","7","6","1","8","2","2","","6","6","1","21","8","B12","24.178326","120.6266","2"
"2019","7","25","7","33","臺中市","北屯區","0","1","0","8","1","5","50","4","2","1","5","4","5","7","1","1","10","5","5","2","16","42","3","10","3","4","C03","7","9","1","10","2","12","","42","42","1","21","8","C03","24.164627","120.704136","2"
"2019","7","25","7","34","臺中市","后里區","0","2","0","8","1","5","50","3","9","1","5","4","5","7","1","1","4","5","5","1","17","19","2","9","4","5","F01","7","1","8","20","2","16","","19","19","1","21","8","F01","24.328856","120.713206","2"
"2019","7","25","7","35","臺中市","外埔區","0","1","0","8","1","5","40","3","2","1","5","4","5","7","4","4","10","5","5","2","16","6","3","10","1","1","B03","7","6","1","8","2","1","","6","6","1","21","8","B03","24.328431","120.659265","2"
"2019","7","25","7","36","臺中市","大肚區","0","1","0","8","1","5","50","3","1","1","5","4","5","7","4","4","10","5","5","2","16","6","2","9","1","1","C03","7","6","1","10","2","14","","6","6","1","21","8","C03","24.16857","120.579869","2"
"2019","7","25","7","42","臺中市","沙鹿區","0","1","0","8","1","5","50","14","7","1","5","4","5","7","4","4","1","4","4","2","12","17","3","10","1","1","C03","7","9","1","10","1","13","","17","17","1","4","1","C03","24.229745","120.547787","2"
"2019","7","25","7","45","臺中市","大雅區","0","0","0","8","","","40","","","","","","","","","","","","","","","","","","","","C03","","","1","","2","","","23","","1","22","","C03","24.217472","120.656406","3"
"2019","7","25","7","45","臺中市","潭子區","0","0","0","8","","","50","","","","","","","","","","","","","","","","","","","","A12","","","1","","2","","","10","","1","","","A12","24.209829","120.703277","3"
"2019","7","25","7","50","臺中市","潭子區","0","1","0","8","1","5","60","3","1","1","5","4","5","7","1","1","1","4","4","1","17","23","3","10","1","1","C03","7","9","1","10","2","12","","23","23","1","22","9","C03","24.217957","120.705848","2"
"2019","7","25","7","55","臺中市","大雅區","0","1","0","8","1","5","40","11","9","1","5","4","5","7","4","4","10","5","5","2","16","5","2","8","1","1","C03","7","6","1","10","2","11","","5","5","1","22","9","C03","24.23297","120.612324","2"
"2019","7","25","7","57","臺中市","北屯區","0","0","0","8","","","50","","","","","","","","","","","","","","","","","","","","B03","","","1","","2","","","6","","1","","","B03","24.172816","120.702513","3"
"2019","7","25","8","0","臺中市","梧棲區","0","1","0","8","1","5","50","4","1","1","5","4","5","7","1","1","10","5","5","1","17","4","2","7","1","1","C03","7","6","3","18","11","11","","4","4","1","19","5","C03","24.249286","120.538716","2"
"2019","7","25","8","0","臺中市","潭子區","0","2","0","8","1","5","50","3","1","1","5","4","5","7","4","4","10","5","5","2","16","6","2","9","1","1","C03","7","5","1","10","2","11","","6","6","1","22","8","C03","24.20523","120.713733","2"
"2019","7","25","8","7","臺中市","西區","0","1","0","8","1","5","50","3","1","1","5","4","5","7","4","4","10","5","5","2","17","4","2","9","1","1","C03","7","9","1","10","2","14","","4","4","1","5","5","C03","24.153968","120.668071","2"
"2019","7","25","8","9","臺中市","東區","0","0","0","8","1","5","50","4","1","1","5","4","5","7","1","1","9","4","4","2","16","26","","","","","B12","","6","1","4","2","2","","26","26","1","5","","B12","24.140766","120.710324","3"
"2019","7","25","8","10","臺中市","沙鹿區","0","0","0","8","","","50","","","","","","","","","","","","","","","","","","","","B03","","","1","","2","","","26","","1","","","B03","24.236823","120.567802","3"
"2019","7","25","8","12","臺中市","西區","0","0","0","8","","","50","","","","","","","","","","","","","","","","","","","","B03","","","1","","2","","","9","","1","21","","B03","24.138365","120.661441","3"
"2019","7","25","8","15","臺中市","北區","0","1","0","8","1","5","50","14","7","1","5","4","1","7","4","4","2","4","5","2","17","43","3","10","1","1","B03","7","9","1","8","2","2","","43","43","1","21","8","B03","24.163201","120.683968","2"
"2019","7","25","8","20","臺中市","北區","0","1","0","8","1","5","50","14","8","1","5","4","5","7","4","4","5","5","5","2","16","40","3","10","1","1","B12","7","15","1","8","11","4","","40","40","1","22","8","B12","24.166823","120.685832","2"
"2019","7","25","8","20","臺中市","清水區","0","1","0","8","1","5","40","3","2","1","5","4","5","7","4","4","1","4","5","1","11","6","3","10","1","1","B03","7","5","1","8","2","8","","6","6","1","5","1","B03","24.275416","120.57746","2"
"2019","7","25","8","23","臺中市","沙鹿區","0","0","0","8","","","60","","","","","","","","","","","","","","","","","","","","B03","","","1","","2","","","1","","1","5","","B03","24.250171","120.597571","3"
"2019","7","25","8","28","臺中市","潭子區","0","1","0","8","1","5","50","14","9","1","5","4","5","7","4","4","5","4","5","2","14","12","3","10","1","1","B03","7","2","1","8","2","3","","12","12","1","22","9","B03","24.201783","120.706097","2"
"2019","7","25","8","30","臺中市","大雅區","0","0","0","8","","","50","","","","","","","","","","","","","","","23","","","","","C03","","","1","","2","","","44","23","1","22","","C03","24.212785","120.650011","3"
"2019","7","25","8","32","臺中市","西屯區","0","1","0","8","1","5","50","3","1","1","5","4","5","7","4","4","4","3","5","2","16","6","3","10","1","1","B03","7","6","1","8","2","2","","6","6","1","21","8","B03","24.184091","120.642511","2"
"2019","7","25","8","33","臺中市","神岡區","0","0","0","8","","","50","","","","","","","","","","","","","","","","","","","","B03","","","1","","2","","","7","","1","22","","B03","24.246853","120.685058","3"
"2019","7","25","8","35","臺中市","北區","0","1","0","8","1","5","50","4","1","1","5","4","5","7","4","4","10","5","5","2","15","6","2","8","1","1","C04","7","9","1","10","2","11","","6","6","1","21","8","C04","24.172045","120.674886","2"
"2019","7","25","8","40","臺中市","大雅區","0","0","0","8","","","50","","","","","","","","","","","","","","","","","","","","B03","","","1","","2","","","23","","1","","","B03","24.21949","120.615338","3"
"2019","7","25","8","44","臺中市","西屯區","0","2","0","8","1","5","50","14","9","1","5","4","5","7","4","4","5","5","4","2","16","26","2","7","1","1","C03","7","5","1","10","2","14","","26","26","1","21","8","C03","24.159536","120.649684","2"
"2019","7","25","8","44","臺中市","太平區","0","0","0","8","","","50","","","","","","","","","","","","","","","","","","","","C03","","","1","","2","","","6","","1","","","C03","24.130122","120.724509","3"
"2019","7","25","8","45","臺中市","霧峰區","0","1","0","8","1","5","50","4","1","1","5","4","5","7","1","1","10","5","5","2","12","23","3","10","1","1","C03","7","1","1","10","2","12","","23","23","1","21","9","C03","24.059703","120.695169","2"
"2019","7","25","8","54","臺中市","西屯區","0","1","0","8","1","5","40","14","9","1","5","4","5","7","4","4","10","5","5","2","17","43","2","9","1","1","C03","7","9","1","10","2","15","","43","43","1","21","8","C03","24.16305","120.612813","2"
"2019","7","25","9","2","臺中市","西區","0","0","0","8","","","50","","","","","","","","","","","","","","","23","3","","","","B03","","","1","","2","","","23","23","","5","","B03","24.151022","120.662801","3"
"2019","7","25","9","2","臺中市","太平區","0","1","0","8","1","5","40","14","9","1","5","4","5","7","4","4","10","5","5","2","17","19","2","7","1","1","C03","7","1","1","10","2","11","","19","19","1","21","8","C03","24.142361","120.730813","2"
"2019","7","25","9","3","臺中市","太平區","0","0","0","8","","","50","","","","","","","","","","","","","","","","","","","","B12","","","1","","2","","","42","","1","","","B12","24.130869","120.710356","3"
"2019","7","25","9","5","臺中市","北屯區","0","1","0","8","1","5","50","14","9","1","5","4","5","7","3","1","1","2","5","1","16","7","3","10","1","1","B03","7","7","1","8","2","7","","7","7","1","21","8","B03","24.200706","120.669006","2"
"2019","7","25","9","10","臺中市","大雅區","0","1","0","8","1","5","70","3","1","1","5","4","5","7","1","1","3","4","4","1","16","6","3","10","1","1","B03","7","5","1","8","2","5","","6","6","1","22","9","B03","24.242241","120.628101","2"
"2019","7","25","9","20","臺中市","南區","0","2","0","8","1","5","50","3","1","1","5","4","5","7","3","1","1","4","4","2","16","6","2","8","1","1","C03","7","5","1","8","2","12","","6","6","1","21","8","C03","24.124059","120.677694","2"
"2019","7","25","9","25","臺中市","南屯區","0","1","0","8","1","5","50","3","1","1","5","4","5","7","1","1","10","5","5","2","16","26","2","9","1","1","C03","7","5","4","8","2","11","","26","26","1","21","8","C03","24.142167","120.638505","2"
"2019","7","25","9","33","臺中市","大雅區","0","1","0","8","1","5","50","5","1","1","5","4","5","7","1","1","5","5","5","2","13","16","2","9","1","1","C03","7","9","1","10","2","11","","16","16","1","22","9","C03","24.241169","120.62999","2"
"2019","7","25","9","54","臺中市","北屯區","0","0","0","8","","","50","","","","","","","","","","","","","","","1","","","","","B03","","","1","","2","","","44","1","1","","","B03","24.201119","120.686778","3"
"2019","7","25","9","55","臺中市","外埔區","0","1","0","8","1","5","70","4","1","1","5","4","5","7","1","1","10","5","5","2","15","25","3","10","1","1","B12","7","9","1","8","2","5","","25","25","1","21","8","B12","24.32419","120.648583","2"
"2019","7","25","10","6","臺中市","太平區","0","3","0","8","1","5","50","3","1","1","5","4","5","7","4","4","10","5","5","2","17","19","2","7","1","1","C03","7","1","3","18","2","11","","19","19","1","21","8","C03","24.12694","120.710867","2"
"2019","7","25","10","15","臺中市","西屯區","0","2","0","8","1","5","40","3","1","1","5","4","5","7","4","4","10","4","5","2","16","6","2","9","1","1","C03","7","6","1","10","2","12","","6","6","1","21","8","C03","24.160487","120.653853","2"
"2019","7","25","10","16","臺中市","西屯區","0","0","0","8","","","40","","","","","","","","","","","","","","","12","","","","","A31","","","1","","2","","","12","12","1","","","A31","24.166584","120.588765","3"