"年","月","日","時","分","縣市","區","死","受傷","2-30","天候","光線","道路類別","速限","道路型態","事故位置","路面鋪裝","路面狀態","路面缺陷","障礙物","視距","號誌種類","號誌動作","分向設施","快車道或一般車道間","快慢車道間","路面邊線","事故類型及型態","主要肇因","受傷程度","主要傷處","保護裝備","行動電話","當事者區分_類別","車輛用途","當事者行動狀態","駕駛資格情形","駕駛執照種類","飲酒情形","車輛撞擊部位最初","車輛撞擊部位其他","肇事因素個別","肇事因素主要","肇事逃逸","職業","旅次目的","車種","GPS座標_緯度","GPS座標_經度","事故類別"
"2019","7","25","10","25","臺中市","南屯區","0","0","0","8","","","50","","","","","","","","4","","","","","","","12","3","","","","B03","","","1","","2","","","12","12","1","21","","B03","24.14698","120.634963","3"
"2019","7","25","10","26","臺中市","北屯區","0","0","0","8","","","50","","","","","","","","","","","","","","","","","","","","B03","","","1","","2","","","23","","1","5","","B03","24.175643","120.680186","3"
"2019","7","25","10","28","臺中市","南區","0","1","0","8","1","5","50","14","12","1","5","4","5","7","4","4","1","4","4","2","12","1","3","10","1","1","C03","7","9","1","10","2","11","","44","1","1","22","8","C03","24.111167","120.648489","2"
"2019","7","25","10","30","臺中市","西屯區","0","0","0","8","","","50","","","","","","","","","","","","","","","","","","","","B03","","","1","","2","","","23","","1","","","B03","24.196947","120.648408","3"
"2019","7","25","10","35","臺中市","北屯區","0","1","0","8","1","5","50","14","9","1","5","4","5","7","4","4","1","4","5","2","13","23","2","9","1","1","C03","7","9","1","10","2","11","","23","23","1","21","8","C03","24.185396","120.689244","2"
"2019","7","25","10","37","臺中市","北區","0","1","0","8","1","5","50","11","11","1","5","4","5","7","4","4","5","4","4","2","12","17","2","9","1","1","C04","7","9","3","18","2","11","","17","17","1","22","8","C04","24.155529","120.66978","2"
"2019","7","25","10","40","臺中市","清水區","0","2","0","8","1","5","40","4","1","1","5","4","5","7","1","1","1","4","5","1","15","25","2","9","1","1","C03","7","9","1","10","2","11","","25","25","1","22","8","C03","24.269411","120.573223","2"
"2019","7","25","10","50","臺中市","北屯區","0","0","0","8","","","40","","","","","","","","","","","","","","","","","","","","B12","","","1","","2","","","12","","1","22","","B12","24.170606","120.69124","3"
"2019","7","25","10","54","臺中市","大雅區","0","1","0","8","1","5","50","5","1","1","5","4","5","7","2","1","3","4","4","1","12","25","2","9","1","1","C03","7","5","1","10","2","14","","25","25","1","22","9","C03","24.21568","120.667593","2"
"2019","7","25","11","9","臺中市","東勢區","0","1","0","8","1","5","50","4","1","1","5","4","5","7","1","1","4","5","5","1","16","25","3","10","1","1","B03","7","9","5","18","2","4","","25","25","1","22","9","B03","24.260426","120.826436","2"
"2019","7","25","11","11","臺中市","北區","0","0","0","8","","","50","","","","","","","","","","","","","","","","","","","","B12","","","1","","2","","","12","","1","","","B12","24.16164","120.67491","3"
"2019","7","25","11","13","臺中市","北區","0","1","0","8","1","5","50","14","12","1","5","4","5","7","4","4","4","3","4","2","3","51","3","10","1","1","H01","8","16","8","20","10","16","","51","51","1","22","8","H01","24.159391","120.666761","2"
"2019","7","25","11","19","臺中市","東區","0","0","0","8","1","5","50","4","1","1","5","4","5","7","1","1","9","4","5","2","16","26","","","","","B12","","15","1","8","2","8","","42","26","1","5","","B12","24.138893","120.689671","3"
"2019","7","25","11","19","臺中市","梧棲區","0","0","0","8","","","70","","","","","","","","","","","","","","","","","","","","B03","","","1","","2","","","16","","","","","B03","24.242598","120.556682","3"
"2019","7","25","11","27","臺中市","潭子區","0","1","0","8","1","5","50","4","1","1","5","4","5","7","3","1","5","5","5","1","16","26","2","8","1","1","C03","7","9","1","10","2","14","","26","26","1","22","9","C03","24.218131","120.718443","2"
"2019","7","25","11","30","臺中市","大里區","0","0","0","8","","","50","","","","","","","","","","","","","","","","","","","","B03","","","1","","2","","","10","","1","21","","B03","24.106503","120.687845","3"
"2019","7","25","11","30","臺中市","大甲區","0","1","0","8","1","5","40","4","1","1","5","4","5","7","4","4","10","5","5","2","15","6","3","10","1","1","B03","7","9","1","8","2","1","","6","6","1","21","8","B03","24.341261","120.61979","2"
"2019","7","25","11","42","臺中市","東區","0","0","0","8","1","5","50","3","1","1","5","4","5","7","4","4","10","5","5","2","16","6","3","10","1","1","C03","7","5","1","10","2","12","","6","6","1","21","8","C03","24.126545","120.693919","3"
"2019","7","25","11","42","臺中市","沙鹿區","0","1","0","8","1","5","50","14","9","1","5","4","5","7","4","4","9","5","4","2","18","23","2","9","1","1","C03","7","9","1","10","2","14","","23","23","1","21","8","C03","24.218865","120.57939","2"
"2019","7","25","11","45","臺中市","中區","0","0","0","8","","","50","","","","","","","","","","","","","","","12","3","","","","B03","","","1","","2","","","12","12","","5","","B03","24.141503","120.676378","3"
"2019","7","25","11","45","臺中市","太平區","0","0","0","8","","","50","","","","","","","","","","","","","","","67","","","","","B03","","","1","","2","","","44","67","1","21","","B03","24.154937","120.718889","3"
"2019","7","25","11","47","臺中市","大里區","0","0","0","8","","","40","","","","","","","","","","","","","","","","","","","","A02","","","1","","2","","","23","","1","21","","A02","24.087763","120.729256","4"
"2019","7","25","11","59","臺中市","梧棲區","0","0","0","8","","","50","","","","","","","","","","","","","","","","","","","","B03","","","1","","2","","","12","","","","","B03","24.252247","120.532779","4"
"2019","7","25","12","2","臺中市","西屯區","0","1","0","8","1","5","40","14","8","1","5","4","5","7","3","1","1","4","1","2","16","10","2","9","1","1","C03","7","11","1","10","2","12","","10","10","1","21","8","C03","24.187653","120.638154","2"
"2019","7","25","12","2","臺中市","太平區","0","0","0","8","","","40","","","","","","","","","","","","","","","","","","","","F01","","","8","","2","","","17","","","21","","F01","24.150055","120.717498","3"
"2019","7","25","12","3","臺中市","后里區","0","2","0","8","1","5","40","3","2","1","5","4","5","7","4","4","10","5","5","1","11","5","2","9","1","1","C03","7","5","1","10","2","14","","5","5","1","21","8","C03","24.309541","120.690106","2"
"2019","7","25","12","10","臺中市","神岡區","0","1","0","8","1","5","40","14","9","1","5","4","5","7","4","4","10","5","5","1","16","13","2","9","1","1","C03","7","9","1","10","2","12","","13","13","1","21","8","C03","24.24239","120.680388","2"
"2019","7","25","12","11","臺中市","西區","0","2","0","8","1","5","50","3","8","1","5","4","5","7","4","4","10","4","3","2","17","43","2","9","1","1","C03","7","9","1","10","2","11","","43","43","1","21","8","C03","24.156327","120.66143","2"
"2019","7","25","12","20","臺中市","沙鹿區","0","1","0","8","1","5","50","4","1","1","5","4","5","7","1","1","10","5","5","2","16","23","2","9","1","1","C03","7","9","1","10","2","14","","23","23","1","18","8","C03","24.237939","120.559935","2"
"2019","7","25","12","30","臺中市","西區","0","0","0","8","","","50","","","","","","","","","","","","","","","","","","","","C03","","","1","","2","","","23","","1","21","","C03","24.154201","120.657737","3"
"2019","7","25","12","30","臺中市","北屯區","0","1","0","8","1","5","50","14","9","1","5","4","5","7","4","4","1","4","5","2","13","16","3","10","1","1","C03","7","9","1","10","2","11","","16","16","1","5","8","C03","24.173625","120.669566","2"
"2019","7","25","12","32","臺中市","沙鹿區","0","0","0","8","","","40","","","","","","","","","","","","","","","","","","","","B12","","","1","","2","","","19","","1","10","","B12","24.224763","120.576495","3"
"2019","7","25","12","33","臺中市","大甲區","0","0","0","8","1","5","60","14","2","1","5","4","5","7","1","1","4","5","5","1","13","16","3","10","1","1","B03","7","1","1","8","2","1","","23","16","1","22","8","B03","24.379263","120.653886","3"
"2019","7","25","12","40","臺中市","西屯區","0","0","0","8","","","50","","","","","","","","","","","","","","","7","","","","","B03","","","1","","2","","","7","7","1","","","B03","24.167803","120.638435","3"
"2019","7","25","12","52","臺中市","北區","0","2","0","8","1","5","50","4","1","1","5","4","5","7","4","4","10","5","5","2","15","6","2","9","1","1","C04","7","9","3","18","2","12","","6","6","1","21","8","C04","24.161388","120.675277","2"
"2019","7","25","12","52","臺中市","北屯區","0","0","0","8","","","50","","","","","","","","","","","","","","","","","","","","B12","","","1","","2","","","18","","1","22","","B12","24.178748","120.686226","3"
"2019","7","25","12","52","臺中市","沙鹿區","0","1","0","8","1","5","50","4","1","1","5","4","5","7","4","4","9","5","5","2","16","6","2","9","1","1","C03","7","9","1","10","2","11","","6","6","1","19","8","C03","24.240021","120.561342","2"
"2019","7","25","12","55","臺中市","北屯區","0","1","0","8","1","5","50","14","7","1","5","4","5","7","4","4","5","5","4","2","12","1","2","9","1","1","C03","7","4","1","10","2","12","","1","1","1","21","8","C03","24.172434","120.693844","2"
"2019","7","25","12","58","臺中市","烏日區","0","1","0","8","1","5","40","3","1","1","5","4","5","7","1","1","1","5","1","1","16","25","2","9","1","1","C03","7","5","1","10","2","11","","25","25","1","21","8","C03","24.11333","120.586471","2"
"2019","7","25","13","6","臺中市","西屯區","0","0","0","8","","","50","","","","","","","","","","","","","","","","","","","","A12","","","1","","2","","","12","","1","","","A12","24.160831","120.609977","3"
"2019","7","25","13","6","臺中市","潭子區","0","0","0","8","","","50","","","","","","","","","","","","","","","","","","","","C03","","","1","","2","","","25","","1","22","","C03","24.204523","120.674157","3"
"2019","7","25","13","12","臺中市","北區","0","0","0","8","","","50","","","","","","","","","","","","","","","","3","","","","B03","","","1","","2","","","19","","1","22","","B03","24.170934","120.671938","3"
"2019","7","25","13","15","臺中市","大雅區","0","0","0","8","","","50","","","","","","","","","","","","","","","","","","","","B03","","","1","","2","","","12","","1","","","B03","24.215932","120.647949","3"
"2019","7","25","13","24","臺中市","北屯區","0","2","0","8","1","5","50","14","7","1","5","4","5","7","4","4","1","4","4","2","16","7","2","9","3","4","C03","7","7","1","10","2","14","","7","7","1","22","8","C03","24.191333","120.660811","2"
"2019","7","25","13","24","臺中市","西屯區","0","1","0","8","1","5","50","14","9","1","5","4","5","7","4","4","9","4","5","2","12","19","3","10","1","1","B03","7","1","1","8","2","4","","19","19","1","21","8","B03","24.170998","120.634188","2"
"2019","7","25","13","25","臺中市","清水區","0","1","0","8","1","5","70","4","1","1","5","4","5","7","3","1","1","4","4","1","29","67","2","3","1","1","B12","7","6","1","8","2","1","","43","67","1","19","8","B12","24.280448","120.579285","2"
"2019","7","25","13","59","臺中市","北屯區","0","0","0","8","","","40","","","","","","","","","","","","","","","","","","","","B12","","","1","","2","","","12","","1","","","B12","24.174464","120.711968","3"
"2019","7","25","14","2","臺中市","北屯區","0","0","0","8","","","50","","","","","","","","","","","","","","","","","","","","B03","","","1","","2","","","16","","1","5","","B03","24.174408","120.673068","3"
"2019","7","25","14","18","臺中市","沙鹿區","0","0","0","8","","","50","","","","","","","","","","","","","","","6","","","","","B03","","","1","","2","","","6","6","1","21","","B03","24.205707","120.573414","3"
"2019","7","25","14","21","臺中市","神岡區","0","1","0","8","1","5","50","14","8","1","5","4","5","7","4","4","1","4","4","2","13","16","2","2","1","1","B03","7","9","1","8","2","1","","16","16","1","22","8","B03","24.24856","120.697012","2"
"2019","7","25","14","27","臺中市","北屯區","0","1","0","8","1","5","40","14","8","1","5","4","5","7","4","4","1","4","4","2","12","23","2","9","3","4","C03","7","9","1","10","2","11","","23","23","1","22","8","C03","24.188041","120.66258","2"
"2019","7","25","14","35","臺中市","南屯區","0","0","0","8","","","40","","","","","","","","","","","","","","","","","","","","B03","","","1","","2","","","16","","1","22","","B03","24.125647","120.62956","3"
"2019","7","25","14","37","臺中市","西屯區","0","0","0","8","","","50","","","","","","","","","","","","","","","","","","","","B03","","","1","","2","","","16","","1","","","B03","24.171006","120.657546","3"
"2019","7","25","14","41","臺中市","北屯區","0","2","0","8","1","5","50","4","1","1","5","4","5","7","1","1","10","5","5","2","16","43","2","9","1","1","C03","7","5","1","10","2","14","","43","43","1","21","8","C03","24.176325","120.681408","2"
"2019","7","25","14","46","臺中市","沙鹿區","0","2","0","8","1","5","50","4","1","1","5","4","5","7","4","4","10","5","5","2","15","6","2","9","1","1","C03","7","9","1","10","2","11","","6","6","1","18","8","C03","24.236762","120.558449","2"
"2019","7","25","14","48","臺中市","北屯區","0","0","0","8","","","40","","","","","","","","","","","","","","","","","","","","B02","","","1","","2","","","23","","1","","","B02","24.182736","120.692682","3"
"2019","7","25","14","49","臺中市","北屯區","0","0","0","8","","","40","","","","","","","","","","","","","","","","","","","","B03","","","1","","2","","","6","","1","5","","B03","24.18241","120.699606","3"
"2019","7","25","14","55","臺中市","神岡區","0","0","0","8","","","50","","","","","","","","","","","","","","","","","","","","B03","","","1","","2","","","12","","1","21","","B03","24.258756","120.657363","3"
"2019","7","25","15","0","臺中市","北屯區","0","0","0","8","","","50","","","","","","","","","","","","","","","","","","","","B12","","","1","","2","","","23","","1","","","B12","24.164905","120.694179","3"
"2019","7","25","15","0","臺中市","西屯區","0","0","0","8","","","50","","","","","","","","","","","","","","","","","","","","B03","","","1","","2","","","23","","1","22","","B03","24.180501","120.620385","3"
"2019","7","25","15","7","臺中市","北區","0","1","0","8","1","5","50","4","1","1","5","4","5","7","1","1","10","5","5","2","16","6","3","10","1","1","B03","7","6","1","8","2","6","","6","6","1","5","8","B03","24.172447","120.676024","2"
"2019","7","25","15","8","臺中市","太平區","0","0","0","8","","","50","","","","","","","","","","","","","","","","","","","","B03","","","1","","1","","","23","","1","","","B03","24.127245","120.718643","3"
"2019","7","25","15","13","臺中市","西屯區","0","0","0","8","","","50","","","","","","","","","","","","","","","","","","","","B12","","","1","","2","","","12","","1","","","B12","24.200452","120.658737","3"
"2019","7","25","15","22","臺中市","北區","0","0","0","8","","","50","","","","","","","","","","","","","","","","","","","","B02","","","1","","2","","","23","","1","22","","B02","24.1611","120.665","3"
"2019","7","25","15","30","臺中市","大里區","0","0","0","8","","","50","","","","","","","","","","","","","","","","","","","","B12","","","1","","2","","","16","","1","4","","B12","24.096352","120.694524","3"
"2019","7","25","15","30","臺中市","大里區","0","0","0","8","","","50","","","","","","","","","","","","","","","","","","","","A05","","","1","","2","","","23","","1","","","A05","24.107862","120.668136","3"
"2019","7","25","15","42","臺中市","北區","0","0","0","8","","","50","","","","","","","","","","","","","","","","","","","","B03","","","1","","2","","","16","","1","22","","B03","24.147416","120.686473","3"
"2019","7","25","15","53","臺中市","太平區","0","1","0","8","1","5","50","4","1","1","5","4","5","7","2","1","5","4","5","1","29","42","2","9","1","1","C03","7","15","6","10","2","11","","42","42","1","20","8","C03","24.153475","120.703161","2"
"2019","7","25","15","59","臺中市","北區","0","1","0","8","1","5","50","3","2","1","5","4","5","7","1","1","5","4","5","2","16","26","3","10","1","4","B03","7","5","1","8","2","4","","26","26","1","21","8","B03","24.151758","120.688422","2"
"2019","7","25","15","59","臺中市","太平區","0","1","0","8","1","5","50","14","9","1","5","4","5","7","4","4","5","2","5","1","17","43","2","1","1","1","C03","7","9","1","10","2","11","","43","43","1","22","9","C03","24.138431","120.714422","2"
"2019","7","25","16","9","臺中市","沙鹿區","0","1","0","8","1","5","50","14","7","1","5","4","5","7","4","4","1","4","4","1","17","19","2","9","1","1","C03","7","1","1","10","2","13","","19","19","1","20","8","C03","24.236201","120.557264","2"
"2019","7","25","16","10","臺中市","西區","0","0","0","8","","","50","","","","","","","","","","","","","","","","","","","","B03","","","1","","2","","","23","","1","19","","B03","24.150476","120.665245","4"
"2019","7","25","16","18","臺中市","潭子區","0","0","0","8","","","40","","","","","","","","","","","","","","","","","","","","B03","","","1","","2","","","19","","1","22","","B03","24.225716","120.705346","3"
"2019","7","25","16","21","臺中市","神岡區","0","0","0","8","","","50","","","","","","","","","","","","","","","23","","","","","A11","","","1","","2","","","23","23","1","22","","A11","24.258323","120.663846","3"
"2019","7","25","16","24","臺中市","北區","0","3","0","8","1","5","50","4","1","1","5","4","5","7","4","4","5","5","5","2","15","6","2","9","3","4","C03","7","9","1","10","2","11","","6","6","1","22","9","C03","24.158456","120.675446","2"
"2019","7","25","16","24","臺中市","西屯區","0","2","0","8","1","5","50","3","1","1","5","4","5","7","4","4","5","4","4","2","16","6","2","9","3","4","C03","7","5","1","10","2","14","","6","6","1","22","9","C03","24.188641","120.610608","2"
"2019","7","25","16","34","臺中市","神岡區","0","0","0","8","","","50","","","","","","","","","","","","","","","","","","","","B03","","","1","","2","","","23","","1","21","","B03","24.244111","120.682985","3"
"2019","7","25","16","40","臺中市","石岡區","0","1","0","8","1","5","50","14","9","1","5","4","5","7","4","4","9","5","5","1","13","16","2","7","1","1","C03","7","9","1","10","2","11","","16","16","1","5","8","C03","24.258858","120.8158","2"
"2019","7","25","16","55","臺中市","西屯區","0","0","0","8","","","50","","","","","","","","","","","","","","","","","","","","B03","","","1","","2","","","23","","1","22","","B03","24.200813","120.657968","3"
"2019","7","25","16","56","臺中市","新社區","0","0","0","8","","","50","","","","","","","","","","","","","","","","","","","","B03","","","1","","2","","","23","","1","22","","B03","24.24221","120.80806","3"
"2019","7","25","17","3","臺中市","南屯區","0","1","0","8","1","5","50","14","8","1","5","4","5","7","4","4","1","4","1","1","18","23","2","9","3","4","C03","7","9","1","10","2","14","","23","23","1","22","9","C03","24.119812","120.637126","2"
"2019","7","25","17","3","臺中市","沙鹿區","0","1","0","8","1","5","40","4","1","1","5","4","5","7","2","1","10","5","5","2","17","42","3","10","1","1","C03","7","15","1","10","2","12","","42","42","1","4","8","C03","24.221672","120.579568","2"
"2019","7","25","17","12","臺中市","西屯區","0","1","0","8","1","5","50","14","7","1","5","4","5","7","4","4","5","4","4","2","16","19","3","10","3","4","B03","7","1","1","8","2","8","","19","19","1","21","8","B03","24.179354","120.61732","2"
"2019","7","25","17","14","臺中市","北屯區","0","0","0","8","","","50","","","","","","","","","","","","","","","","","","","","B03","","","1","","2","","","23","","1","21","","B03","24.181726","120.682149","3"
"2019","7","25","17","16","臺中市","烏日區","0","1","0","8","1","5","60","4","1","1","5","4","5","7","4","4","4","4","5","1","16","11","2","9","1","1","C03","7","11","1","10","2","11","","11","11","1","21","1","C03","24.079998","120.643338","2"
"2019","7","25","17","18","臺中市","南屯區","0","1","0","8","1","5","40","3","2","1","5","4","5","7","4","4","5","5","4","2","13","16","2","9","3","4","C03","7","9","1","10","2","11","","16","16","1","22","9","C03","24.147756","120.643848","2"
"2019","7","25","17","25","臺中市","大甲區","0","1","0","8","1","5","50","4","1","1","5","4","5","7","1","1","10","5","5","1","17","25","2","7","1","1","C04","7","1","1","11","2","11","","25","25","1","22","8","C04","24.350618","120.620638","2"
"2019","7","25","17","27","臺中市","大肚區","0","0","0","","","","","","","","","","","","","","","","","","","","","","","","A31","","","1","","2","","","9","","1","22","","A31","24.168828","120.579037","3"
"2019","7","25","17","30","臺中市","南屯區","0","1","0","8","1","5","50","4","1","1","5","4","5","7","2","1","10","5","5","2","16","6","3","10","1","1","B03","7","6","1","8","2","6","","6","6","1","22","9","B03","24.151214","120.638552","2"
"2019","7","25","17","33","臺中市","西屯區","0","1","0","8","1","5","40","14","8","1","5","4","5","7","4","4","5","4","4","2","12","23","3","10","1","1","C03","7","9","1","10","2","14","","23","23","1","22","8","C03","24.187263","120.620126","2"
"2019","7","25","17","38","臺中市","西屯區","0","1","0","8","1","5","40","3","2","1","5","4","5","7","4","4","1","4","5","2","16","9","3","10","3","4","B03","7","6","6","18","2","2","","9","9","1","22","9","B03","24.165541","120.629823","2"
"2019","7","25","17","43","臺中市","南屯區","0","0","0","8","","","40","","","","","","","","","","","","","","","","","","","","B02","","","1","","2","","","23","","1","22","","B02","24.137807","120.636558","3"
"2019","7","25","17","44","臺中市","北區","0","0","0","8","","","50","","","","","","","","","","","","","","","","","","","","B03","","","1","","2","","","38","","1","5","","B03","24.155785","120.669289","3"
"2019","7","25","17","44","臺中市","西屯區","0","2","0","8","1","5","50","14","7","1","5","4","5","7","4","4","1","4","4","2","13","23","2","7","1","1","C03","7","9","1","10","2","11","","23","23","1","22","8","C03","24.201443","120.653794","2"
"2019","7","25","17","45","臺中市","南屯區","0","1","0","8","1","5","50","3","1","1","5","4","5","7","1","1","10","5","5","2","16","19","2","8","3","4","C03","7","1","1","10","2","14","","19","19","1","22","9","C03","24.118442","120.638569","2"
"2019","7","25","17","45","臺中市","清水區","0","0","0","8","1","5","50","14","7","1","5","4","5","7","4","4","9","4","4","2","12","23","3","10","1","1","B12","7","8","1","8","2","5","","23","23","1","5","5","B12","24.261931","120.549678","3"
"2019","7","25","17","46","臺中市","北屯區","0","2","0","8","1","5","50","4","1","1","5","4","5","7","1","1","10","5","5","2","15","25","2","8","1","1","C03","7","9","1","10","2","12","","25","25","1","21","8","C03","24.200853","120.693949","2"
"2019","7","25","17","51","臺中市","烏日區","0","0","0","8","","","50","","","","","","","","","","","","","","","","","","","","B03","","","1","","2","","","8","","1","22","","B03","24.116158","120.616921","3"
"2019","7","25","17","53","臺中市","北屯區","0","1","0","8","2","5","50","4","1","1","5","4","5","7","1","1","10","5","5","2","12","43","2","9","1","1","C03","7","7","1","10","2","14","","43","43","1","5","8","C03","24.171955","120.687928","2"
"2019","7","25","17","54","臺中市","西屯區","0","2","0","8","1","5","50","4","1","1","5","4","5","7","1","1","10","5","5","2","13","16","2","9","1","1","C03","7","9","1","10","2","11","","16","16","1","22","9","C03","24.162813","120.649683","2"
"2019","7","25","17","55","臺中市","南屯區","0","0","0","8","","","40","","","","","","","","","","","","","","","","","","","","B03","","","1","","2","","","23","","1","22","","B03","24.143111","120.620952","3"
"2019","7","25","17","59","臺中市","西屯區","0","1","0","8","1","5","40","14","9","1","5","4","5","7","4","4","10","5","5","2","16","19","3","10","3","4","B03","7","1","1","8","2","1","","19","19","1","21","8","B03","24.169782","120.653192","2"
"2019","7","25","18","0","臺中市","南屯區","0","1","0","8","1","5","40","14","8","1","5","4","5","7","4","4","5","4","4","2","17","4","3","10","4","1","F01","7","15","8","20","2","16","","4","4","1","22","8","F01","24.141836","120.64987","2"
"2019","7","25","18","0","臺中市","清水區","0","1","0","8","2","5","50","3","1","1","5","4","5","7","4","4","10","5","5","2","3","51","2","9","4","5","H01","8","16","8","20","10","16","","51","51","1","19","5","H01","24.27663","120.570941","2"
"2019","7","25","18","8","臺中市","潭子區","0","0","0","8","1","5","40","14","9","1","5","4","5","7","4","4","9","4","5","1","14","","","","","","B03","","","1","","2","","","12","","1","22","","B03","24.22727","120.71687","3"
"2019","7","25","18","20","臺中市","西區","0","0","0","8","","","50","","","","","","","","","","","","","","","42","","","","","B03","","","1","","2","","","42","42","1","21","","B03","24.148594","120.66302","3"
"2019","7","25","18","30","臺中市","東區","0","1","0","7","2","5","40","4","1","1","5","4","5","7","1","1","10","5","5","2","13","16","3","10","1","1","C03","7","9","1","10","2","11","13","16","16","1","22","8","C03","24.13775","120.705286","2"
"2019","7","25","18","30","臺中市","潭子區","0","0","0","8","","","50","","","","","","","","","","","","","","","","","","","","C03","","","1","","2","","","42","","1","22","","C03","24.20341","120.704225","3"
"2019","7","25","18","35","臺中市","北區","0","0","0","8","","","40","","","","","","","","","","","","","","","","","","","","B03","","","1","","2","","","23","","1","22","","B03","24.164469","120.683501","3"
"2019","7","25","18","35","臺中市","清水區","0","2","0","8","2","5","50","4","1","1","5","4","5","7","4","4","10","5","5","2","15","6","2","9","1","1","C03","7","9","1","10","2","12","","6","6","1","5","8","C03","24.26828","120.574471","2"
"2019","7","25","18","36","臺中市","潭子區","0","1","0","8","2","5","40","4","1","1","5","4","5","7","4","4","10","5","5","2","15","6","2","8","1","1","C04","7","9","1","11","2","11","","6","6","1","22","8","C04","24.210003","120.70273","2"
"2019","7","25","18","41","臺中市","北屯區","0","0","0","8","","","58","","","","","","","","","","","","","","","","","","","","B03","","","1","","2","","","12","","","","","B03","24.174086","120.719538","3"
"2019","7","25","18","50","臺中市","大里區","0","0","0","8","","","40","","","","","","","","","","","","","","","","","","","","A12","","","1","","2","","","12","","1","21","","A12","24.082692","120.70747","3"
"2019","7","25","18","53","臺中市","大雅區","0","1","0","8","3","5","50","14","9","1","5","4","5","7","1","1","5","5","5","1","13","23","3","10","1","1","B03","7","9","1","8","2","1","","23","23","1","21","8","B03","24.231813","120.673545","2"
"2019","7","25","19","5","臺中市","大雅區","0","0","0","8","","","50","","","","","","","","","","","","","","","","","","","","B03","","","1","","2","","","23","","1","21","","B03","24.225284","120.645508","3"
"2019","7","25","19","14","臺中市","大雅區","0","1","0","8","3","5","50","3","1","1","5","4","5","7","1","1","10","5","5","2","12","25","3","10","1","1","C03","7","5","1","10","2","14","","25","25","1","22","9","C03","24.228106","120.64331","2"
"2019","7","25","19","15","臺中市","北屯區","0","1","0","8","3","5","50","14","9","1","5","4","5","7","4","4","5","5","5","2","18","23","2","9","1","1","C03","7","9","4","8","2","14","","23","23","1","21","8","C03","24.165504","120.692251","2"
"2019","7","25","19","19","臺中市","西屯區","","","","8","","","50","","","","","","","","","","","","","","","","","","","","B03","","","1","","2","","","42","","1","22","","B03","24.167671","120.648638","3"
"2019","7","25","19","40","臺中市","梧棲區","0","0","0","8","","","40","","","","","","","","","","","","","","","","","","","","A11","","","1","","2","","","12","","1","","","A11","24.255301","120.540486","4"
"2019","7","25","19","40","臺中市","大甲區","0","1","0","8","3","5","70","4","1","1","5","4","5","7","1","1","1","5","5","2","16","25","3","10","1","4","B03","7","6","1","8","2","1","","25","25","1","21","8","B03","24.36572","120.641505","2"
"2019","7","25","19","45","臺中市","南屯區","0","0","0","8","","","50","","","","","","","","","","","","","","","","","","","","B03","","","1","","2","","","6","","1","22","","B03","24.130765","120.650183","3"
"2019","7","25","19","45","臺中市","大雅區","0","0","0","8","","","50","","","","","","","","","","","","","","","","","","","","C03","","","1","","2","","","19","","1","21","","C03","24.210124","120.63027","4"
"2019","7","25","19","54","臺中市","北屯區","0","0","0","8","","","50","","","","","","","","","","","","","","","","","","","","C04","","","1","","2","","","4","","1","5","","C04","24.180995","120.674153","3"
"2019","7","25","20","5","臺中市","西屯區","0","2","0","8","1","5","40","4","2","1","5","4","5","7","4","4","5","4","4","2","16","6","2","9","1","1","C03","7","5","1","10","2","11","","6","6","1","22","8","C03","24.174725","120.588891","2"
"2019","7","25","20","11","臺中市","北區","0","0","0","8","","","50","","","","","","","","","","","","","","","","","","","","B01","","","1","","2","","","23","","1","22","","B01","24.150456","120.679836","3"
"2019","7","25","20","13","臺中市","西屯區","0","0","0","8","","","50","","","","","","","","","","","","","","","","","","","","B12","","","1","","2","","","18","","1","22","","B12","24.196282","120.658613","3"
"2019","7","25","20","30","臺中市","北屯區","0","0","0","8","","","40","","","","","","","","","","","","","","","","","","","","B01","","","1","","2","","","23","","1","","","B01","24.168276","120.699625","3"
"2019","7","25","20","31","臺中市","烏日區","0","1","0","8","3","5","40","12","9","1","5","4","5","7","4","4","5","5","5","1","13","23","3","10","1","1","B03","7","14","1","8","2","3","","44","23","1","21","8","B03","24.122493","120.607343","2"
"2019","7","25","20","33","臺中市","北區","0","0","0","8","","","50","","","","","","","","","","","","","","","44","","","","","B03","","","1","","2","","","44","44","1","5","","B03","24.149657","120.677429","3"
"2019","7","25","20","40","臺中市","南屯區","0","2","0","8","3","5","50","4","1","1","5","4","5","7","2","1","10","5","5","2","17","43","2","9","1","1","C03","7","9","1","10","2","15","","43","43","1","22","9","C03","24.153885","120.632586","2"
"2019","7","25","20","54","臺中市","潭子區","0","0","0","8","","","50","","","","","","","","","","","","","","","","","","","","B03","","","1","","11","","","12","","2","22","","B03","24.187581","120.701743","3"