"年","月","日","時","分","縣市","區","死","受傷","2-30","天候","光線","道路類別","速限","道路型態","事故位置","路面鋪裝","路面狀態","路面缺陷","障礙物","視距","號誌種類","號誌動作","分向設施","快車道或一般車道間","快慢車道間","路面邊線","事故類型及型態","主要肇因","受傷程度","主要傷處","保護裝備","行動電話","當事者區分_類別","車輛用途","當事者行動狀態","駕駛資格情形","駕駛執照種類","飲酒情形","車輛撞擊部位最初","車輛撞擊部位其他","肇事因素個別","肇事因素主要","肇事逃逸","職業","旅次目的","車種","GPS座標_緯度","GPS座標_經度","事故類別"
"2019","7","25","21","11","臺中市","太平區","0","1","0","8","3","5","50","14","9","1","5","4","5","7","4","4","5","5","5","1","12","1","3","10","1","1","B12","7","4","1","8","2","2","","1","1","1","21","4","B12","24.12442","120.716347","2"
"2019","7","25","21","25","臺中市","北屯區","0","0","0","8","","","50","","","","","","","","","","","","","","","","","","","","C03","","","1","","2","","","16","","1","","","C03","24.172066","120.685332","3"
"2019","7","25","21","35","臺中市","神岡區","0","1","0","8","3","5","50","4","1","1","5","4","5","7","3","1","5","5","5","1","16","10","3","10","1","1","B03","7","11","1","8","2","8","","10","10","1","22","8","B03","24.250745","120.695975","2"
"2019","7","25","21","40","臺中市","北區","0","0","0","8","","","50","","","","","","","","","","","","","","","","","","","","B03","","","1","","2","","","23","","1","22","","B03","24.15769","120.664013","3"
"2019","7","25","21","41","臺中市","北區","0","1","0","8","3","5","50","11","9","1","5","4","5","7","4","4","10","5","5","2","16","6","3","10","1","1","B03","7","6","1","8","2","2","","6","6","1","22","8","B03","24.1631","120.6748","2"
"2019","7","25","21","49","臺中市","北屯區","0","2","0","8","3","5","50","4","1","1","5","4","5","7","1","1","10","5","5","2","15","25","2","9","1","1","C03","7","9","1","10","2","11","12","25","25","1","5","8","C03","24.169516","120.706018","2"
"2019","7","25","22","12","臺中市","太平區","0","1","0","8","3","5","50","14","9","1","5","4","5","7","4","4","5","5","5","2","16","26","2","9","1","1","C03","7","11","1","10","2","13","","26","26","1","21","8","C03","24.126249","120.711878","2"
"2019","7","25","22","17","臺中市","西屯區","0","1","0","8","1","5","40","14","8","1","5","4","5","7","4","4","5","4","4","2","16","9","3","10","1","1","B03","7","6","1","8","2","6","","9","9","1","22","8","B03","24.157856","120.640451","2"
"2019","7","25","22","20","臺中市","沙鹿區","0","0","0","8","","","60","","","","","","","","","","","","","","","","","","","","B03","","","1","","2","","","23","","1","3","","B03","24.248376","120.57587","3"
"2019","7","25","22","26","臺中市","沙鹿區","0","1","0","8","3","5","40","15","20","4","5","4","5","7","4","4","10","5","5","2","29","67","","","","","","","","","","","","","67","67","1","","","","24.199984","120.58055","2"
"2019","7","25","22","27","臺中市","北屯區","0","0","0","8","","","50","","","","","","","","","","","","","","","","","","","","B03","","","1","","2","","","43","","1","","","B03","24.170146","120.733046","3"
"2019","7","25","22","33","臺中市","北區","0","0","0","8","","","50","","","","","","","","","","","","","","","","","","","","C03","","","1","","2","","","22","","1","","","C03","24.157232","120.673569","3"
"2019","7","25","23","0","臺中市","南區","0","1","0","8","3","5","50","3","2","1","5","4","5","7","1","1","5","2","4","2","16","26","2","9","1","1","C03","7","9","1","10","2","14","","26","26","1","21","8","C03","24.11328","120.657923","2"
"2019","7","25","23","16","臺中市","和平區","0","0","0","8","4","4","40","14","9","1","5","4","5","7","4","4","5","5","5","1","14","12","","","","","A11","","","1","","2","","","12","12","1","4","","A11","24.24933","121.24896","3"
"2019","7","25","23","36","臺中市","大雅區","0","0","0","8","","","50","","","","","","","","","","","","","","","","","","","","B03","","","1","","2","","","23","","1","21","","B03","24.218053","120.64892","3"
"2019","7","25","23","39","臺中市","西屯區","0","1","0","8","3","5","50","3","1","1","5","4","5","7","4","4","9","4","4","2","12","9","3","10","1","1","B03","7","6","1","8","2","5","","9","9","1","22","9","B03","24.170621","120.647023","2"
"2019","7","25","23","45","臺中市","大里區","0","0","0","8","3","5","50","14","7","1","5","4","5","7","4","4","9","5","4","2","12","6","3","10","1","1","B01","7","5","1","4","2","7","","6","6","1","10","8","B01","24.095746","120.696595","3"
"2019","7","26","0","18","臺中市","西屯區","0","1","0","8","3","5","50","14","9","1","5","4","5","7","4","4","5","4","5","2","18","42","2","9","1","1","C03","7","9","1","10","2","12","13","42","42","1","18","8","C03","24.192006","120.608401","2"
"2019","7","26","2","21","臺中市","北屯區","0","1","0","8","1","5","50","14","8","1","5","4","5","7","4","4","9","5","4","2","16","23","2","1","1","1","B03","7","9","1","8","11","5","","23","23","2","5","8","B03","24.190785","120.68445","2"
"2019","7","26","3","5","臺中市","北屯區","0","0","0","8","3","5","50","4","1","1","5","4","5","7","3","1","4","3","5","2","16","6","3","10","1","1","B03","7","9","1","8","2","5","","6","6","1","21","8","B03","24.175231","120.691901","3"
"2019","7","26","4","41","臺中市","清水區","0","0","0","8","","","70","","","","","","","","","","","","","","","","","","","","B12","","","1","","2","","","23","","1","12","","B12","24.295232","120.557815","3"
"2019","7","26","4","57","臺中市","北屯區","0","0","0","8","","","50","","","","","","","","","","","","","","","","","","","","B12","","","1","","2","","","23","","1","9","","B12","24.1881","120.6863","3"
"2019","7","26","5","18","臺中市","大雅區","0","1","0","8","1","5","50","4","1","1","5","4","5","7","1","1","9","4","5","1","18","23","2","9","1","1","C03","7","9","1","10","2","11","","23","23","1","12","9","C03","24.22736","120.65059","2"
"2019","7","26","6","23","臺中市","北屯區","0","0","0","8","1","7","40","14","16","1","5","4","5","7","4","4","10","3","5","1","13","23","3","10","1","1","B03","7","9","1","4","3","1","","23","23","1","","8","B03","24.201261","120.666666","3"
"2019","7","26","6","51","臺中市","北屯區","0","2","0","8","2","5","40","14","9","1","5","4","5","7","4","4","10","5","5","2","13","43","2","8","1","1","C03","7","9","1","10","2","12","","43","43","1","20","8","C03","24.178","120.7337","2"
"2019","7","26","7","0","臺中市","北屯區","0","0","0","8","","","50","","","","","","","","","","","","","","","42","","","","","B12","","","1","8","2","","","42","42","1","21","","B12","24.183393","120.695228","3"
"2019","7","26","7","2","臺中市","梧棲區","0","0","0","8","","","70","","","","","","","","","","","","","","","","","","","","B03","","","1","","2","","","7","","1","2","","B03","24.249032","120.53863","3"
"2019","7","26","7","9","臺中市","潭子區","0","1","0","8","1","5","50","3","1","1","5","4","5","7","4","4","5","5","5","1","17","42","2","9","1","1","C03","7","6","1","10","2","11","","42","42","1","22","8","C03","24.223067","120.701394","2"
"2019","7","26","7","20","臺中市","大甲區","0","1","0","8","1","5","70","14","8","1","5","4","5","7","4","4","1","4","5","1","17","23","2","1","1","1","C03","7","9","1","10","2","15","","23","23","1","4","1","C03","24.37591","120.648099","2"
"2019","7","26","7","21","臺中市","大雅區","0","1","0","8","1","5","40","4","2","1","5","4","5","7","3","1","10","5","5","1","16","6","3","10","1","1","B03","7","9","1","8","2","1","","6","6","1","22","8","B03","24.237384","120.640547","2"
"2019","7","26","7","25","臺中市","東區","0","1","0","8","1","5","50","4","1","1","5","4","5","7","1","1","10","5","5","2","16","25","2","9","1","1","C03","7","9","1","10","2","11","","25","25","1","22","8","C03","24.144606","120.697603","2"
"2019","7","26","7","27","臺中市","西屯區","0","2","0","8","1","5","50","14","8","1","5","4","5","7","4","4","10","5","5","2","12","7","2","9","1","1","C03","7","8","1","10","2","11","","7","7","1","21","8","C03","24.180002","120.634542","2"
"2019","7","26","7","30","臺中市","大雅區","0","1","0","8","1","5","40","4","1","1","5","4","5","7","4","4","10","5","5","2","15","6","2","9","1","1","C03","7","9","1","10","2","14","","6","6","1","22","9","C03","24.228664","120.649069","2"
"2019","7","26","7","35","臺中市","北區","0","2","0","8","1","5","50","4","1","1","5","4","3","5","1","1","10","5","5","2","17","23","2","9","1","4","C03","7","9","2","18","2","11","","23","23","1","21","8","C03","24.162973","120.668108","2"
"2019","7","26","7","35","臺中市","潭子區","0","0","0","8","","","50","","","","","","","","","","","","","","","","","","","","B03","","","1","","2","","","40","","1","21","","B03","24.188196","120.700155","3"
"2019","7","26","7","40","臺中市","霧峰區","0","1","0","8","1","5","40","3","2","1","5","4","5","7","4","4","10","5","5","1","29","67","","","","","","","","","","","","","67","67","1","","","","24.065081","120.679761","2"
"2019","7","26","7","41","臺中市","神岡區","0","0","0","8","","","50","","","","","","","","","","","","","","","23","","","","","B03","","","1","","2","","","23","23","1","22","","B03","24.257969","120.655323","3"
"2019","7","26","7","45","臺中市","沙鹿區","0","2","0","8","1","5","50","4","1","1","5","4","5","3","4","4","10","5","5","2","16","8","2","9","1","1","C03","7","5","1","10","2","14","","8","8","1","22","9","C03","24.216205","120.570074","2"
"2019","7","26","7","45","臺中市","大甲區","0","0","0","8","","","40","","","","","","","","","","","","","","","16","","","","","C03","","","1","","9","","","23","16","1","","","C03","24.35697","120.637588","3"
"2019","7","26","7","46","臺中市","北屯區","0","2","0","8","1","5","50","14","7","1","5","4","5","7","4","4","1","4","4","2","13","16","2","9","3","4","C03","7","9","1","10","2","11","","16","16","1","22","8","C03","24.183558","120.701986","2"
"2019","7","26","7","48","臺中市","烏日區","0","0","0","8","","","50","","","","","","","","","","","","","","","","","","","","G03","","","1","","2","","","17","","1","10","","G03","24.102888","120.613184","3"
"2019","7","26","7","49","臺中市","北屯區","0","0","0","8","","","40","","","","","","","","","","","","","","","","","","","","B03","","","1","","2","","","23","","1","","","B03","24.201224","120.682929","3"
"2019","7","26","7","50","臺中市","大甲區","0","1","0","8","1","5","40","4","1","1","5","4","5","7","4","4","10","5","5","2","15","6","2","1","2","1","B12","7","9","1","8","2","2","","6","6","1","4","8","B12","24.404441","120.644968","2"
"2019","7","26","7","52","臺中市","外埔區","0","0","0","8","1","5","50","4","13","1","5","4","5","7","1","1","5","5","5","1","12","","","","","","B03","","","1","","2","","","18","","","19","","B03","24.329849","120.652507","3"
"2019","7","26","8","0","臺中市","太平區","0","0","0","8","","","40","","","","","","","","","","","","","","","","","","","","","","","7","","11","","","16","","","","","","24.148157","120.715","3"
"2019","7","26","8","7","臺中市","西屯區","0","2","0","8","1","5","50","4","1","1","5","4","5","7","1","1","1","3","5","2","3","43","2","9","1","1","C03","7","9","1","10","2","12","","43","43","1","21","8","C03","24.160806","120.647903","2"
"2019","7","26","8","8","臺中市","北屯區","0","0","0","8","","","50","","","","","","","","","","","","","","","","","","","","B03","","","1","","2","","","26","","1","4","","B03","24.180668","120.719608","3"
"2019","7","26","8","16","臺中市","中區","0","0","0","8","","","50","","","","","","","","","","","","","","","23","3","","","","B12","","","1","","2","","","23","23","","5","","B12","24.144167","120.678965","3"
"2019","7","26","8","16","臺中市","西屯區","0","0","0","8","","","50","","","","","","","","","","","","","","","23","","","","","B03","","","1","","2","","","23","23","1","","","B03","24.165758","120.652294","3"
"2019","7","26","8","16","臺中市","沙鹿區","0","0","0","8","","","40","","","","","","","","","","","","","","","44","","","","","B03","","","1","","2","","","44","44","1","21","","B03","24.261952","120.57423","3"
"2019","7","26","8","17","臺中市","北區","0","1","0","8","1","5","50","4","1","1","5","4","5","7","1","1","10","5","5","2","17","6","3","10","1","1","B03","7","5","1","8","2","2","","6","6","1","21","8","B03","24.156786","120.694442","2"
"2019","7","26","8","17","臺中市","大雅區","0","1","0","8","1","5","50","4","1","1","5","4","5","7","1","1","10","5","5","2","12","6","3","10","1","1","B03","7","6","1","8","2","2","","6","6","1","22","9","B03","24.212203","120.660717","2"
"2019","7","26","8","35","臺中市","沙鹿區","0","1","0","8","1","5","50","3","1","1","5","4","5","7","4","4","10","5","5","2","16","10","3","10","1","1","B03","7","11","1","8","2","4","","10","10","1","9","9","B03","24.22492","120.576386","2"
"2019","7","26","8","48","臺中市","潭子區","0","0","0","8","","","50","","","","","","","","","","","","","","","","","","","","B03","","","1","","2","","","17","","1","22","","B03","24.223686","120.697263","3"
"2019","7","26","8","58","臺中市","大甲區","0","0","0","8","1","5","40","14","9","1","5","4","5","7","4","4","4","3","4","1","13","16","","","","","B03","","","1","","2","","","16","16","1","2","","B03","24.340055","120.625702","3"
"2019","7","26","9","0","臺中市","西屯區","0","2","0","8","1","5","50","3","1","1","5","4","5","7","1","1","10","5","5","2","12","19","2","9","1","1","C03","7","1","1","10","2","11","","19","19","1","21","8","C03","24.182901","120.615275","2"
"2019","7","26","9","2","臺中市","太平區","0","1","0","8","1","5","40","3","1","1","5","4","5","7","4","4","10","5","5","2","12","23","3","10","1","1","B03","7","6","1","8","2","5","","23","23","1","5","1","B03","24.154637","120.733511","2"
"2019","7","26","9","7","臺中市","西屯區","0","0","0","8","","","40","","","","","","","","","","","","","","","23","","","","","A12","","","1","","2","","","23","23","1","","","A12","24.157355","120.648308","3"
"2019","7","26","9","8","臺中市","龍井區","0","1","0","8","","","40","","","","","","","","","","","","","","","","","","","","C03","","","1","","2","","","6","","1","","","C03","24.190444","120.533981","3"
"2019","7","26","9","13","臺中市","沙鹿區","0","1","0","8","1","5","50","4","1","1","5","4","5","7","3","1","10","5","5","2","15","6","2","9","1","1","C03","7","9","1","10","2","14","","6","6","1","21","8","C03","24.236869","120.561868","2"
"2019","7","26","9","15","臺中市","南屯區","0","1","0","8","1","5","40","14","8","1","5","4","5","7","4","4","5","4","4","2","17","23","2","9","1","1","C03","7","9","1","10","2","11","","23","23","1","21","8","C03","24.154885","120.61684","2"
"2019","7","26","9","20","臺中市","北區","0","0","0","8","","","50","","","","","","","","","","","","","","","7","3","","","","B02","","","1","","2","","","7","7","1","22","","B02","24.165071","120.685026","3"
"2019","7","26","9","20","臺中市","梧棲區","0","2","0","8","1","5","40","14","8","1","5","4","5","7","1","1","10","5","3","1","12","16","2","8","1","1","C03","7","9","1","10","2","11","","16","16","1","18","1","C03","24.247611","120.542234","2"
"2019","7","26","9","24","臺中市","霧峰區","0","0","0","8","","","40","","","","","","","","","","","","","","","","","","","","B03","","","1","","2","","","19","","1","21","","B03","24.072104","120.662563","3"
"2019","7","26","9","33","臺中市","西屯區","0","0","0","8","","","50","","","","","","","","","","","","","","","","","","","","B12","","","1","","2","","","23","","1","","","B12","24.173848","120.62311","3"
"2019","7","26","9","36","臺中市","北區","0","2","0","8","1","5","50","3","1","1","5","4","5","7","4","4","5","5","5","2","17","1","2","9","1","1","C03","7","4","1","10","2","12","","1","1","1","21","8","C03","24.169149","120.674278","2"
"2019","7","26","9","43","臺中市","北屯區","0","0","0","8","","","40","","","","","","","","","","","","","","","42","","","","","B12","","","1","8","2","","","42","42","1","21","","B12","24.162356","120.688981","3"
"2019","7","26","9","55","臺中市","北區","0","1","0","8","1","5","40","14","8","1","5","4","5","7","4","4","10","2","4","2","13","23","2","9","1","1","C03","7","9","1","10","2","11","","23","23","1","22","8","C03","24.154216","120.67708","2"
"2019","7","26","9","56","臺中市","東區","0","1","0","8","1","5","40","5","1","1","5","4","5","7","1","1","10","5","5","2","29","67","","","","","","","","","","","","","67","67","1","","","","24.14015","120.693656","2"
"2019","7","26","9","58","臺中市","沙鹿區","0","1","0","8","1","5","50","3","1","1","5","4","5","7","4","4","10","5","5","2","16","10","3","10","1","1","B03","7","11","1","8","2","5","","10","10","1","4","9","B03","24.236952","120.568767","2"
"2019","7","26","10","3","臺中市","清水區","0","0","0","8","1","5","70","3","2","1","5","4","5","7","2","1","9","4","4","1","13","23","3","10","1","1","B03","7","14","1","8","8","3","","23","23","1","21","1","B03","24.268428","120.565471","3"
"2019","7","26","10","7","臺中市","北區","0","2","0","8","1","5","50","4","1","1","5","4","5","7","1","1","10","5","5","2","16","6","2","9","1","4","C03","7","5","6","18","2","14","","6","6","1","21","8","C03","24.172442","120.676019","2"
"2019","7","26","10","17","臺中市","北區","0","1","0","8","1","5","50","4","1","1","5","4","5","7","1","1","3","4","4","2","17","23","2","9","1","1","C03","7","9","1","10","2","11","","23","23","1","21","8","C03","24.162862","120.674507","2"
"2019","7","26","10","17","臺中市","南屯區","0","0","0","8","","","40","","","","","","","","","","","","","","","","3","","","","B12","","","1","","2","","","23","","1","22","","B12","24.117504","120.634513","3"
"2019","7","26","10","19","臺中市","清水區","0","2","0","8","1","5","40","14","9","1","5","4","5","7","4","4","10","5","5","2","20","43","2","9","1","1","C03","7","9","1","10","2","11","","43","43","1","21","8","C03","24.305976","120.547676","2"
"2019","7","26","10","21","臺中市","大雅區","0","0","0","8","","","50","","","","","","","","","","","","","","","","","","","","B12","","","1","","2","","","12","","1","","","B12","24.214194","120.634854","3"
"2019","7","26","10","40","臺中市","豐原區","0","0","0","","","","","","","","","","","","","","","","","","","","","","","","B12","","","1","","2","","","12","","","","","B12","24.230507","120.724247","3"
"2019","7","26","10","49","臺中市","太平區","0","0","0","8","","","40","","","","","","","","","","","","","","","","","","","","B03","","","1","","2","","","16","","1","22","","B03","24.150717","120.714825","3"
"2019","7","26","10","50","臺中市","中區","0","3","0","8","1","5","50","5","1","1","5","4","5","7","1","1","10","5","5","2","16","8","2","9","1","1","C03","7","5","1","10","2","14","","8","8","1","21","8","C03","24.143983","120.679326","2"
"2019","7","26","10","52","臺中市","西區","0","0","0","8","","","50","","","","","","","","","","","","","","","","","","","","B01","","","1","","2","","","23","","1","10","","B01","24.146715","120.66094","3"
"2019","7","26","10","54","臺中市","烏日區","0","1","0","8","1","5","60","4","1","1","5","4","5","7","2","1","10","5","5","2","16","10","3","10","1","1","A12","7","11","1","2","2","2","","10","10","1","10","1","A12","24.105425","120.620454","2"
"2019","7","26","10","55","臺中市","西區","0","0","0","8","","","50","","","","","","","","","","","","","","","6","3","","","","B03","","","1","","2","","","23","6","","5","","B03","24.146714","120.660945","3"
"2019","7","26","11","0","臺中市","烏日區","0","0","0","8","","","50","","","","","","","","","","","","","","","","","","","","B03","","","1","","2","","","9","","1","22","","B03","24.107561","120.600248","3"
"2019","7","26","11","0","臺中市","沙鹿區","0","1","0","8","1","5","40","14","9","1","5","4","5","7","4","4","10","5","5","2","14","12","3","10","1","1","B03","7","2","1","8","2","3","","12","12","1","20","5","B03","24.242351","120.561475","2"
"2019","7","26","11","4","臺中市","西屯區","0","1","0","8","1","5","50","4","1","1","5","4","5","7","4","4","4","3","5","2","16","10","3","10","1","1","B12","7","11","1","8","2","4","","10","10","1","21","8","B12","24.203683","120.628931","2"
"2019","7","26","11","7","臺中市","后里區","0","1","0","8","1","5","50","4","1","1","5","4","5","7","1","1","10","5","5","2","16","6","3","10","1","1","B03","7","5","1","8","2","2","","6","6","1","23","8","B03","24.311503","120.695636","2"
"2019","7","26","11","10","臺中市","后里區","0","2","0","8","1","5","50","4","1","1","5","4","5","7","4","4","10","5","5","2","15","6","2","9","1","1","C03","7","9","3","18","2","11","","6","6","1","19","8","C03","24.31131","120.695805","2"
"2019","7","26","11","20","臺中市","大雅區","0","1","0","8","1","5","50","14","9","1","5","4","5","7","4","4","5","4","5","1","16","19","3","10","1","1","B03","7","1","1","8","2","4","","19","19","1","21","8","B03","24.228649","120.653148","2"
"2019","7","26","11","25","臺中市","北屯區","0","0","0","8","","","50","","","","","","","","","","","","","","","","","","","","B03","","","1","","2","","","23","","1","22","","B03","24.17533","120.735566","3"
"2019","7","26","11","28","臺中市","后里區","0","1","0","8","1","5","60","3","7","1","5","4","5","7","1","1","1","4","4","1","13","23","2","9","1","1","C03","7","9","1","10","2","11","","23","23","1","18","8","C03","24.300101","120.723275","2"
"2019","7","26","11","31","臺中市","潭子區","0","1","0","8","1","5","50","4","1","1","5","4","5","7","4","4","10","5","5","2","11","5","3","10","1","1","B12","7","9","1","8","2","6","","5","5","1","22","8","B12","24.188341","120.701781","2"
"2019","7","26","11","40","臺中市","北屯區","0","0","0","8","","","50","","","","","","","","","","","","","","","","","","","","B03","","","1","","2","","","23","","1","4","","B03","24.181966","120.701253","3"
"2019","7","26","11","47","臺中市","太平區","0","0","0","8","","","50","","","","","","","","","","","","","","","","","","","","B03","","","1","","2","","","23","","1","","","B03","24.127839","120.716184","3"
"2019","7","26","11","48","臺中市","神岡區","0","1","0","8","1","5","50","14","8","1","5","4","5","7","4","4","1","4","4","1","12","7","3","10","1","1","C03","7","8","1","10","2","13","","7","7","1","22","8","C03","24.24729","120.687699","2"
"2019","7","26","11","49","臺中市","太平區","0","0","0","8","","","80","","","","","","","","","","","","","","","","","","","","A05","","","1","","2","","","16","","1","22","","A05","24.157491","120.717328","3"
"2019","7","26","11","50","臺中市","北屯區","0","0","0","8","","","50","","","","","","","","","","","","","","","23","","","","","B03","","","1","8","2","","","23","23","1","21","","B03","24.189465","120.688388","3"
"2019","7","26","11","53","臺中市","西區","0","0","0","8","","","50","","","","","","","","","","","","","","","","","","","","C03","","","1","","2","","","23","","1","","","C03","24.153375","120.666128","4"
"2019","7","26","11","58","臺中市","沙鹿區","0","2","0","8","1","5","40","3","1","1","5","4","5","7","1","1","10","5","5","2","16","25","2","7","1","1","C03","7","9","1","10","2","14","","25","25","1","18","8","C03","24.241639","120.571175","2"
"2019","7","26","12","0","臺中市","北屯區","0","0","0","8","","","50","","","","","","","","","","","","","","","","","","","","B03","","","1","","2","","","25","","1","","","B03","24.173752","120.730186","3"
"2019","7","26","12","4","臺中市","梧棲區","0","0","0","8","","","50","","","","","","","","","","","","","","","","","","","","B03","","","1","","2","","","6","","1","","","B03","24.257207","120.531558","3"
"2019","7","26","12","9","臺中市","潭子區","0","1","0","8","1","5","50","4","1","1","5","4","5","7","1","1","5","5","4","1","16","16","2","9","1","1","C03","7","9","1","10","2","11","","16","16","1","22","8","C03","24.225166","120.688206","2"
"2019","7","26","12","24","臺中市","東區","0","0","0","8","","","50","","","","","","","","","","","","","","","","","","","","B03","","","1","","2","","","23","","1","","","B03","24.132878","120.693815","3"
"2019","7","26","12","27","臺中市","北區","0","0","0","8","","","50","","","","","","","","","","","","","","","7","3","","","","B03","","","1","8","2","5","","7","7","","21","","B03","24.163168","120.681619","3"
"2019","7","26","12","29","臺中市","北屯區","0","1","0","8","1","5","50","4","1","1","5","4","5","7","4","4","10","5","5","2","16","42","3","10","3","4","B03","7","6","1","8","2","2","","42","42","1","21","8","B03","24.191897","120.666686","2"
"2019","7","26","12","38","臺中市","西屯區","0","1","0","8","1","5","50","4","1","1","5","4","5","7","4","4","10","5","5","2","17","14","2","9","1","1","C03","7","9","1","10","2","12","","14","14","1","22","8","C03","24.174316","120.66601","2"
"2019","7","26","12","45","臺中市","北屯區","0","0","0","8","","","50","","","","","","","","","","","","","","","","","","","","B02","","","3","","2","","","26","","1","5","","B02","24.17182","120.685481","3"
"2019","7","26","12","45","臺中市","大雅區","0","1","0","8","1","5","50","4","1","1","5","4","5","7","1","1","10","5","5","1","17","11","2","9","4","1","F01","7","11","8","20","2","16","","11","11","1","21","8","F01","24.22932","120.665677","2"
"2019","7","26","12","48","臺中市","霧峰區","0","0","0","8","","","40","","","","","","","","","","","","","","","","","","","","B03","","","1","","2","","","7","","1","21","","B03","24.060349","120.662664","3"
"2019","7","26","13","1","臺中市","和平區","0","0","0","8","1","4","25","11","9","1","5","4","5","1","4","4","10","5","5","1","11","5","3","10","1","1","B03","7","5","1","8","2","4","","5","5","1","5","6","B03","24.250913","121.252101","3"
"2019","7","26","13","2","臺中市","西屯區","0","1","0","8","1","5","50","14","7","1","5","4","5","7","4","4","10","5","5","2","16","26","3","10","1","1","C03","7","5","1","10","2","12","","26","26","1","21","8","C03","24.190596","120.611917","2"
"2019","7","26","13","7","臺中市","北屯區","0","0","0","8","","","40","","","","","","","","","","","","","","","","","","","","B03","","","1","","2","","","23","","1","","","B03","24.171739","120.69889","3"
"2019","7","26","13","10","臺中市","大雅區","0","1","0","8","1","5","50","14","9","1","5","4","5","7","4","4","9","5","5","1","18","23","2","8","1","1","C03","7","9","1","10","2","15","","23","23","1","21","8","C03","24.233155","120.674773","2"
"2019","7","26","13","19","臺中市","龍井區","0","1","0","8","1","5","50","3","1","1","5","4","5","7","4","4","10","5","5","2","17","42","2","9","1","1","C03","7","9","1","10","2","14","","42","42","1","21","8","C03","24.18517","120.585173","2"
"2019","7","26","13","34","臺中市","神岡區","0","0","0","8","","","50","","","","","","","","","","","","","","","","","","","","C04","","","3","","2","","","6","","1","19","","C04","24.244176","120.683163","3"
"2019","7","26","13","42","臺中市","南屯區","0","0","0","8","","","40","","","","","","","","","","","","","","","","3","","","","B12","","","1","","2","","","23","","1","22","","B12","24.151125","120.623193","3"
"2019","7","26","13","47","臺中市","北屯區","0","1","0","8","1","5","50","4","1","1","5","4","5","7","1","1","10","5","5","2","16","6","3","10","1","1","B03","7","6","1","8","2","2","","6","6","1","21","8","B03","24.172685","120.681673","2"
"2019","7","26","14","7","臺中市","南屯區","0","0","0","8","1","5","50","4","1","1","5","4","5","7","4","4","10","5","5","2","12","1","3","10","1","1","B12","7","9","1","8","4","5","","1","1","1","5","8","B12","24.139398","120.638863","3"
"2019","7","26","14","12","臺中市","神岡區","0","0","0","8","","","50","","","","","","","","","","","","","","","7","","","","","B02","","","1","","2","","","7","7","1","22","","B02","24.24868","120.696212","3"
"2019","7","26","14","13","臺中市","南屯區","0","1","0","8","1","5","50","14","9","1","5","2","5","7","4","4","9","5","5","2","18","21","2","9","1","1","C03","7","9","1","10","8","11","","21","21","1","22","9","C03","24.149475","120.628339","2"
"2019","7","26","14","19","臺中市","南屯區","0","0","0","8","","","80","","","","","","","","","","","","","","","","3","","","","B12","","","1","","2","","","7","","1","22","","B12","24.145866","120.623401","3"
"2019","7","26","14","19","臺中市","西屯區","0","1","0","8","1","5","60","4","1","1","5","4","5","7","1","1","1","3","5","2","16","6","3","10","1","1","B03","7","6","1","8","2","6","","6","6","1","21","8","B03","24.162496","120.630929","2"
"2019","7","26","14","30","臺中市","神岡區","0","0","0","8","","","50","","","","","","","","","","","","","","","","","","","","B03","","","1","","2","","","42","","1","3","","B03","24.275219","120.704948","3"
"2019","7","26","14","36","臺中市","西區","0","2","0","8","1","5","50","4","2","1","5","4","5","7","4","4","10","5","5","2","15","6","2","9","4","1","F01","7","9","8","20","2","16","","6","6","1","5","5","F01","24.150217","120.66167","2"
"2019","7","26","14","36","臺中市","潭子區","0","0","0","8","","","60","","","","","","","","","","","","","","","","","","","","B03","","","1","","2","","","42","","1","22","","B03","24.22677","120.707892","3"
"2019","7","26","14","48","臺中市","西區","0","0","0","8","","","50","","","","","","","","","","","","","","","","","","","","B03","","","1","","2","","","12","","1","21","","B03","24.134197","120.6631","4"
"2019","7","26","14","50","臺中市","北區","0","0","0","8","","","50","","","","","","","","","","","","","","","","","","","","A02","","","1","","2","","","17","","1","","","A02","24.155613","120.697351","3"
"2019","7","26","14","52","臺中市","沙鹿區","0","2","0","8","1","5","50","3","1","1","5","4","5","7","1","1","10","5","5","2","13","16","2","9","1","1","B03","7","9","1","8","2","1","","16","16","1","4","8","B03","24.221903","120.578357","2"
"2019","7","26","15","0","臺中市","大里區","0","0","0","8","","","40","","","","","","","","","","","","","","","","","","","","B12","","","1","","2","","","7","","1","5","","B12","24.100418","120.691549","3"
"2019","7","26","15","16","臺中市","清水區","0","0","0","8","","","50","","","","","","","","","","","","","","","","","","","","B03","","","1","","2","","","6","","1","12","","B03","24.275084","120.556658","3"
"2019","7","26","15","32","臺中市","龍井區","0","0","0","8","","","50","","","","","","","","","","","","","","","","","","","","A12","","","1","","9","","","33","","1","","","A12","24.201111","120.547723","3"
"2019","7","26","15","35","臺中市","西屯區","0","0","0","8","","","40","","","","","","","","","","","","","","","","","","","","B12","","","1","","2","","","42","","1","22","","B12","24.171182","120.651195","3"