"年","月","日","時","分","縣市","區","死","受傷","2-30","天候","光線","道路類別","速限","道路型態","事故位置","路面鋪裝","路面狀態","路面缺陷","障礙物","視距","號誌種類","號誌動作","分向設施","快車道或一般車道間","快慢車道間","路面邊線","事故類型及型態","主要肇因","受傷程度","主要傷處","保護裝備","行動電話","當事者區分_類別","車輛用途","當事者行動狀態","駕駛資格情形","駕駛執照種類","飲酒情形","車輛撞擊部位最初","車輛撞擊部位其他","肇事因素個別","肇事因素主要","肇事逃逸","職業","旅次目的","車種","GPS座標_緯度","GPS座標_經度","事故類別"
"2019","7","26","15","38","臺中市","北屯區","0","2","0","8","1","5","50","3","1","1","5","4","5","7","4","4","10","5","5","2","16","7","2","3","3","4","B03","7","8","1","8","2","2","","7","7","1","22","8","B03","24.164994","120.696122","2"
"2019","7","26","15","40","臺中市","沙鹿區","0","2","0","8","1","5","50","5","2","1","5","4","5","7","4","4","10","5","5","2","17","5","2","7","1","1","C03","7","5","1","10","2","11","","5","5","1","4","5","C03","24.243652","120.604907","2"
"2019","7","26","15","59","臺中市","西區","0","0","0","8","","","40","","","","","","","","","","","","","","","","","","","","B03","","","1","","2","","","12","","1","","","B03","24.144563","120.670206","3"
"2019","7","26","16","0","臺中市","北屯區","0","1","0","8","1","5","50","4","1","1","5","4","5","7","1","1","10","5","5","2","13","16","2","9","1","1","C03","7","15","1","10","2","11","12","16","16","1","5","8","C03","24.177206","120.688576","2"
"2019","7","26","16","13","臺中市","南區","0","1","0","8","1","5","50","14","9","1","5","4","5","7","4","4","3","4","5","2","13","23","3","10","3","4","B12","7","9","1","7","2","1","","23","23","1","5","8","B12","24.121041","120.649658","2"
"2019","7","26","16","15","臺中市","清水區","0","0","0","8","","","40","","","","","","","","","","","","","","","","","","","","B03","","","1","","2","","","23","","1","21","","B03","24.274593","120.547273","3"
"2019","7","26","16","19","臺中市","西屯區","0","0","0","8","","","1","","","","","","","","","","","","","","","","","","","","B12","","","3","","2","","","23","","1","","","B12","24.201319","120.662651","3"
"2019","7","26","16","19","臺中市","后里區","0","2","0","8","1","5","50","4","1","1","5","4","5","7","1","1","10","5","5","2","16","6","2","8","1","4","C03","7","5","1","10","2","12","","6","6","1","22","8","C03","24.314095","120.692553","2"
"2019","7","26","16","40","臺中市","西屯區","0","1","0","8","1","5","50","14","9","1","5","4","5","7","4","4","1","4","4","2","16","23","2","7","1","1","C03","7","9","1","10","2","14","","23","23","1","22","8","C03","24.180355","120.631192","2"
"2019","7","26","16","40","臺中市","東勢區","0","0","0","8","","","50","","","","","","","","","","","","","","","","","","","","B03","","","1","","2","","","23","","1","22","","B03","24.257148","120.825105","3"
"2019","7","26","16","45","臺中市","南區","0","1","0","8","1","5","50","3","1","1","5","4","5","7","1","1","10","5","5","2","16","6","3","10","1","1","B03","7","5","1","8","2","2","","6","6","1","5","8","B03","24.127057","120.665991","2"
"2019","7","26","16","48","臺中市","清水區","0","2","0","8","1","5","50","3","1","1","5","4","5","7","4","4","10","5","4","2","12","7","2","9","1","1","C03","7","8","1","10","2","12","","7","7","1","8","8","C03","24.289133","120.615661","2"
"2019","7","26","16","48","臺中市","潭子區","0","0","0","8","","","50","","","","","","","","","","","","","","","","","","","","B03","","","1","","9","","","16","","2","22","","B03","24.194041","120.695223","3"
"2019","7","26","16","50","臺中市","烏日區","0","0","0","8","","","40","","","","","","","","","","","","","","","","","","","","B02","","","1","","2","","","7","","1","22","","B02","24.112756","120.616389","3"
"2019","7","26","16","53","臺中市","龍井區","0","1","0","8","1","5","50","3","2","1","5","4","5","7","4","4","5","5","5","1","17","6","3","10","3","4","B03","7","6","1","8","2","15","","6","6","1","22","9","B03","24.190861","120.593187","2"
"2019","7","26","16","54","臺中市","西屯區","0","1","0","8","1","5","50","4","1","1","5","4","5","7","2","1","10","5","5","2","12","43","2","9","3","4","C03","7","21","1","10","2","14","","43","43","1","22","9","C03","24.167388","120.640903","2"
"2019","7","26","16","55","臺中市","大雅區","0","1","0","8","1","5","50","14","9","1","5","4","5","7","4","4","5","4","4","1","18","23","2","1","1","1","C03","7","9","1","10","2","15","","23","23","1","21","8","C03","24.209711","120.630026","2"
"2019","7","26","17","7","臺中市","西屯區","0","0","0","8","1","5","50","14","9","1","5","4","5","7","4","4","8","4","5","2","16","18","3","10","3","4","B03","7","3","1","8","2","6","","18","18","1","22","9","B03","24.160683","120.648985","3"
"2019","7","26","17","25","臺中市","大雅區","0","0","0","","","","","","","","","","","","","","","","","","","23","","","","","C03","","","1","","2","","","23","23","1","21","","C03","24.237499","120.655231","3"
"2019","7","26","17","28","臺中市","沙鹿區","0","1","0","8","1","5","40","3","8","1","5","4","5","7","1","1","10","5","5","2","13","23","2","9","1","1","C03","7","9","1","10","2","11","","23","23","1","4","8","C03","24.214579","120.58097","2"
"2019","7","26","17","37","臺中市","潭子區","0","0","0","8","1","5","60","14","7","1","5","4","5","7","4","4","1","3","4","1","16","","","","","","B03","","","1","","2","","","7","","1","","","B03","24.214977","120.702759","3"
"2019","7","26","17","42","臺中市","北屯區","0","1","0","8","1","5","50","4","1","1","5","4","5","7","1","1","10","5","5","2","16","6","3","10","3","4","B03","7","5","1","8","2","5","","6","6","1","21","8","B03","24.17531","120.685435","2"
"2019","7","26","17","44","臺中市","西區","0","0","0","8","","","50","","","","","","","","","","","","","","","","","","","","B03","","","1","","2","","","23","","1","5","","B03","24.153038","120.657791","4"
"2019","7","26","17","53","臺中市","清水區","0","2","0","8","1","5","40","14","8","1","5","4","5","7","4","4","1","4","4","1","12","23","2","9","1","1","C03","7","9","1","10","1","11","","23","23","1","21","8","C03","24.2731","120.569401","2"
"2019","7","26","17","55","臺中市","大雅區","0","1","0","8","1","5","50","14","9","1","5","4","5","7","4","4","5","4","5","1","17","23","3","10","1","1","B03","7","9","1","8","2","2","","23","23","1","21","8","B03","24.225963","120.646424","2"
"2019","7","26","17","59","臺中市","北區","0","0","0","8","","","50","","","","","","","","","","","","","","","","","","","","H01","","","8","","10","","","60","","1","22","","H01","24.165411","120.673288","4"
"2019","7","26","17","59","臺中市","北屯區","0","1","0","8","1","5","50","3","1","1","5","4","5","7","4","4","5","5","4","2","16","6","3","10","1","1","B03","7","5","1","8","2","2","","6","6","1","22","8","B03","24.174181","120.667794","2"
"2019","7","26","17","59","臺中市","西屯區","0","0","0","8","","","50","","","","","","","","","","","","","","","","","","","","B03","","","1","","2","","","16","","1","22","","B03","24.182209","120.624776","3"
"2019","7","26","18","0","臺中市","西屯區","0","1","0","8","1","5","50","3","2","1","5","4","5","7","4","4","4","5","4","2","17","42","2","9","1","1","C03","7","9","1","10","2","15","","42","42","1","22","8","C03","24.17818","120.645129","2"
"2019","7","26","18","3","臺中市","北屯區","0","0","0","8","","","50","","","","","","","","","","","","","","","","","","","","C03","","","1","","2","","","43","","1","5","","C03","24.18246","120.700203","3"
"2019","7","26","18","7","臺中市","沙鹿區","0","0","0","8","","","40","","","","","","","","","","","","","","","6","","","","","C03","","","1","","2","","","6","6","","","","C03","24.24009","120.618424","3"
"2019","7","26","18","9","臺中市","西屯區","0","1","0","8","1","5","50","14","9","1","5","4","5","7","4","4","1","4","5","2","13","23","3","10","3","4","A12","7","9","1","7","2","1","","23","23","1","22","9","A12","24.171331","120.63628","2"
"2019","7","26","18","10","臺中市","烏日區","0","1","0","8","1","5","60","4","1","1","5","4","5","7","2","1","10","5","5","2","16","19","2","9","1","1","C03","7","1","1","10","2","14","","19","19","1","21","1","C03","24.085768","120.64801","2"
"2019","7","26","18","10","臺中市","潭子區","0","1","0","8","2","5","50","14","9","1","5","4","5","7","4","4","9","4","4","2","13","16","3","10","1","1","B03","7","9","1","8","2","1","","16","16","1","21","8","B03","24.201187","120.706069","2"
"2019","7","26","18","12","臺中市","大肚區","0","1","0","8","1","5","40","4","2","1","5","4","5","7","3","1","5","5","5","1","16","6","3","10","3","4","B03","7","6","1","8","2","8","","6","6","1","22","9","B03","24.167437","120.578338","2"
"2019","7","26","18","15","臺中市","西屯區","0","0","0","8","2","5","50","14","9","1","5","4","5","7","4","4","10","5","5","2","16","18","3","10","3","4","B03","7","3","1","8","2","5","","18","18","1","22","9","B03","24.1884","120.643503","3"
"2019","7","26","18","22","臺中市","大雅區","0","3","0","8","1","5","50","4","2","1","5","4","5","7","1","1","9","4","4","1","12","7","2","9","1","1","C03","7","7","1","10","2","13","","7","7","1","22","9","C03","24.23827","120.67099","2"
"2019","7","26","18","24","臺中市","南屯區","0","1","0","8","1","5","50","3","1","1","5","4","5","7","4","4","5","4","4","2","16","6","3","10","1","1","B03","7","5","1","8","2","1","","6","6","1","22","8","B03","24.144675","120.643448","2"
"2019","7","26","18","30","臺中市","西屯區","0","0","0","8","","","80","","","","","","","","","","","","","","","","","","","","B03","","","1","","2","","","16","","1","","","B03","24.164263","120.629441","3"
"2019","7","26","18","32","臺中市","西屯區","0","0","0","8","","","50","","","","","","","","","","","","","","","","","","","","B03","","","1","","2","","","9","","1","22","","B03","24.172145","120.634756","3"
"2019","7","26","18","35","臺中市","北屯區","0","1","0","8","3","5","50","4","1","1","5","4","5","7","4","4","10","5","5","2","15","6","3","10","1","1","B03","7","9","1","8","2","4","","6","6","1","22","8","B03","24.178228","120.716933","2"
"2019","7","26","18","35","臺中市","西屯區","0","1","0","8","3","5","40","14","9","1","5","4","5","7","4","4","10","5","5","2","16","9","3","10","1","1","B03","7","6","1","8","2","2","","9","9","1","22","5","B03","24.156473","120.648231","2"
"2019","7","26","18","50","臺中市","梧棲區","0","1","0","8","3","5","50","4","2","1","5","4","5","7","1","1","10","5","5","2","16","17","3","10","1","1","C03","7","6","1","10","2","13","","17","17","1","20","8","C03","24.238765","120.54957","2"
"2019","7","26","18","51","臺中市","西屯區","0","2","0","8","2","5","50","3","1","1","5","4","5","7","1","1","10","5","5","2","16","6","3","10","3","4","C03","7","5","1","10","2","14","","6","6","1","22","9","C03","24.176516","120.640584","2"
"2019","7","26","18","52","臺中市","北屯區","0","0","0","6","","","50","","","","","","","","","","","","","","","23","","","","","B03","","","1","","2","","","23","23","1","22","","B03","24.182303","120.710926","3"
"2019","7","26","18","54","臺中市","西區","0","1","0","8","3","5","50","3","1","1","5","4","5","7","4","4","10","5","5","1","17","23","3","10","1","1","C03","7","9","1","10","2","11","","23","23","1","18","7","C03","24.154541","120.655511","2"
"2019","7","26","18","54","臺中市","北區","0","0","0","8","","","50","","","","","","","","","","","","","","","","","","","","B03","","","1","","2","","","6","","1","5","","B03","24.153951","120.675675","3"
"2019","7","26","19","0","臺中市","東區","0","0","0","6","","","50","","","","","","","","","","","","","","","","","","","","B03","","","1","","2","","","23","","1","5","","B03","24.138675","120.69054","3"
"2019","7","26","19","2","臺中市","潭子區","0","1","0","6","3","5","60","14","9","1","4","4","5","7","1","1","8","3","4","1","11","6","3","10","1","1","B03","7","5","1","8","2","2","","6","6","1","22","1","B03","24.198136","120.721889","2"
"2019","7","26","19","4","臺中市","烏日區","0","0","0","","","","","","","","","","","","","","","","","","","","","","","","A11","","","1","","2","","","7","","1","","","A11","24.11555","120.620854","3"
"2019","7","26","19","7","臺中市","南區","0","0","0","8","","","40","","","","","","","","","","","","","","","","3","","","","B12","","","1","","2","","","23","","1","21","","B12","24.116266","120.653628","3"
"2019","7","26","19","10","臺中市","西區","0","0","0","8","","","50","","","","","","","","","","","","","","","","","","","","B03","","","1","","2","","","23","","1","21","","B03","24.156088","120.660301","3"
"2019","7","26","19","14","臺中市","西屯區","0","0","0","8","","","50","","","","","","","","","","","","","","","","","","","","B03","","","1","","2","","","23","","1","22","","B03","24.165558","120.64025","3"
"2019","7","26","19","18","臺中市","太平區","0","1","0","6","3","5","50","14","9","1","4","4","5","7","4","4","5","5","5","2","3","23","3","10","1","1","C03","7","9","3","18","2","11","","23","23","1","21","8","C03","24.137585","120.72415","2"
"2019","7","26","19","20","臺中市","龍井區","0","0","0","8","","","40","","","","","","","","","","","","","","","","","","","","B12","","","1","","2","","","12","","1","21","","B12","24.212506","120.549299","3"
"2019","7","26","19","22","臺中市","潭子區","0","2","0","6","3","5","60","4","1","1","3","4","5","7","1","1","10","5","5","2","3","23","3","10","1","1","B03","7","5","1","8","6","1","","23","23","1","21","8","B03","24.189811","120.702361","2"
"2019","7","26","19","23","臺中市","北屯區","0","0","0","6","","","50","","","","","","","","","","","","","","","","","","","","B12","","","4","","2","","","23","","1","5","","B12","24.182336","120.710813","3"
"2019","7","26","19","23","臺中市","北屯區","0","1","0","7","3","5","50","4","1","1","4","4","5","7","1","1","5","5","5","2","16","23","2","9","1","1","C03","7","9","1","10","2","14","","23","23","1","22","8","C03","24.18363","120.68761","2"
"2019","7","26","19","25","臺中市","西屯區","0","0","0","8","","","50","","","","","","","","","","","","","","","","","","","","B03","","","1","","2","","","25","","1","22","","B03","24.199831","120.656266","3"
"2019","7","26","19","30","臺中市","大甲區","0","1","0","8","3","5","50","14","7","1","5","4","5","7","4","4","5","5","4","2","18","23","2","9","1","1","C03","7","9","1","10","2","11","","23","23","1","18","2","C03","24.340918","120.624694","2"
"2019","7","26","19","34","臺中市","北屯區","0","1","0","8","3","5","50","3","1","1","4","4","5","7","1","1","10","5","5","2","16","6","3","10","1","1","B12","7","5","1","8","2","15","","6","6","1","5","8","B12","24.170596","120.707896","2"
"2019","7","26","19","45","臺中市","沙鹿區","0","2","0","8","3","5","40","14","8","1","5","4","5","7","4","4","1","4","1","1","13","13","2","9","1","1","C03","7","9","1","9","2","11","","13","13","1","3","5","C03","24.250215","120.585226","2"
"2019","7","26","19","51","臺中市","西屯區","0","0","0","8","","","50","","","","","","","","","","","","","","","1","","","","","B03","","","1","","2","","","1","1","1","","","B03","24.182873","120.632447","3"
"2019","7","26","19","55","臺中市","梧棲區","0","5","0","8","3","5","70","4","1","1","5","4","5","7","1","1","10","5","5","2","16","42","2","9","1","1","B03","7","5","1","8","2","1","","42","42","1","9","8","B03","24.256378","120.525644","2"
"2019","7","26","20","9","臺中市","北屯區","0","1","0","8","3","5","50","4","2","1","5","4","5","7","1","1","5","5","5","2","16","19","3","10","1","1","B03","7","1","1","8","2","8","","19","19","1","22","8","B03","24.165489","120.723463","2"
"2019","7","26","20","12","臺中市","沙鹿區","0","1","0","8","3","5","50","14","9","1","5","4","5","7","4","4","8","5","5","2","17","10","3","10","1","1","B03","7","11","1","8","2","7","","10","10","1","4","8","B03","24.245233","120.591831","2"
"2019","7","26","20","12","臺中市","潭子區","0","0","0","8","","","50","","","","","","","","","","","","","","","","","","","","B12","","","1","","9","","","12","","2","22","","B12","24.203894","120.674529","3"
"2019","7","26","20","15","臺中市","潭子區","0","1","0","8","3","5","50","3","1","1","5","4","5","7","4","4","10","5","5","2","17","14","2","9","1","1","C03","7","9","1","10","2","14","","14","14","1","21","8","C03","24.216162","120.711392","2"
"2019","7","26","20","25","臺中市","北區","0","0","0","8","","","50","","","","","","","","","","","","","","","","","","","","B12","","","1","","2","","","23","","","22","","B12","24.160923","120.677405","3"
"2019","7","26","20","34","臺中市","西區","0","0","0","8","","","50","","","","","","","","","","","","","","","","","","","","B03","","","1","","2","","","7","","1","5","","B03","24.160429","120.661914","3"
"2019","7","26","20","40","臺中市","西屯區","0","1","0","8","3","5","50","14","9","1","5","4","5","7","4","4","5","4","5","2","18","43","2","9","3","4","C03","7","9","1","10","2","12","","43","43","1","22","8","C03","24.175287","120.602704","2"
"2019","7","26","20","44","臺中市","沙鹿區","0","0","0","8","","","40","","","","","","","","","","","","","","","","","","","","B03","","","1","","2","","","18","","","4","","B03","24.226641","120.574517","3"
"2019","7","26","20","46","臺中市","北區","0","0","0","8","","","50","","","","","","","","","","","","","","","","","","","","B03","","","1","","2","","","23","","1","","","B03","24.157199","120.67009","3"
"2019","7","26","21","0","臺中市","大雅區","0","0","0","8","","","50","","","","","","","","","","","","","","","","","","","","B03","","","1","","2","","","23","","1","","","B03","24.229145","120.653947","3"
"2019","7","26","21","2","臺中市","南區","0","1","0","8","3","5","50","14","8","1","5","4","5","7","4","4","9","5","4","2","18","23","2","9","1","1","C03","7","9","1","10","2","12","","23","23","1","5","8","C03","24.122966","120.653898","2"
"2019","7","26","21","5","臺中市","后里區","0","1","0","8","3","5","40","14","9","1","5","4","5","7","4","4","10","5","5","1","18","43","2","9","1","1","C03","7","9","1","10","2","14","","43","43","1","4","5","C03","24.302315","120.711901","2"
"2019","7","26","21","17","臺中市","太平區","0","2","0","7","3","5","50","14","8","1","5","4","5","7","4","4","5","4","5","2","13","23","2","9","1","1","C03","7","9","1","10","2","11","","23","23","1","21","8","C03","24.157473","120.712593","2"
"2019","7","26","21","30","臺中市","西屯區","0","1","0","8","3","5","40","14","8","1","5","4","5","7","4","4","1","5","1","2","16","42","3","10","1","1","C03","7","15","1","10","2","12","","42","42","1","22","9","C03","24.179093","120.623073","2"
"2019","7","26","21","35","臺中市","西區","0","0","0","8","","","50","","","","","","","","","","","","","","","","","","","","B03","","","1","","2","","","23","","1","21","","B03","24.14001","120.677103","3"
"2019","7","26","21","35","臺中市","霧峰區","0","0","0","8","","","40","","","","","","","","","","","","","","","","","","","","B03","","","1","","2","","","23","","1","20","","B03","24.076106","120.716766","3"
"2019","7","26","21","35","臺中市","大安區","0","0","0","8","","","50","","","","","","","","","","","","","","","","","","","","B03","","","1","","2","","","6","","1","4","","B03","24.384158","120.610628","3"
"2019","7","26","21","36","臺中市","北區","0","2","0","8","3","5","50","4","1","1","5","4","5","7","1","1","10","5","5","2","12","7","2","9","3","4","C03","7","10","1","10","2","13","","7","7","1","22","9","C03","24.147138","120.68081","2"
"2019","7","26","21","36","臺中市","東區","0","1","0","8","3","5","50","14","8","1","5","4","5","7","1","1","3","4","4","2","17","23","2","9","1","1","C03","7","9","1","10","2","11","","23","23","1","21","8","C03","24.117395","120.658473","2"
"2019","7","26","21","39","臺中市","西區","0","0","0","8","","","50","","","","","","","","","","","","","","","","","","","","B03","","","1","","2","","","25","","1","22","","B03","24.131543","120.662026","3"
"2019","7","26","21","49","臺中市","西區","0","0","0","8","","","60","","","","","","","","","","","","","","","","","","","","B03","","","1","","2","","","6","","1","5","","B03","24.157149","120.659265","3"
"2019","7","26","21","49","臺中市","西屯區","0","2","0","8","2","5","50","4","1","1","5","4","5","7","2","1","1","4","5","2","15","43","2","9","1","4","C03","7","9","1","10","2","11","","43","43","1","21","8","C03","24.16165","120.633763","2"
"2019","7","26","21","50","臺中市","南區","0","0","0","8","","","50","","","","","","","","","","","","","","","16","","","","","C03","","","1","","2","","","16","16","1","5","","C03","24.12662","120.675284","3"
"2019","7","26","22","0","臺中市","大里區","0","0","0","8","","","40","","","","","","","","","","","","","","","","","","","","B02","","","1","","2","","","12","","1","5","","B02","24.103032","120.699804","3"
"2019","7","26","22","6","臺中市","北區","0","0","0","8","","","50","","","","","","","","","","","","","","","","","","","","B03","","","1","","2","","","16","","1","22","","B03","24.163147","120.681046","3"
"2019","7","26","22","11","臺中市","潭子區","0","0","0","8","","","50","","","","","","","","","","","","","","","","","","","","B03","","","1","","2","","","23","","1","21","","B03","24.206432","120.702921","3"
"2019","7","26","22","16","臺中市","南區","0","2","0","8","3","5","40","4","1","1","5","4","5","7","4","4","10","5","5","2","16","6","3","10","3","4","C03","7","5","1","10","2","11","","6","6","1","5","8","C03","24.127841","120.684195","2"
"2019","7","26","22","20","臺中市","南區","0","1","0","8","3","5","50","4","1","1","5","4","5","7","1","1","10","5","5","2","16","6","3","10","1","1","B03","7","6","1","8","2","5","","6","6","1","5","8","B03","24.128381","120.678316","2"
"2019","7","26","22","22","臺中市","西屯區","0","2","0","8","1","5","40","3","2","1","5","4","5","7","1","1","5","3","5","2","16","11","2","9","1","1","C03","7","11","1","10","2","13","","11","11","1","22","8","C03","24.175983","120.61664","2"
"2019","7","26","22","25","臺中市","西屯區","0","1","0","8","3","5","60","4","1","1","5","4","5","7","1","1","10","5","5","2","17","26","2","1","1","1","B03","7","5","1","8","2","6","","26","26","1","22","9","B03","24.182155","120.634943","2"
"2019","7","26","22","30","臺中市","潭子區","0","0","0","8","","","40","","","","","","","","","","","","","","","","","","","","B03","","","1","","2","","","42","","1","9","","B03","24.22198","120.694393","3"
"2019","7","26","22","32","臺中市","南屯區","0","0","0","8","","","50","","","","","","","","","","","","","","","","","","","","","","","7","","11","","","43","","1","","","","24.116166","120.624929","3"
"2019","7","26","22","36","臺中市","太平區","0","1","0","8","3","5","50","4","1","1","5","4","5","7","1","1","5","5","5","2","16","6","3","10","1","1","B03","7","5","1","8","2","8","","6","6","1","21","8","B03","24.141952","120.724683","2"
"2019","7","26","22","40","臺中市","北屯區","0","1","0","8","3","5","50","3","1","1","5","4","5","7","4","4","10","5","5","2","18","43","2","9","1","1","C03","7","9","1","10","2","11","14","43","43","1","5","8","C03","24.17931","120.689678","2"
"2019","7","26","22","55","臺中市","西屯區","0","2","0","8","3","5","50","4","1","1","5","4","5","7","2","1","5","4","5","2","16","10","3","10","3","4","B02","7","11","1","8","2","4","","10","10","1","21","8","B02","24.161625","120.633788","2"
"2019","7","26","22","58","臺中市","東區","0","1","0","8","3","5","50","4","1","1","5","4","5","7","1","1","10","5","5","2","16","6","2","9","1","1","C03","7","5","2","18","2","14","","6","6","1","21","8","C03","24.126373","120.68416","2"
"2019","7","26","23","23","臺中市","太平區","0","0","0","8","","","40","","","","","","","","","","","","","","","","","","","","B03","","","1","","2","","","12","","1","21","","B03","24.154567","120.730279","3"
"2019","7","27","0","3","臺中市","北區","0","0","0","8","","","50","","","","","","","","","","","","","","","","","","","","A12","","","1","","11","","","23","","1","5","","A12","24.1542","120.6828","3"
"2019","7","27","1","10","臺中市","北區","0","0","0","8","","","50","","","","","","","","","","","","","","","","","","","","","","","7","","11","","","25","","1","","","","24.159781","120.690659","3"
"2019","7","27","1","45","臺中市","北區","0","1","0","8","3","5","50","14","9","1","5","4","5","7","4","4","10","5","5","2","17","23","2","9","1","1","C03","7","9","1","10","2","12","","23","23","1","22","8","C03","24.148877","120.675761","2"
"2019","7","27","2","0","臺中市","北區","0","1","0","8","3","5","50","4","1","1","5","4","5","7","1","1","10","5","5","2","17","12","3","10","1","1","B01","7","2","1","3","2","6","","12","12","1","10","4","B01","24.150283","120.673984","2"
"2019","7","27","2","18","臺中市","西屯區","0","1","0","8","3","5","50","4","2","1","5","4","5","7","2","1","5","2","5","2","13","23","3","10","1","1","C03","7","9","4","8","2","11","12","23","23","1","21","8","C03","24.1707","120.636263","2"
"2019","7","27","3","31","臺中市","南屯區","0","0","0","8","","","50","","","","","","","","","","","","","","","","","","","","B03","","","1","","2","","","25","","1","5","","B03","24.144745","120.646865","3"
"2019","7","27","3","52","臺中市","北屯區","0","3","0","8","3","5","50","14","9","1","5","4","5","7","4","4","1","4","5","2","13","23","2","9","1","1","B12","7","9","1","8","2","5","","23","23","1","21","8","B12","24.201123","120.684116","2"
"2019","7","27","4","15","臺中市","清水區","0","1","0","7","3","5","40","14","9","1","5","4","5","7","4","4","10","5","5","2","18","43","2","9","1","1","C03","7","6","3","18","8","11","14","43","43","1","21","8","C03","24.301383","120.552618","2"
"2019","7","27","4","22","臺中市","東勢區","0","0","0","8","","","50","","","","","","","","","","","","","","","","","","","","B12","","","1","","2","","","23","","1","9","","B12","24.240771","120.832463","3"
"2019","7","27","5","40","臺中市","大安區","0","1","0","8","1","5","40","4","1","1","5","4","5","7","4","4","10","5","5","2","17","8","3","10","1","1","B03","7","5","1","8","2","15","","8","8","1","4","8","B03","24.347279","120.587507","2"
"2019","7","27","5","54","臺中市","北區","0","3","0","8","2","5","50","4","1","1","5","4","5","7","3","1","10","5","5","2","15","6","2","9","1","1","B02","7","9","1","8","2","1","","6","6","1","22","8","B02","24.15892","120.68896","2"
"2019","7","27","6","2","臺中市","南屯區","0","2","0","8","2","5","50","14","9","1","5","4","5","7","4","4","5","4","5","2","17","27","3","10","1","1","B12","7","8","1","8","11","15","","27","27","1","5","8","B12","24.134795","120.643535","2"
"2019","7","27","6","16","臺中市","東區","0","0","0","","","","","","","","","","","","","","","","","","","","","","","","B02","","","1","","2","","","12","","1","5","","B02","24.137573","120.686951","3"
"2019","7","27","6","49","臺中市","烏日區","0","2","0","8","1","5","40","13","9","1","5","4","5","7","4","4","10","5","5","2","13","16","2","7","1","1","C03","7","9","3","18","2","11","","16","16","1","21","8","C03","24.115373","120.604188","2"
"2019","7","27","7","5","臺中市","西屯區","0","0","0","8","","","50","","","","","","","","","","","","","","","","","","","","B03","","","1","","2","","","10","","1","22","","B03","24.200544","120.657001","3"
"2019","7","27","7","25","臺中市","清水區","0","1","0","8","1","5","50","4","7","1","5","4","5","7","1","1","1","2","4","2","13","16","2","9","1","1","B12","7","9","1","2","2","1","","16","16","1","21","8","B12","24.270349","120.575879","2"
"2019","7","27","7","28","臺中市","潭子區","0","1","0","8","1","5","40","14","9","1","5","4","5","7","4","4","10","5","5","2","12","23","2","9","1","1","C03","7","9","1","10","3","12","","23","23","1","22","8","C03","24.203963","120.672804","2"
"2019","7","27","7","34","臺中市","北區","0","2","0","8","1","5","50","4","1","1","5","4","5","7","1","1","10","5","5","2","15","25","2","9","1","1","C03","7","9","1","9","2","11","","25","25","1","21","8","C03","24.153666","120.694338","2"
"2019","7","27","7","40","臺中市","北區","0","4","0","8","1","5","50","4","1","1","5","4","5","7","1","1","10","5","5","2","15","25","2","7","1","4","C03","7","9","1","10","2","12","","25","25","1","21","8","C03","24.165091","120.682381","2"
"2019","7","27","7","40","臺中市","烏日區","0","1","0","8","1","5","50","3","1","1","5","4","5","7","4","4","10","5","5","2","29","43","2","8","1","1","C03","7","9","1","10","2","12","","43","43","1","22","8","C03","24.117035","120.608341","2"
"2019","7","27","7","46","臺中市","西區","0","2","0","8","1","5","50","14","9","1","5","4","5","7","4","4","5","4","5","2","17","26","2","9","3","4","C03","7","11","1","10","2","15","","26","26","1","21","8","C03","24.130332","120.667212","2"
"2019","7","27","7","56","臺中市","潭子區","0","2","0","8","1","5","40","3","1","1","5","4","5","7","4","4","5","4","4","2","17","6","2","9","4","5","F01","7","5","8","20","2","16","","6","6","1","22","8","F01","24.229984","120.707146","2"
"2019","7","27","8","13","臺中市","北屯區","0","2","0","8","1","5","50","4","1","1","5","4","5","7","2","1","10","5","5","2","16","23","2","9","3","4","C03","7","9","1","10","2","11","","23","23","1","22","8","C03","24.173086","120.67933","2"
"2019","7","27","8","16","臺中市","北屯區","0","2","0","8","1","5","50","4","1","1","5","4","5","7","4","4","10","5","5","2","15","6","2","9","3","4","C03","7","9","1","10","2","11","","6","6","1","21","8","C03","24.16324","120.72697","2"
"2019","7","27","8","24","臺中市","北區","0","0","0","8","","","50","","","","","","","","","","","","","","","6","3","","","","B03","","","1","8","2","5","","6","6","","21","","B03","24.156707","120.695969","3"
"2019","7","27","8","30","臺中市","北屯區","0","1","0","8","1","5","40","3","1","1","5","4","5","7","4","4","10","5","5","2","14","12","3","10","1","1","B03","7","2","1","8","2","6","","12","12","1","21","8","B03","24.183145","120.666371","2"
"2019","7","27","8","42","臺中市","豐原區","0","1","0","8","1","5","40","3","1","1","5","4","5","7","4","4","5","5","5","1","10","42","3","10","1","1","B03","7","9","1","7","2","8","","42","42","1","21","8","B03","24.263214","120.732305","2"
"2019","7","27","9","2","臺中市","北區","0","0","0","8","","","50","","","","","","","","","","","","","","","","","","","","C03","","","1","","2","","","18","","1","","","C03","24.159696","120.671396","3"