"年","月","日","時","分","縣市","區","死","受傷","2-30","天候","光線","道路類別","速限","道路型態","事故位置","路面鋪裝","路面狀態","路面缺陷","障礙物","視距","號誌種類","號誌動作","分向設施","快車道或一般車道間","快慢車道間","路面邊線","事故類型及型態","主要肇因","受傷程度","主要傷處","保護裝備","行動電話","當事者區分_類別","車輛用途","當事者行動狀態","駕駛資格情形","駕駛執照種類","飲酒情形","車輛撞擊部位最初","車輛撞擊部位其他","肇事因素個別","肇事因素主要","肇事逃逸","職業","旅次目的","車種","GPS座標_緯度","GPS座標_經度","事故類別"
"2019","7","27","9","13","臺中市","北區","0","0","0","8","","","50","","","","","","","","","","","","","","","","","","","","C03","","","1","","2","","","43","","1","","","C03","24.163046","120.663453","3"
"2019","7","27","9","15","臺中市","大甲區","0","0","0","8","","","50","","","","","","","","","","","","","","","6","","","","","C03","","","1","","9","","","6","6","1","19","","C03","24.350463","120.626378","3"
"2019","7","27","9","38","臺中市","南屯區","0","0","0","8","","","50","","","","","","","","","","","","","","","38","3","","","","C03","","","1","","2","","","23","38","1","22","","C03","24.134057","120.611628","3"
"2019","7","27","9","59","臺中市","大里區","0","0","0","8","","","40","","","","","","","","","","","","","","","","","","","","B03","","","1","","2","","","18","","1","22","","B03","24.087375","120.702403","3"
"2019","7","27","10","2","臺中市","清水區","0","0","0","8","","","50","","","","","","","","","","","","","","","","","","","","B03","","","1","","2","","","40","","1","21","","B03","24.266614","120.557997","3"
"2019","7","27","10","9","臺中市","西屯區","0","2","0","8","1","5","50","4","1","1","5","4","5","7","1","1","10","5","5","2","16","25","3","10","3","4","B03","7","9","1","8","2","8","","25","25","1","22","8","B03","24.200643","120.654963","2"
"2019","7","27","10","12","臺中市","大甲區","0","1","0","8","1","5","50","3","1","1","5","4","5","7","4","4","10","5","5","2","16","6","2","9","1","1","C03","7","5","3","18","2","14","","6","6","1","20","8","C03","24.348084","120.613874","2"
"2019","7","27","10","17","臺中市","南區","0","2","0","8","1","5","40","4","1","1","5","4","5","7","1","1","10","5","5","2","16","6","2","9","1","1","C03","7","6","1","10","2","12","","6","6","1","22","8","C03","24.131793","120.676695","2"
"2019","7","27","10","28","臺中市","太平區","0","0","0","8","","","50","","","","","","","","","","","","","","","","","","","","F03","","","8","","2","","","3","","1","21","","F03","24.149831","120.727483","3"
"2019","7","27","10","30","臺中市","沙鹿區","0","0","0","8","","","50","","","","","","","","","","","","","","","","","","","","A11","","","1","","2","","","42","","1","10","","A11","24.227977","120.56744","3"
"2019","7","27","10","37","臺中市","北屯區","0","1","0","8","1","5","60","14","9","1","5","4","5","7","4","4","9","4","5","2","17","7","3","10","1","1","B03","7","8","1","8","2","2","","7","7","1","21","8","B03","24.162864","120.720536","2"
"2019","7","27","10","40","臺中市","太平區","0","0","0","8","","","50","","","","","","","","","","","","","","","","","","","","B12","","","1","","11","","","23","","1","21","","B12","24.149831","120.729483","3"
"2019","7","27","10","40","臺中市","沙鹿區","0","1","0","8","1","5","50","14","7","1","5","4","5","7","4","4","1","4","4","2","13","23","3","10","1","1","C03","7","9","1","10","2","11","","23","23","1","6","5","C03","24.239794","120.560245","2"
"2019","7","27","10","47","臺中市","北屯區","0","0","0","8","","","50","","","","","","","","","","","","","","","","","","","","B03","","","1","","2","","","1","","1","21","","B03","24.176419","120.694519","3"
"2019","7","27","10","48","臺中市","南區","0","1","0","8","1","5","50","4","1","1","5","4","5","7","1","3","10","5","5","2","15","6","3","10","1","1","B01","7","9","1","1","2","5","","6","6","1","4","8","B01","24.117952","120.6528","2"
"2019","7","27","10","58","臺中市","中區","0","1","0","8","1","5","50","14","9","1","5","4","5","7","4","4","10","2","5","2","9","40","3","10","1","1","B03","7","13","1","8","2","6","","40","40","1","21","8","B03","24.140644","120.684706","2"
"2019","7","27","11","0","臺中市","北屯區","0","0","0","8","","","40","","","","","","","","","","","","","","","","","","","","B03","","","1","","2","","","12","","1","4","","B03","24.171868","120.686675","3"
"2019","7","27","11","4","臺中市","烏日區","0","1","0","8","1","5","50","3","2","1","5","4","5","7","1","1","1","3","2","1","17","42","3","10","1","1","B12","7","6","1","7","2","2","","42","42","1","22","8","B12","24.102841","120.618631","2"
"2019","7","27","11","6","臺中市","北區","0","0","0","8","","","40","","","","","","","","","","","","","","","","","","","","B03","","","1","","2","","","12","","1","","","B03","24.148833","120.687199","3"
"2019","7","27","11","14","臺中市","南區","0","0","0","8","","","40","","","","","","","","","","","","","","","","","","","","B03","","","1","","2","","","6","","1","","","B03","24.128948","120.66367","3"
"2019","7","27","11","20","臺中市","西屯區","0","1","0","8","1","5","40","4","1","1","5","4","5","7","1","1","1","3","1","2","16","17","2","9","1","1","C03","7","5","1","10","2","14","","17","17","1","21","8","C03","24.172125","120.632928","2"
"2019","7","27","11","23","臺中市","西區","0","0","0","8","","","50","","","","","","","","","","","","","","","12","3","","","","B03","","","1","","2","","","26","12","","5","","B03","24.147312","120.659483","3"
"2019","7","27","11","24","臺中市","太平區","0","0","0","8","","","40","","","","","","","","","","","","","","","","","","","","B12","","","1","","2","","","12","","1","6","","B12","24.10223","120.718463","3"
"2019","7","27","11","27","臺中市","大雅區","0","0","0","8","","","50","","","","","","","","","","","","","","","","","","","","B03","","","1","","2","","","23","","1","21","","B03","24.222324","120.646718","3"
"2019","7","27","11","28","臺中市","北屯區","0","1","0","8","1","5","50","14","7","1","5","4","5","7","4","4","1","4","4","2","17","16","3","10","3","4","B03","7","9","1","8","2","1","","16","16","1","21","8","B03","24.181888","120.666281","2"
"2019","7","27","11","31","臺中市","北區","0","1","0","8","1","5","50","4","1","1","5","4","5","7","4","4","10","5","5","2","15","23","3","10","1","4","B12","7","9","1","4","2","1","","6","23","1","21","8","B12","24.153121","120.684386","2"
"2019","7","27","11","40","臺中市","北區","0","0","0","8","","","50","","","","","","","","","","","","","","","4","3","","","","C04","","","1","10","1","14","11","4","4","1","21","8","C04","24.164701","120.682385","3"
"2019","7","27","11","45","臺中市","北屯區","0","0","0","8","","","50","","","","","","","","","","","","","","","19","","","","","B03","","","1","","2","","","19","19","1","21","","B03","24.189223","120.680325","3"
"2019","7","27","11","47","臺中市","烏日區","0","1","0","8","1","5","60","4","1","1","5","4","5","7","2","1","10","5","5","2","16","9","3","10","1","1","B03","7","6","1","8","2","5","","9","9","1","21","8","B03","24.110291","120.646393","2"
"2019","7","27","11","48","臺中市","北區","0","0","0","8","","","50","","","","","","","","","","","","","","","","","","","","B03","","","1","","2","","","23","","1","","","B03","24.161465","120.683013","3"
"2019","7","27","11","48","臺中市","大雅區","0","0","0","8","","","50","","","","","","","","","","","","","","","","","","","","B03","","","1","","2","","","6","","1","","","B03","24.235283","120.66488","3"
"2019","7","27","11","50","臺中市","北屯區","0","0","0","8","","","40","","","","","","","","","","","","","","","","","","","","B03","","","1","","2","","","23","","1","","","B03","24.166721","120.720921","3"
"2019","7","27","11","56","臺中市","西屯區","0","0","0","8","","","40","","","","","","","","","","","","","","","23","","","","","B03","","","1","","2","","","23","23","1","22","","B03","24.179108","120.623965","3"
"2019","7","27","11","56","臺中市","潭子區","0","0","0","8","","","50","","","","","","","","","","","","","","","","","","","","B03","","","1","","2","","","16","","1","22","","B03","24.200862","120.7073","3"
"2019","7","27","12","0","臺中市","北屯區","0","0","0","8","","","40","","","","","","","","","","","","","","","","","","","","B03","","","1","","2","","","7","","1","5","","B03","24.178871","120.739863","3"
"2019","7","27","12","1","臺中市","沙鹿區","0","0","0","8","","","50","","","","","","","","","","","","","","","23","","","","","B11","","","1","","2","","","23","23","","","","B11","24.237372","120.563829","3"
"2019","7","27","12","13","臺中市","西屯區","0","0","0","8","","","60","","","","","","","","","","","","","","","","","","","","B03","","","1","","2","","","7","","1","","","B03","24.160639","120.653411","3"
"2019","7","27","12","15","臺中市","清水區","0","1","0","8","1","5","50","4","1","1","5","4","5","7","1","1","10","5","5","2","16","6","3","10","1","1","B03","7","5","1","8","2","5","","6","6","1","5","8","B03","24.267539","120.574805","2"
"2019","7","27","12","25","臺中市","沙鹿區","0","1","0","8","1","5","40","14","8","1","5","4","5","7","4","4","10","5","3","1","17","9","3","10","1","1","B03","7","6","1","8","2","5","","9","9","1","4","8","B03","24.23562","120.570302","2"
"2019","7","27","12","27","臺中市","新社區","0","1","0","8","1","5","40","14","9","1","5","4","5","7","4","4","5","5","5","1","19","23","2","9","1","1","C01","7","9","1","9","2","12","","23","23","1","21","8","C01","24.153788","120.870242","2"
"2019","7","27","12","30","臺中市","北屯區","0","0","0","8","","","50","","","","","","","","","","","","","","","23","","","","","B03","","","1","","2","","","23","23","1","","","B03","24.179065","120.700617","3"
"2019","7","27","12","36","臺中市","大安區","0","0","0","8","","","30","","","","","","","","","","","","","","","6","","","","","B03","","","1","","2","","","6","6","1","22","","B03","24.369533","120.592903","3"
"2019","7","27","12","39","臺中市","東區","0","2","0","8","1","5","50","4","1","1","5","4","5","7","2","1","10","5","5","2","12","23","2","9","1","1","C04","7","9","1","10","2","14","","23","23","1","22","8","C04","24.14796","120.697276","2"
"2019","7","27","12","52","臺中市","東區","0","1","0","8","1","5","40","4","1","1","5","4","5","7","4","4","10","5","5","2","16","23","2","9","1","1","C03","7","6","1","10","2","14","","23","23","1","22","8","C03","24.140653","120.691068","2"
"2019","7","27","12","58","臺中市","神岡區","0","0","0","8","","","40","","","","","","","","","","","","","","","","","","","","B03","","","1","","2","","","12","","1","22","","B03","24.239358","120.688018","3"
"2019","7","27","13","6","臺中市","西區","0","0","0","8","","","50","","","","","","","","","","","","","","","","","","","","B03","","","1","","2","","","6","","1","","","B03","24.152541","120.66018","3"
"2019","7","27","13","6","臺中市","大雅區","0","0","0","8","","","40","","","","","","","","","","","","","","","","","","","","B03","","","1","","2","","","23","","1","21","","B03","24.240456","120.627878","3"
"2019","7","27","13","14","臺中市","北屯區","0","0","0","8","","","50","","","","","","","","","","","","","","","","","","","","C03","","","1","","2","","","23","","1","5","","C03","24.164553","120.694098","3"
"2019","7","27","13","18","臺中市","北區","0","0","0","8","","","50","","","","","","","","","","","","","","","","","","","","C03","","","1","","2","","","23","","1","","","C03","24.155694","120.680461","3"
"2019","7","27","13","20","臺中市","太平區","0","0","0","8","","","40","","","","","","","","","","","","","","","","","","","","B03","","","1","","2","","","18","","1","22","","B03","24.153916","120.71811","3"
"2019","7","27","13","20","臺中市","烏日區","0","1","0","8","1","5","70","4","1","1","5","4","5","7","2","1","10","5","5","2","14","12","3","10","1","1","B03","7","2","1","8","2","6","","12","12","1","21","8","B03","24.108443","120.60706","2"
"2019","7","27","13","31","臺中市","西屯區","0","0","0","8","","","50","","","","","","","","","","","","","","","","","","","","B03","","","1","","2","","","12","","1","","","B03","24.17732","120.613225","3"
"2019","7","27","13","46","臺中市","北屯區","0","0","0","8","","","50","","","","","","","","","","","","","","","","","","","","B03","","","1","","2","","","12","","1","","","B03","24.173074","120.728131","3"
"2019","7","27","13","48","臺中市","西屯區","0","0","0","8","","","40","","","","","","","","","","","","","","","12","","","","","B12","","","1","","2","","","12","12","1","22","","B12","24.175713","120.638911","3"
"2019","7","27","13","49","臺中市","北屯區","0","2","0","8","1","5","50","14","9","1","5","4","5","7","4","4","5","2","5","2","16","26","3","10","3","4","C03","7","5","1","10","2","14","","26","26","1","22","8","C03","24.18023","120.687011","2"
"2019","7","27","13","50","臺中市","和平區","0","0","0","8","","","30","","","","","","","","","","","","","","","42","","","","","A01","","","1","","2","","","42","42","1","10","","A01","24.346735","121.317913","3"
"2019","7","27","13","53","臺中市","西屯區","0","0","0","8","","","50","","","","","","","","","","","","","","","23","","","","","B03","","","1","","2","","","23","23","1","","","B03","24.17957","120.634175","3"
"2019","7","27","13","58","臺中市","后里區","0","1","0","7","1","5","60","5","9","1","5","4","5","7","4","4","5","4","5","1","12","6","3","10","1","1","B03","7","6","1","8","2","5","","6","6","1","4","5","B03","24.31567","120.681176","2"
"2019","7","27","14","5","臺中市","大甲區","0","0","0","8","","","50","","","","","","","","","","","","","","","","","","","","B03","","","1","","2","","","40","","1","20","","B03","24.40513","120.644513","3"
"2019","7","27","14","11","臺中市","潭子區","0","0","0","6","1","5","60","14","8","1","4","4","5","7","1","1","8","3","5","1","19","","","","","","C03","","","1","","2","","","45","","1","22","","C03","24.215356","120.705111","3"
"2019","7","27","14","22","臺中市","沙鹿區","0","2","0","7","1","5","60","3","2","1","5","4","5","7","4","4","1","4","4","1","17","23","3","10","1","1","B03","7","6","1","8","2","2","","23","23","1","4","8","B03","24.25029","120.597221","2"
"2019","7","27","14","24","臺中市","北屯區","0","0","0","6","","","40","","","","","","","","","","","","","","","","","","","","B03","","","1","","2","","","12","","1","5","","B03","24.190879","120.681047","3"
"2019","7","27","14","24","臺中市","西屯區","0","0","0","8","","","50","","","","","","","","","","","","","","","23","","","","","B03","","","1","","9","","","23","23","2","","","B03","24.169242","120.63581","3"
"2019","7","27","14","25","臺中市","北區","0","0","0","6","","","50","","","","","","","","","","","","","","","","","","","","B03","","","1","","2","","","26","","1","22","","B03","24.159138","120.684875","3"
"2019","7","27","14","36","臺中市","西屯區","","","","8","","","1","","","","","","","","","","","","","","","","","","","","A11","","","1","","2","","","23","","1","22","","A11","24.166925","120.653573","3"
"2019","7","27","14","37","臺中市","北區","0","0","0","8","","","50","","","","","","","","","","","","","","","","","","","","B03","","","1","","2","","","9","","1","21","","B03","24.15416","120.685823","3"
"2019","7","27","14","43","臺中市","西屯區","0","0","0","8","","","50","","","","","","","","","","","","","","","","","","","","B01","","","1","","2","","","26","","1","","","B01","24.183741","120.613805","3"
"2019","7","27","14","47","臺中市","北區","0","1","0","6","","","50","","","","","","","","","","","","","","","","","","","","B03","","","1","","2","","","23","","1","","","B03","24.158692","120.690798","3"
"2019","7","27","14","50","臺中市","南屯區","0","0","0","6","","","40","","","","","","","","","","","","","","","","","","","","B03","","","1","","2","","","44","","1","22","","B03","24.115908","120.626596","3"
"2019","7","27","14","51","臺中市","西屯區","0","1","0","6","1","5","50","4","1","1","4","4","5","7","1","1","10","5","5","2","3","15","3","10","1","1","B03","7","5","1","8","2","8","","15","15","1","21","8","B03","24.160848","120.653209","2"
"2019","7","27","15","2","臺中市","潭子區","0","0","0","6","","","50","","","","","","","","","","","","","","","","","","","","B03","","","1","","2","","","16","","1","22","","B03","24.201479","120.703609","3"
"2019","7","27","15","5","臺中市","南屯區","0","0","0","6","","","50","","","","","","","","","","","","","","","","","","","","B03","","","1","","2","","","16","","1","22","","B03","24.141553","120.637314","3"
"2019","7","27","15","11","臺中市","沙鹿區","0","1","0","7","1","5","40","14","8","1","5","4","5","7","4","4","1","4","3","2","13","16","2","7","4","5","F01","7","9","8","20","2","16","","16","16","1","18","6","F01","24.224492","120.577843","2"
"2019","7","27","15","14","臺中市","北屯區","0","1","0","6","1","5","50","14","8","1","4","4","5","7","4","4","9","5","5","2","14","12","3","10","1","1","B12","7","2","1","8","2","3","","12","12","1","22","8","B12","24.162666","120.691895","2"
"2019","7","27","15","20","臺中市","西區","0","1","0","6","1","5","50","4","1","1","4","4","5","5","4","4","5","5","5","2","16","26","3","10","1","1","B02","7","5","1","4","2","8","","26","26","1","22","8","B02","24.149015","120.668175","2"
"2019","7","27","15","20","臺中市","大甲區","0","1","0","6","1","5","50","4","1","1","4","4","5","7","1","1","10","5","5","2","12","42","2","8","1","1","C03","7","9","3","18","2","12","","42","42","1","18","8","C03","24.346613","120.625612","2"
"2019","7","27","15","34","臺中市","南區","0","0","0","6","","","50","","","","","","","","","","","","","","","42","","","","","B03","","","1","","2","","","42","42","1","5","","B03","24.117985","120.652618","3"
"2019","7","27","15","35","臺中市","和平區","0","0","0","8","1","6","10","3","9","1","5","4","5","7","4","4","10","5","5","2","10","6","3","10","1","1","B03","7","6","3","18","2","15","","6","6","1","5","8","B03","24.318275","121.293939","3"
"2019","7","27","15","44","臺中市","西區","0","1","0","8","1","5","40","4","1","1","4","4","5","7","1","1","10","5","5","2","16","19","2","5","1","1","B03","7","1","1","8","2","8","","19","19","1","22","9","B03","24.152828","120.65703","2"
"2019","7","27","15","48","臺中市","東區","0","0","0","6","","","50","","","","","","","","","","","","","","","","3","","","","B12","","","1","","2","","","23","","","21","","B12","24.136932","120.688781","3"
"2019","7","27","15","51","臺中市","西屯區","0","1","0","8","1","5","50","14","7","1","5","4","5","7","4","4","9","5","4","2","17","43","3","10","3","4","B03","7","9","1","8","2","5","","43","43","1","22","8","B03","24.179535","120.617548","2"
"2019","7","27","15","52","臺中市","北屯區","0","1","0","6","1","5","50","14","7","1","4","4","5","7","4","4","5","4","4","2","16","26","3","10","1","1","B03","7","11","1","8","2","4","","26","26","1","5","8","B03","24.163938","120.693916","2"
"2019","7","27","16","5","臺中市","北區","0","2","0","6","1","5","50","4","1","1","4","4","5","7","3","1","10","5","5","2","15","6","2","9","1","4","C03","7","9","1","10","2","12","","6","6","1","5","8","C03","24.167077","120.679302","2"
"2019","7","27","16","5","臺中市","南屯區","0","0","0","6","","","40","","","","","","","","","","","","","","","","","","","","B03","","","1","","2","","","25","","1","22","","B03","24.149522","120.621293","3"
"2019","7","27","16","5","臺中市","大雅區","0","1","0","8","1","5","40","14","9","1","5","4","5","7","4","4","9","5","5","1","17","12","3","10","1","1","B12","7","2","1","8","3","15","","12","12","1","22","9","B12","24.22653","120.66464","2"
"2019","7","27","16","22","臺中市","西屯區","0","0","0","6","","","40","","","","","","","","","","","","","","","","","","","","B12","","","1","","2","","","23","","1","22","","B12","24.162934","120.628711","3"
"2019","7","27","16","22","臺中市","潭子區","0","1","0","6","1","5","50","4","1","1","4","4","5","7","1","1","1","4","4","1","17","25","3","10","1","1","B03","7","9","1","8","2","5","","25","25","1","22","8","B03","24.216114","120.690851","2"
"2019","7","27","16","34","臺中市","北屯區","0","1","0","6","1","5","50","14","9","1","4","4","5","7","4","4","1","4","5","1","17","6","3","10","3","4","B11","7","6","1","3","2","2","","6","6","1","21","8","B11","24.20136","120.676878","2"
"2019","7","27","16","35","臺中市","神岡區","0","0","0","6","","","40","","","","","","","","","","","","","","","","","","","","C03","","","1","","9","","","23","","1","22","","C03","24.274656","120.650163","3"
"2019","7","27","16","36","臺中市","龍井區","0","0","0","8","","","50","","","","","","","","","","","","","","","","","","","","B03","","","1","","2","","","40","","","4","","B03","24.192222","120.51","4"
"2019","7","27","16","37","臺中市","后里區","0","1","0","8","1","5","40","5","9","1","4","4","5","7","4","4","10","5","5","2","12","6","2","9","1","1","C03","7","9","1","10","2","12","","44","6","1","20","5","C03","24.307775","120.718323","2"
"2019","7","27","16","40","臺中市","沙鹿區","0","2","0","8","1","5","50","14","13","1","5","4","5","7","4","4","5","5","5","1","17","23","2","1","1","1","C03","7","9","1","10","2","11","","23","23","1","18","5","C03","24.22404","120.580899","2"
"2019","7","27","16","42","臺中市","大雅區","0","0","0","6","2","5","50","14","16","1","4","4","5","7","1","1","4","3","4","1","2","7","3","10","1","1","B03","7","8","1","4","2","5","","7","7","1","5","7","B03","24.221023","120.650982","3"
"2019","7","27","16","43","臺中市","西屯區","0","1","0","7","1","5","50","14","9","1","4","4","5","7","4","4","5","4","5","2","13","16","2","8","3","4","C03","7","9","1","10","2","11","","16","16","1","21","8","C03","24.175421","120.646128","2"
"2019","7","27","17","0","臺中市","南區","0","0","0","8","","","50","","","","","","","","","","","","","","","16","","","","","B03","","","1","","2","","","16","16","1","5","","B03","24.136694","120.688271","3"
"2019","7","27","17","0","臺中市","龍井區","0","1","0","6","1","5","40","4","1","1","4","4","5","7","4","4","10","5","5","2","15","6","3","10","3","4","B03","7","9","1","8","2","2","","6","6","1","21","9","B03","24.214461","120.529031","2"
"2019","7","27","17","6","臺中市","西屯區","0","1","0","7","1","5","40","4","1","1","5","4","5","7","4","4","10","5","5","2","15","6","2","9","3","4","C03","7","9","1","10","2","11","","6","6","1","22","8","C03","24.167498","120.637461","2"
"2019","7","27","17","14","臺中市","北屯區","0","0","0","8","","","50","","","","","","","","","","","","","","","","","","","","C03","","","1","","2","","","23","","1","22","","C03","24.182882","120.695092","3"
"2019","7","27","17","15","臺中市","大雅區","0","1","0","6","1","5","40","14","9","1","4","4","5","7","4","4","10","5","5","2","17","19","3","10","1","1","C03","7","1","1","10","2","11","","19","19","1","22","9","C03","24.22636","120.63352","2"
"2019","7","27","17","21","臺中市","龍井區","0","1","0","6","1","5","40","4","1","1","4","4","5","7","2","1","10","5","5","2","17","23","2","9","3","4","C03","7","9","1","10","2","12","","23","23","1","22","9","C03","24.18611","120.585704","2"
"2019","7","27","17","25","臺中市","北屯區","0","0","0","6","","","50","","","","","","","","","","","","","","","","","","","","B01","","","1","","2","","","16","","1","10","","B01","24.164474","120.6939","3"
"2019","7","27","17","27","臺中市","清水區","0","0","0","8","","","40","","","","","","","","","","","","","","","","","","","","B12","","","1","","2","","","23","","1","3","","B12","24.276471","120.54941","3"
"2019","7","27","17","28","臺中市","西屯區","0","3","0","8","1","5","40","14","9","1","5","4","5","7","4","4","5","4","5","2","13","16","2","9","3","4","C03","7","9","1","10","2","11","","16","16","1","22","8","C03","24.181438","120.645018","2"
"2019","7","27","17","31","臺中市","沙鹿區","0","1","0","6","1","5","40","14","8","1","4","4","5","7","4","4","1","4","3","1","16","9","3","10","1","1","B03","7","6","1","8","2","5","","9","9","1","2","9","B03","24.200732","120.580644","2"
"2019","7","27","17","32","臺中市","沙鹿區","0","0","0","6","","","50","","","","","","","","","","","","","","","","","","","","B03","","","1","","2","","","18","","1","5","","B03","24.226386","120.573668","3"
"2019","7","27","17","33","臺中市","北屯區","0","0","0","6","","","40","","","","","","","","","","","","","","","","","","","","C03","","","1","","2","","","12","","1","22","","C03","24.193075","120.681421","3"
"2019","7","27","17","36","臺中市","潭子區","0","1","0","8","2","5","40","4","1","1","5","4","3","7","4","4","10","5","5","2","15","6","2","9","1","1","C03","7","9","1","10","2","12","","6","6","1","21","8","C03","24.206312","120.678423","2"
"2019","7","27","17","39","臺中市","南區","0","0","0","6","","","50","","","","","","","","","","","","","","","","","","","","C03","","","1","","2","","","42","","1","4","","C03","24.11417","120.667053","3"
"2019","7","27","17","40","臺中市","南屯區","0","1","0","6","1","5","50","4","1","1","4","4","5","7","1","1","10","5","5","2","15","25","2","9","1","1","C03","7","9","1","10","2","11","","25","25","1","22","9","C03","24.151686","120.651383","2"
"2019","7","27","17","40","臺中市","北屯區","0","0","0","6","","","50","","","","","","","","","","","","","","","","","","","","B03","","","1","","2","","","42","","1","5","","B03","24.182391","120.713201","3"
"2019","7","27","17","41","臺中市","東區","0","0","0","6","","","80","","","","","","","","","","","","","","","","3","","","","A41","","","1","","2","","","7","","1","21","","A41","24.128233","120.705315","3"
"2019","7","27","17","43","臺中市","霧峰區","0","0","0","","","","","","","","","","","","","","","","","","","","","","","","C03","","","1","","2","","","16","","1","21","","C03","","","3"
"2019","7","27","17","43","臺中市","大雅區","0","0","0","6","","","40","","","","","","","","","","","","","","","","","","","","B03","","","1","","2","","","19","","1","","","B03","24.221483","120.648581","3"
"2019","7","27","17","49","臺中市","北區","0","1","0","8","1","5","50","3","2","1","5","4","5","7","1","1","1","2","5","2","9","42","3","10","3","4","A04","7","9","1","2","2","15","","42","42","1","10","8","A04","24.14991","120.684104","2"
"2019","7","27","17","51","臺中市","南區","0","1","0","6","2","5","40","14","8","1","4","4","5","7","4","4","3","4","4","2","12","40","3","10","1","1","B03","7","14","1","8","2","4","","40","40","1","21","8","B03","24.121833","120.679393","2"
"2019","7","27","18","4","臺中市","北區","0","2","0","6","3","5","50","4","1","1","4","4","5","7","1","1","5","4","5","2","11","6","2","9","1","1","C03","7","5","1","10","2","12","","6","6","1","21","8","C03","24.152911","120.688899","2"
"2019","7","27","18","4","臺中市","南區","0","0","0","6","","","50","","","","","","","","","","","","","","","23","","","","","B12","","","1","","9","","","23","23","1","5","","B12","24.12867","120.668822","3"
"2019","7","27","18","5","臺中市","太平區","0","1","0","6","3","5","50","14","9","1","4","4","5","7","4","4","5","5","5","2","11","26","3","10","1","1","B12","7","9","6","8","5","8","","26","26","1","21","8","B12","24.155533","120.711048","2"
"2019","7","27","18","13","臺中市","清水區","0","1","0","7","1","5","40","14","9","1","5","4","5","7","4","4","10","5","5","2","14","12","3","10","1","1","B12","7","2","1","8","2","6","","12","12","1","12","8","B12","24.26377","120.554885","2"
"2019","7","27","18","22","臺中市","西區","0","0","0","6","","","50","","","","","","","","","","","","","","","","","","","","B12","","","1","","2","","","16","","1","22","","B12","24.146684","120.661681","3"
"2019","7","27","18","27","臺中市","東區","0","0","0","6","3","5","50","14","9","1","4","4","5","7","4","4","9","5","5","2","17","23","3","10","1","1","B03","7","3","1","8","2","1","","23","23","1","5","8","B03","24.141907","120.691554","3"
"2019","7","27","18","30","臺中市","北區","0","0","0","6","","","50","","","","","","","","","","","","","","","","","","","","B03","","","1","","2","","","23","","1","22","","B03","24.151873","120.67739","3"
"2019","7","27","18","36","臺中市","南屯區","0","0","0","6","3","5","50","14","9","1","4","4","5","7","4","4","1","4","5","2","13","23","3","10","1","1","B03","7","9","1","8","9","1","","23","23","2","22","8","B03","24.143428","120.635439","3"
"2019","7","27","18","38","臺中市","北區","0","0","0","6","","","50","","","","","","","","","","","","","","","","","","","","C03","","","1","","2","","","18","","1","21","","C03","24.152661","120.688003","3"
"2019","7","27","18","39","臺中市","南屯區","0","0","0","6","","","50","","","","","","","","","","","","","","","","","","","","B03","","","1","","2","","","23","","1","22","","B03","24.134853","120.639168","3"
"2019","7","27","18","45","臺中市","北區","0","2","0","6","3","5","50","3","2","1","4","4","5","7","4","4","5","4","4","2","12","10","3","10","1","1","B03","7","11","1","8","2","8","","10","10","1","21","8","B03","24.159202","120.671021","2"
"2019","7","27","18","47","臺中市","南區","0","1","0","6","3","5","50","4","1","1","4","4","5","7","1","1","10","5","5","2","12","6","3","10","1","1","B03","7","6","1","8","2","2","","6","6","1","5","8","B03","24.111814","120.650108","2"
"2019","7","27","18","47","臺中市","西屯區","0","0","0","6","","","40","","","","","","","","","","","","","","","","","","","","A12","","","1","","2","","","43","","1","22","","A12","24.163341","120.629376","3"
"2019","7","27","18","54","臺中市","大里區","0","0","0","","","","","","","","","","","","","","","","","","","","","","","","B03","","","1","","2","","","17","","1","","","B03","24.106514","120.688515","3"
"2019","7","27","19","0","臺中市","西屯區","0","0","0","6","","","40","","","","","","","","","","","","","","","","","","","","B03","","","1","","2","","","1","","1","22","","B03","24.159431","120.64778","3"
"2019","7","27","19","3","臺中市","北區","0","1","0","1","3","5","50","4","18","1","4","4","5","7","2","1","10","5","5","2","3","15","3","10","3","4","B02","7","5","1","8","2","1","","15","15","1","22","9","B02","24.153035","120.682401","2"
"2019","7","27","19","3","臺中市","西屯區","0","0","0","8","","","70","","","","","","","","","","","","","","","","","","","","B03","","","1","","2","","","7","","1","22","","B03","24.182727","120.593841","3"
"2019","7","27","19","10","臺中市","北屯區","0","1","0","6","3","5","50","14","8","1","4","4","4","7","4","4","9","5","4","2","12","7","3","10","1","1","B01","7","8","1","4","2","2","","7","7","1","5","8","B01","24.189776","120.662806","2"