"年","月","日","時","分","縣市","區","死","受傷","2-30","天候","光線","道路類別","速限","道路型態","事故位置","路面鋪裝","路面狀態","路面缺陷","障礙物","視距","號誌種類","號誌動作","分向設施","快車道或一般車道間","快慢車道間","路面邊線","事故類型及型態","主要肇因","受傷程度","主要傷處","保護裝備","行動電話","當事者區分_類別","車輛用途","當事者行動狀態","駕駛資格情形","駕駛執照種類","飲酒情形","車輛撞擊部位最初","車輛撞擊部位其他","肇事因素個別","肇事因素主要","肇事逃逸","職業","旅次目的","車種","GPS座標_緯度","GPS座標_經度","事故類別"
"2019","7","27","19","24","臺中市","東區","0","0","0","8","","","50","","","","","","","","","","","","","","","","3","","","","B03","","","1","","2","","","23","","1","21","","B03","24.143274","120.692526","3"
"2019","7","27","19","30","臺中市","北屯區","0","1","0","6","3","5","50","4","18","1","4","4","5","6","1","1","10","5","5","2","3","15","3","10","1","1","B03","7","5","1","8","2","1","","15","15","1","21","8","B03","24.179075","120.685935","2"
"2019","7","27","19","34","臺中市","北屯區","0","1","0","6","3","5","50","4","1","1","4","4","5","7","1","1","10","5","5","2","16","8","3","10","1","1","B12","7","5","1","8","2","8","","8","8","1","5","8","B12","24.195506","120.682611","2"
"2019","7","27","19","35","臺中市","東勢區","0","0","0","6","","","50","","","","","","","","","","","","","","","","","","","","B03","","","1","","2","","","23","","1","22","","B03","24.255347","120.826979","3"
"2019","7","27","19","36","臺中市","西屯區","0","0","0","8","","","50","","","","","","","","","","","","","","","25","","","","","B03","","","1","","2","","","44","25","1","","","B03","24.200415","120.655118","3"
"2019","7","27","19","41","臺中市","外埔區","0","1","0","6","3","5","50","14","7","1","4","4","5","7","4","4","9","5","4","1","17","19","3","10","1","1","B03","7","1","1","8","2","8","","19","19","1","21","8","B03","24.329691","120.655626","2"
"2019","7","27","19","43","臺中市","外埔區","0","1","0","6","3","5","50","3","2","1","4","4","5","7","1","1","4","5","4","1","3","51","2","9","4","5","H01","8","16","8","20","10","16","","51","51","1","20","8","H01","24.342926","120.637028","2"
"2019","7","27","19","45","臺中市","烏日區","0","1","0","6","3","5","50","3","1","1","4","4","5","7","4","4","1","5","5","1","15","6","3","10","1","1","B03","7","15","1","8","2","8","","6","6","1","22","9","B03","24.108927","120.594998","2"
"2019","7","27","19","46","臺中市","西屯區","0","2","0","6","3","5","50","4","1","1","4","4","5","7","1","1","1","4","4","2","16","6","2","9","3","4","B01","7","5","1","4","2","1","","6","6","1","22","8","B01","24.168978","120.647146","2"
"2019","7","27","19","50","臺中市","烏日區","0","0","0","8","","","40","","","","","","","","","","","","","","","","","","","","B03","","","1","","2","","","4","","1","21","","B03","24.106347","120.617983","3"
"2019","7","27","19","50","臺中市","大甲區","0","0","0","8","","","60","","","","","","","","","","","","","","","","","","","","F01","","","8","","11","","","23","","1","21","","F01","24.354968","120.610231","3"
"2019","7","27","19","50","臺中市","潭子區","0","2","0","6","3","8","50","4","1","1","4","4","5","7","1","1","10","5","5","2","15","23","2","9","1","1","C03","7","9","1","10","2","11","","23","23","1","21","8","C03","24.206353","120.67852","2"
"2019","7","27","20","9","臺中市","清水區","0","0","0","6","","","50","","","","","","","","","","","","","","","26","","","","","B03","","","1","","2","","","26","26","1","21","","B03","24.280073","120.575195","3"
"2019","7","27","20","9","臺中市","梧棲區","0","0","0","6","","","50","","","","","","","","","","","","","","","","","","","","B12","","","1","","2","","","16","","1","9","","B12","24.25992","120.533582","3"
"2019","7","27","20","10","臺中市","北屯區","0","0","0","8","","","50","","","","","","","","","","","","","","","","","","","","B03","","","1","","2","","","6","","1","22","","B03","24.18157","120.6722","3"
"2019","7","27","20","17","臺中市","西區","0","0","0","6","","","50","","","","","","","","","","","","","","","","","","","","B03","","","1","","2","","","42","","1","22","","B03","24.146699","120.656175","3"
"2019","7","27","20","19","臺中市","烏日區","0","1","0","6","3","5","50","4","2","1","4","4","5","7","1","1","4","3","5","1","17","25","2","9","1","1","C03","7","5","1","10","2","12","","25","25","1","22","8","C03","24.102629","120.624281","2"
"2019","7","27","20","20","臺中市","南屯區","0","1","0","8","1","5","50","14","9","1","5","4","5","7","4","4","1","4","5","2","13","16","2","1","1","1","B03","7","9","3","18","3","1","","16","16","1","22","9","B03","24.141496","120.644299","2"
"2019","7","27","20","22","臺中市","北區","0","0","0","8","","","50","","","","","","","","","","","","","","","","","","","","B03","","","1","","2","","","18","","1","21","","B03","24.166888","120.669764","3"
"2019","7","27","20","28","臺中市","南屯區","0","0","0","6","","","50","","","","","","","","","","","","","","","","","","","","B03","","","1","","2","","","23","","1","22","","B03","24.140789","120.644323","3"
"2019","7","27","20","34","臺中市","北區","0","1","0","7","3","5","50","3","1","1","4","4","5","5","4","4","5","4","5","2","18","66","2","8","2","1","C03","7","9","1","10","2","14","","14","66","1","21","8","C03","24.155459","120.689905","2"
"2019","7","27","20","40","臺中市","北屯區","0","1","0","6","3","5","50","4","1","1","4","4","5","7","2","1","10","5","5","2","16","10","2","9","1","1","C03","7","11","1","10","2","14","","10","10","1","21","8","C03","24.173725","120.671386","2"
"2019","7","27","20","46","臺中市","后里區","0","1","0","6","3","5","50","11","9","1","4","4","5","7","4","4","1","4","5","1","17","23","2","9","1","1","C03","7","9","1","10","2","11","","23","23","1","21","8","C03","24.327215","120.704345","2"
"2019","7","27","21","1","臺中市","梧棲區","0","1","0","6","3","5","70","14","13","1","4","4","5","7","4","4","1","4","5","1","17","23","2","9","1","1","C03","7","9","6","18","2","12","","23","23","1","21","5","C03","24.240056","120.550164","2"
"2019","7","27","21","5","臺中市","西屯區","0","0","0","8","","","40","","","","","","","","","","","","","","","","","","","","B03","","","1","","2","","","17","","1","22","","B03","24.168165","120.648765","3"
"2019","7","27","21","14","臺中市","西屯區","0","0","0","8","","","1","","","","","","","","","","","","","","","","","","","","B12","","","1","","2","","","12","","1","22","","B12","24.17974","120.613549","3"
"2019","7","27","21","38","臺中市","南區","0","0","0","","","","","","","","","","","","","","","","","","","","","","","","A04","","","1","","2","","","23","","1","5","","A04","24.121991","120.661812","4"
"2019","7","27","21","46","臺中市","西區","0","0","0","8","","","40","","","","","","","","","","","","","","","","","","","","B03","","","1","","2","","","19","","1","21","","B03","24.151575","120.668756","3"
"2019","7","27","21","51","臺中市","西屯區","0","1","0","8","3","5","50","3","1","1","5","4","5","7","4","4","5","4","4","2","16","6","3","10","1","1","C03","7","5","1","10","2","11","","6","6","1","21","8","C03","24.164664","120.658781","2"
"2019","7","27","22","4","臺中市","北屯區","0","1","0","7","3","5","40","14","8","1","4","4","5","7","4","4","5","4","4","2","17","38","3","10","1","1","B03","7","14","1","8","2","2","","38","38","1","21","8","B03","24.1763","120.690521","2"
"2019","7","27","22","14","臺中市","北屯區","0","1","0","8","3","5","50","4","1","1","5","4","5","7","4","4","10","5","5","2","12","1","2","7","3","4","C03","7","4","1","10","2","12","","1","1","1","21","8","C03","24.17502","120.71995","2"
"2019","7","27","22","17","臺中市","西屯區","0","0","0","8","","","50","","","","","","","","","","","","","","","","","","","","B03","","","1","","2","","","42","","1","22","","B03","24.182495","120.601716","3"
"2019","7","27","22","23","臺中市","北區","0","0","0","8","","","60","","","","","","","","","","","","","","","","","","","","B03","","","3","","2","","","23","","","22","","B03","24.154624","120.664313","3"
"2019","7","27","22","34","臺中市","西屯區","0","0","0","8","","","0","","","","","","","","","","","","","","","","","","","","B03","","","1","","2","","","23","","1","22","","B03","24.163903","120.6428","3"
"2019","7","27","22","36","臺中市","梧棲區","0","1","0","8","1","5","60","3","1","1","5","4","5","7","4","4","1","4","5","2","17","42","2","9","1","1","C03","7","9","1","10","2","14","","42","42","1","9","5","C03","24.260448","120.540548","2"
"2019","7","27","22","40","臺中市","外埔區","0","0","0","8","3","5","50","4","1","1","5","4","5","7","3","1","5","5","5","1","15","","","","","","B03","","","1","","2","","","6","","1","4","","B03","24.340373","120.662728","3"
"2019","7","27","22","43","臺中市","東勢區","0","2","0","7","3","5","50","4","1","1","5","4","5","7","2","1","1","4","4","1","16","25","3","10","1","1","B03","7","5","1","7","2","8","","25","25","1","9","8","B03","24.261406","120.822404","2"
"2019","7","27","22","48","臺中市","太平區","0","0","0","8","","","50","","","","","","","","","","","","","","","","","","","","B03","","","1","","2","","","12","","1","4","","B03","24.135631","120.723955","3"
"2019","7","27","23","10","臺中市","北區","0","0","0","8","","","40","","","","","","","","","","","","","","","","","","","","","","","7","","11","","","43","","1","","","","24.159004","120.670448","3"
"2019","7","27","23","15","臺中市","太平區","0","0","0","8","","","40","","","","","","","","","","","","","","","","","","","","B03","","","1","","2","","","43","","1","21","","B03","24.143068","120.718713","3"
"2019","7","28","0","8","臺中市","北屯區","0","0","0","8","","","50","","","","","","","","","","","","","","","","","","","","B03","","","1","","2","","","23","","1","5","","B03","24.188194","120.686815","3"
"2019","7","28","0","35","臺中市","西屯區","0","0","0","8","","","50","","","","","","","","","","","","","","","","","","","","A01","","","1","","2","","","42","","1","22","","A01","24.19916","120.65488","3"
"2019","7","28","1","8","臺中市","北區","0","2","0","8","3","5","50","4","1","1","5","4","5","7","2","1","10","5","5","2","16","26","2","6","1","1","B03","7","9","1","8","2","8","","26","26","1","22","8","B03","24.16689","120.673215","2"
"2019","7","28","1","18","臺中市","大雅區","0","1","0","8","3","5","50","4","1","1","5","4","5","7","1","1","5","5","5","1","17","1","2","9","1","1","C03","7","9","1","10","2","14","","1","1","1","21","8","C03","24.220596","120.656382","2"
"2019","7","28","2","3","臺中市","北區","0","2","0","8","1","5","50","4","1","1","5","4","5","7","2","1","10","5","5","2","15","25","3","10","1","1","B03","7","9","1","8","2","2","","25","25","1","22","8","B03","24.167005","120.678241","2"
"2019","7","28","2","9","臺中市","南區","0","2","0","8","3","5","50","5","1","1","5","4","5","7","1","1","10","5","5","2","18","23","2","9","1","1","C03","7","9","1","8","2","12","","23","23","1","21","8","C03","24.121673","120.661555","2"
"2019","7","28","2","40","臺中市","霧峰區","0","0","0","8","3","5","40","14","9","1","5","4","5","7","4","4","1","4","5","1","29","42","3","10","1","1","B03","7","9","1","8","2","10","","42","42","1","22","8","B03","24.065666","120.662581","3"
"2019","7","28","6","33","臺中市","南區","0","0","0","8","","","40","","","","","","","","","","","","","","","","","","","","B03","","","1","","2","","","23","","1","5","","B03","24.122155","120.683504","3"
"2019","7","28","6","52","臺中市","西區","0","1","0","8","1","5","50","3","2","1","5","4","5","7","4","4","10","4","4","2","16","6","3","10","1","1","B03","7","6","1","8","2","5","","6","6","1","21","8","B03","24.157599","120.659784","2"
"2019","7","28","6","53","臺中市","沙鹿區","0","1","0","8","1","5","50","14","9","1","5","4","5","7","4","4","10","5","5","2","9","23","2","9","4","5","H01","8","20","8","20","10","16","","60","23","1","19","8","H01","24.237823","120.558672","2"
"2019","7","28","7","5","臺中市","大甲區","0","1","0","8","1","5","40","3","1","1","5","4","5","7","4","4","10","5","5","2","18","43","2","9","4","1","F01","7","5","8","20","2","16","","43","43","1","9","5","F01","24.327671","120.60536","2"
"2019","7","28","7","23","臺中市","潭子區","0","1","0","8","1","5","60","3","1","1","5","4","5","7","1","1","10","5","5","2","17","23","2","9","1","1","C03","7","9","1","10","2","14","","23","23","2","21","8","C03","24.229801","120.708696","2"
"2019","7","28","7","30","臺中市","潭子區","0","1","0","8","1","5","60","14","9","1","5","4","5","7","1","1","8","3","5","1","12","26","2","9","1","1","C03","7","5","3","18","2","14","","26","26","1","22","1","C03","24.20116","120.703589","2"
"2019","7","28","7","35","臺中市","北區","0","1","0","8","1","5","50","4","1","1","5","4","5","7","4","4","10","5","5","2","15","6","2","9","1","1","C03","7","9","1","10","2","11","","6","6","1","22","8","C03","24.160415","120.666761","2"
"2019","7","28","7","40","臺中市","南區","0","1","0","8","1","5","50","3","2","1","5","4","5","7","1","1","10","5","5","2","13","23","2","9","1","1","C03","7","9","1","10","2","11","","23","23","1","21","8","C03","24.126924","120.665728","2"
"2019","7","28","7","45","臺中市","外埔區","0","1","0","8","1","5","50","3","2","1","5","4","5","7","1","1","10","5","5","2","12","17","3","10","3","4","B03","7","9","1","7","2","2","","17","17","1","21","8","B03","24.332043","120.644658","2"
"2019","7","28","7","53","臺中市","西區","0","0","0","","","","","","","","","","","","","","","","","","","","","","","","C03","","","1","","2","","","7","","1","21","","C03","","","4"
"2019","7","28","8","4","臺中市","北區","0","1","0","8","1","5","50","14","7","1","5","4","5","7","4","4","4","5","4","2","16","26","2","9","1","1","C03","7","5","1","10","2","13","","26","26","1","21","8","C03","24.151063","120.681686","2"
"2019","7","28","8","26","臺中市","后里區","0","1","0","8","1","5","50","3","1","1","5","4","5","7","4","4","10","5","5","2","25","43","2","7","3","4","B03","7","9","4","8","2","5","","43","43","1","21","8","B03","24.325815","120.707751","2"
"2019","7","28","8","47","臺中市","潭子區","0","2","0","8","1","5","50","14","9","1","5","4","5","7","1","1","5","4","5","1","12","8","2","8","1","1","C03","7","5","1","10","2","11","","8","8","1","22","9","C03","24.198085","120.721824","2"
"2019","7","28","9","0","臺中市","梧棲區","0","1","0","8","1","5","40","4","1","1","5","4","5","7","4","4","10","5","5","2","15","6","2","9","1","1","C03","7","9","1","10","2","14","","6","6","1","11","1","C03","24.233261","120.547505","2"
"2019","7","28","9","6","臺中市","北區","0","1","0","8","1","5","50","4","1","1","5","4","5","7","4","4","10","5","5","2","15","6","2","9","1","4","C03","7","9","1","10","2","12","","6","6","1","21","8","C03","24.1582","120.678808","2"
"2019","7","28","9","8","臺中市","西區","0","0","0","8","","","50","","","","","","","","","","","","","","","","","","","","B03","","","1","","2","","","12","","1","21","","B03","24.1394","120.670055","3"
"2019","7","28","9","9","臺中市","潭子區","1","0","0","8","1","5","30","11","13","1","5","4","5","1","4","4","10","5","5","1","18","43","1","1","1","1","C03","7","9","1","10","2","11","","43","43","1","22","9","C03","24.193818","120.710981","1"
"2019","7","28","9","12","臺中市","北屯區","0","1","0","8","1","5","50","3","1","1","5","4","5","7","1","1","10","5","5","2","16","6","3","10","1","1","B03","7","8","6","16","2","6","","6","6","1","21","8","B03","24.164843","120.697953","2"
"2019","7","28","9","12","臺中市","北屯區","0","0","0","8","","","40","","","","","","","","","","","","","","","","","","","","B12","","","1","","2","","","12","","2","21","","B12","24.190088","120.663391","3"
"2019","7","28","9","13","臺中市","龍井區","0","1","0","8","1","5","50","4","1","1","5","4","5","7","2","1","10","5","5","2","12","43","3","10","3","4","C03","7","5","1","10","2","14","","43","43","1","5","9","C03","24.211695","120.520585","2"
"2019","7","28","9","20","臺中市","北屯區","0","0","0","8","","","50","","","","","","","","","","","","","","","","","","","","B03","","","5","","2","","","12","","1","22","","B03","24.166891","120.711127","3"
"2019","7","28","9","50","臺中市","大雅區","0","1","0","8","1","5","50","3","1","1","5","4","5","7","1","1","1","5","5","2","14","12","3","10","1","1","B03","7","2","1","8","2","3","","12","12","1","21","8","B03","24.234317","120.664975","2"
"2019","7","28","9","55","臺中市","西屯區","0","2","0","8","1","5","40","5","1","1","5","4","5","7","1","1","10","5","5","2","16","26","3","10","1","1","B03","7","6","1","8","2","2","","26","26","1","4","8","B03","24.182104","120.635277","2"
"2019","7","28","9","56","臺中市","梧棲區","0","1","0","8","1","5","50","4","1","1","5","4","5","7","4","4","10","5","5","2","15","6","2","9","1","1","C03","7","9","1","10","2","12","","6","6","1","20","5","C03","24.243753","120.536166","2"
"2019","7","28","10","1","臺中市","北屯區","0","0","0","8","","","40","","","","","","","","","","","","","","","","","","","","B03","","","1","","2","","","23","","1","5","","B03","24.173293","120.72096","3"
"2019","7","28","10","6","臺中市","東勢區","0","0","0","8","","","60","","","","","","","","","","","","","","","","","","","","B03","","","1","","2","","","23","","1","22","","B03","24.241494","120.833778","3"
"2019","7","28","10","7","臺中市","大里區","0","0","0","8","","","40","","","","","","","","","","","","","","","","","","","","B03","","","1","","2","","","12","","1","20","","B03","24.096978","120.682686","3"
"2019","7","28","10","27","臺中市","龍井區","0","1","0","8","1","5","50","14","9","1","5","4","5","7","4","4","10","5","5","1","17","42","3","10","1","4","B03","7","11","1","8","2","4","","42","42","1","22","8","B03","24.181393","120.583971","2"
"2019","7","28","10","29","臺中市","西區","0","0","0","8","","","50","","","","","","","","","","","","","","","23","3","","","","C03","","","1","","2","","","23","23","","5","","C03","24.135141","120.661522","3"
"2019","7","28","10","30","臺中市","南區","0","1","0","8","1","5","50","4","1","1","5","4","5","7","2","2","10","5","5","2","16","23","2","9","1","1","C03","7","1","1","10","2","12","","23","23","1","5","8","C03","24.130008","120.657392","2"
"2019","7","28","10","30","臺中市","西屯區","0","1","0","8","1","5","50","4","1","1","5","4","5","7","1","1","4","3","4","2","16","17","2","8","1","1","C03","7","9","1","10","2","12","","17","17","1","21","8","C03","24.175175","120.646118","2"
"2019","7","28","10","30","臺中市","后里區","0","0","0","8","","","50","","","","","","","","","","","","","","","","","","","","A31","","","1","","2","","","25","","1","","","A31","24.31295","120.69699","3"
"2019","7","28","10","38","臺中市","中區","0","0","0","8","","","50","","","","","","","","","","","","","","","","","","","","B03","","","1","","2","","","23","","1","21","","B03","24.14083","120.682954","4"
"2019","7","28","10","46","臺中市","西屯區","0","0","0","8","","","50","","","","","","","","","","","","","","","","","","","","B03","","","1","","2","","","25","","1","22","","B03","24.169133","120.660038","3"
"2019","7","28","10","48","臺中市","西區","0","2","0","8","1","5","50","4","1","1","5","4","5","7","1","1","10","5","5","2","16","6","2","8","3","4","C03","7","5","1","10","2","11","","6","6","1","21","8","C03","24.15438","120.661855","2"
"2019","7","28","10","50","臺中市","大雅區","0","0","0","8","","","40","","","","","","","","","","","","","","","","","","","","C03","","","1","","2","","","23","","1","22","","C03","24.2182","120.64915","3"
"2019","7","28","10","53","臺中市","中區","0","0","0","8","","","50","","","","","","","","","","","","","","","","","","","","B01","","","1","","2","","","23","","1","10","","B01","24.142274","120.684435","3"
"2019","7","28","10","53","臺中市","西屯區","0","0","0","8","","","50","","","","","","","","","","","","","","","","","","","","B03","","","1","","2","","","23","","1","","","B03","24.201218","120.660206","3"
"2019","7","28","10","55","臺中市","太平區","0","0","0","8","","","40","","","","","","","","","","","","","","","","","","","","B03","","","1","","2","","","17","","1","20","","B03","24.128461","120.729071","3"
"2019","7","28","10","59","臺中市","北區","0","0","0","8","","","50","","","","","","","","","","","","","","","","","","","","B03","","","1","","2","","","23","","1","22","","B03","24.15587","120.690114","3"
"2019","7","28","11","0","臺中市","北屯區","0","0","0","8","","","40","","","","","","","","","","","","","","","43","","","","","B12","","","1","8","2","","","43","43","1","21","","B12","24.184513","120.697328","3"
"2019","7","28","11","10","臺中市","后里區","0","0","0","8","","","60","","","","","","","","","","","","","","","","","","","","B03","","","1","","2","","","17","","1","","","B03","24.32995","120.729288","3"
"2019","7","28","11","11","臺中市","南屯區","0","0","0","8","","","40","","","","","","","","","","","","","","","","","","","","B03","","","1","","2","","","19","","1","22","","B03","24.149849","120.612616","3"
"2019","7","28","11","12","臺中市","北區","0","1","0","8","1","5","50","4","1","1","5","4","5","7","1","1","5","5","5","2","16","26","2","9","1","1","C03","7","9","3","18","2","11","","26","26","1","21","8","C03","24.160295","120.68669","2"
"2019","7","28","11","15","臺中市","神岡區","0","1","0","8","1","5","50","14","7","1","5","4","5","7","4","4","5","5","4","2","13","7","2","9","3","4","C03","7","7","1","10","2","12","","7","7","1","22","9","C03","24.262751","120.659043","2"
"2019","7","28","11","20","臺中市","南屯區","0","0","0","8","","","50","","","","","","","","4","","","","","","","23","3","","","","B03","","","1","","2","","","23","23","1","21","","B03","24.142759","120.637606","3"
"2019","7","28","11","21","臺中市","西屯區","0","1","0","8","1","5","50","14","7","1","5","4","5","7","4","4","5","4","4","2","13","16","3","10","1","1","B03","7","9","1","8","2","1","","16","16","1","4","8","B03","24.168874","120.641795","2"
"2019","7","28","11","22","臺中市","北區","0","1","0","8","1","5","50","4","1","1","5","4","5","7","1","1","10","5","5","2","17","19","2","9","1","4","C03","7","1","1","10","2","14","","19","19","1","21","8","C03","24.1592","120.670493","2"
"2019","7","28","11","23","臺中市","大雅區","0","1","0","8","1","5","50","14","9","1","5","4","5","7","4","4","1","4","4","1","17","6","3","10","1","1","B03","7","6","1","8","2","2","","6","6","1","21","8","B03","24.221575","120.64711","2"
"2019","7","28","11","24","臺中市","新社區","0","1","0","8","1","5","40","11","9","1","5","4","5","1","4","4","5","5","5","1","11","1","3","10","1","1","B12","7","5","1","8","2","8","","1","1","1","22","8","B12","24.170337","120.823338","2"
"2019","7","28","11","25","臺中市","北屯區","0","0","0","8","","","50","","","","","","","","","","","","","","","","","","","","B03","","","1","","2","","","16","","1","","","B03","24.181916","120.682384","3"
"2019","7","28","11","27","臺中市","豐原區","0","0","0","8","1","5","50","14","9","1","5","4","5","7","2","1","3","5","5","1","13","","","","","","B03","","","1","","2","","","23","","1","22","","B03","24.256331","120.736926","3"
"2019","7","28","11","32","臺中市","沙鹿區","0","2","0","8","1","5","50","5","1","1","5","4","5","7","2","1","1","4","4","1","16","8","2","8","1","1","C03","7","5","1","10","2","14","","8","8","1","19","8","C03","24.250466","120.5661","2"
"2019","7","28","11","35","臺中市","新社區","0","1","0","8","1","5","50","3","1","1","5","4","5","7","4","4","10","5","5","1","17","6","3","10","1","1","B03","7","5","1","8","2","1","","6","6","1","9","8","B03","24.169821","120.835105","2"
"2019","7","28","11","38","臺中市","沙鹿區","0","0","0","8","","","50","","","","","","","","","","","","","","","7","","","","","B03","","","1","","2","","","7","7","","","","B03","24.215336","120.579884","3"
"2019","7","28","11","44","臺中市","北區","0","2","0","8","1","5","50","14","9","1","5","4","5","7","1","1","1","4","5","2","18","23","2","9","1","1","C03","7","9","1","10","2","14","","23","23","1","22","8","C03","24.167074","120.685051","2"
"2019","7","28","11","44","臺中市","北區","0","0","0","8","","","50","","","","","","","","","","","","","","","23","3","","","","B03","","","1","8","2","2","","23","23","","21","","B03","24.159613","120.670485","3"
"2019","7","28","11","47","臺中市","北區","0","1","0","8","1","5","40","14","8","1","5","4","5","7","4","4","1","4","4","2","18","42","2","9","1","1","C03","7","9","1","10","2","14","","42","42","1","21","8","C03","24.162954","120.681528","2"
"2019","7","28","12","0","臺中市","東區","0","0","0","8","","","50","","","","","","","","","","","","","","","","3","","","","B03","","","1","","2","","","23","","1","21","","B03","24.141808","120.706943","3"
"2019","7","28","12","0","臺中市","大里區","0","0","0","8","","","40","","","","","","","","","","","","","","","","","","","","B03","","","1","","2","","","12","","1","20","","B03","24.105386","120.680896","3"
"2019","7","28","12","8","臺中市","東區","0","3","0","8","1","5","40","4","1","1","5","4","5","7","4","4","10","5","5","2","16","26","2","9","1","1","C03","7","9","1","10","2","11","","26","26","1","22","8","C03","24.14321","120.689203","2"
"2019","7","28","12","12","臺中市","西屯區","0","2","0","8","1","5","50","4","1","1","5","4","5","7","2","1","10","5","5","2","16","6","3","10","3","4","B03","7","5","1","8","2","1","","6","6","1","22","8","B03","24.184705","120.625885","2"
"2019","7","28","12","12","臺中市","大甲區","0","1","0","8","1","5","50","4","1","1","5","4","5","7","4","4","10","5","5","2","17","23","3","10","1","1","B03","7","5","1","8","2","8","","23","23","1","21","8","B03","24.35129","120.619572","2"
"2019","7","28","12","23","臺中市","梧棲區","0","0","0","8","","","40","","","","","","","","","","","","","","","","","","","","B12","","","1","","2","","","12","","1","9","","B12","24.239987","120.555435","3"
"2019","7","28","12","27","臺中市","西屯區","0","0","0","8","","","50","","","","","","","","","","","","","","","43","","","","","C03","","","1","","2","","","43","43","1","","","C03","24.168491","120.657123","3"
"2019","7","28","12","30","臺中市","沙鹿區","0","2","0","8","1","5","50","5","1","1","5","4","5","7","4","4","5","5","5","1","16","8","2","8","1","1","C03","7","5","1","10","2","12","","8","8","1","6","7","C03","24.240917","120.564912","2"
"2019","7","28","12","35","臺中市","東區","0","0","0","8","","","50","","","","","","","","","","","","","","","","","","","","B03","","","1","","2","","","16","","1","5","","B03","24.135768","120.686291","3"
"2019","7","28","12","38","臺中市","清水區","0","1","0","8","1","5","70","4","2","1","5","4","5","7","2","1","9","4","4","1","16","6","3","10","1","1","B03","7","6","1","8","2","2","5","6","6","1","21","8","B03","24.275836","120.571518","2"
"2019","7","28","12","52","臺中市","西屯區","0","1","0","8","1","5","50","4","1","1","5","4","5","7","1","1","10","5","5","2","12","43","2","9","4","5","F01","7","5","8","20","2","16","","43","43","1","21","8","F01","24.165591","120.659388","2"
"2019","7","28","12","56","臺中市","沙鹿區","0","0","0","8","","","50","","","","","","","","","","","","","","","","","","","","B01","","","1","","2","","","18","","1","10","","B01","24.254078","120.599142","3"
"2019","7","28","13","2","臺中市","烏日區","0","0","0","8","","","40","","","","","","","","","","","","","","","","","","","","B03","","","1","","2","","","23","","1","21","","B03","24.057531","120.657063","4"
"2019","7","28","13","3","臺中市","北屯區","0","0","0","8","","","50","","","","","","","","","","","","","","","","","","","","B03","","","1","","2","","","26","","1","5","","B03","24.169105","120.6969","3"
"2019","7","28","13","5","臺中市","北屯區","0","0","0","8","","","50","","","","","","","","","","","","","","","","","","","","B12","","","1","","2","","","6","","1","22","","B12","24.161227","120.73332","3"
"2019","7","28","13","5","臺中市","大雅區","0","1","0","8","1","5","50","3","1","1","5","4","5","7","1","1","9","4","5","1","17","23","3","10","1","1","B03","7","9","1","8","2","1","","23","23","1","22","9","B03","24.22634","120.64515","2"
"2019","7","28","13","8","臺中市","北區","0","0","0","8","","","50","","","","","","","","","","","","","","","","","","","","B03","","","1","","2","","","16","","1","22","","B03","24.148974","120.68371","3"
"2019","7","28","13","18","臺中市","后里區","0","1","0","8","1","5","50","4","1","1","5","4","5","7","4","4","10","5","5","2","15","6","2","9","1","1","C03","7","9","1","10","2","11","","6","6","1","21","8","C03","24.305067","120.71175","2"
"2019","7","28","13","19","臺中市","北區","0","1","0","8","1","5","50","14","9","1","5","4","5","7","4","4","5","4","5","2","16","26","2","9","1","1","C03","7","11","1","10","2","14","","26","26","1","21","8","C03","24.148712","120.68261","2"
"2019","7","28","13","19","臺中市","大里區","0","1","0","8","1","5","50","3","2","1","5","4","5","7","4","4","1","4","4","1","12","18","3","10","3","4","B03","7","3","1","8","2","6","","18","18","1","6","8","B03","24.086773","120.696128","2"
"2019","7","28","13","27","臺中市","潭子區","0","1","0","8","1","5","40","11","9","1","4","4","4","7","4","4","10","5","5","2","17","5","2","9","1","1","C03","7","9","1","10","2","11","","5","5","1","22","8","C03","24.204259","120.713983","2"
"2019","7","28","13","30","臺中市","南屯區","0","1","0","8","1","5","50","4","1","1","5","4","5","7","1","1","10","5","5","2","16","23","3","10","1","1","B03","7","5","1","8","2","5","","6","23","1","21","8","B03","24.146787","120.6438","2"
"2019","7","28","13","31","臺中市","西屯區","0","0","0","8","","","50","","","","","","","","","","","","","","","","","","","","B03","","","1","","2","","","23","","1","4","","B03","24.18016","120.631705","3"
"2019","7","28","13","40","臺中市","北屯區","0","0","0","8","","","40","","","","","","","","","","","","","","","","","","","","B12","","","1","","2","","","12","","1","22","","B12","24.164728","120.711625","3"
"2019","7","28","13","53","臺中市","西屯區","0","0","0","8","","","50","","","","","","","","","","","","","","","23","","","","","B03","","","1","","2","","","23","23","1","","","B03","24.200511","120.656606","3"
"2019","7","28","13","53","臺中市","西屯區","0","3","0","8","1","5","40","14","12","1","5","4","5","7","1","1","5","4","4","2","13","23","2","9","3","4","C03","7","9","1","10","2","11","","23","23","1","22","8","C03","24.183578","120.629341","2"