"年","月","日","時","分","縣市","區","死","受傷","2-30","天候","光線","道路類別","速限","道路型態","事故位置","路面鋪裝","路面狀態","路面缺陷","障礙物","視距","號誌種類","號誌動作","分向設施","快車道或一般車道間","快慢車道間","路面邊線","事故類型及型態","主要肇因","受傷程度","主要傷處","保護裝備","行動電話","當事者區分_類別","車輛用途","當事者行動狀態","駕駛資格情形","駕駛執照種類","飲酒情形","車輛撞擊部位最初","車輛撞擊部位其他","肇事因素個別","肇事因素主要","肇事逃逸","職業","旅次目的","車種","GPS座標_緯度","GPS座標_經度","事故類別"
"2019","7","28","14","12","臺中市","西屯區","0","1","0","8","1","5","50","4","2","1","5","4","5","7","1","1","5","4","5","2","16","6","3","10","3","4","B03","7","5","1","8","2","5","","6","6","1","22","9","B03","24.18442","120.644674","2"
"2019","7","28","14","16","臺中市","梧棲區","0","1","0","8","1","5","50","4","1","1","5","4","5","7","1","1","10","5","5","2","16","6","3","10","1","1","B03","7","6","1","8","2","5","","6","6","1","11","5","B03","24.256336","120.525664","2"
"2019","7","28","14","19","臺中市","東區","0","1","0","8","1","5","50","14","9","1","5","4","5","7","4","4","3","4","5","2","17","7","2","8","1","1","C03","7","7","1","10","2","14","","7","7","1","21","8","C03","24.135008","120.6845","2"
"2019","7","28","14","20","臺中市","清水區","0","1","0","8","1","5","50","4","2","1","5","4","5","7","4","4","5","4","5","2","15","6","3","10","1","1","B03","7","9","1","8","2","1","","6","6","1","5","7","B03","24.275416","120.57746","2"
"2019","7","28","14","28","臺中市","北區","0","2","0","8","1","5","50","4","1","1","5","4","5","7","4","4","10","5","5","2","15","6","2","9","1","4","C03","7","9","1","10","2","12","","6","6","1","21","8","C03","24.16207","120.683658","2"
"2019","7","28","14","28","臺中市","東區","0","2","0","8","1","5","40","4","1","1","5","4","5","7","1","1","10","5","5","2","16","8","2","9","1","1","C03","7","5","1","10","2","14","","8","8","1","22","8","C03","24.132803","120.689365","2"
"2019","7","28","14","38","臺中市","北區","0","0","0","8","","","50","","","","","","","","","","","","","","","","","","","","B03","","","1","","2","","","23","","1","","","B03","24.163204","120.680373","3"
"2019","7","28","14","40","臺中市","后里區","0","0","0","8","1","5","50","5","1","1","5","4","5","7","1","1","1","1","4","1","15","25","3","10","1","1","B03","7","9","1","8","2","1","","25","25","1","21","8","B03","24.314793","120.697648","3"
"2019","7","28","14","45","臺中市","南屯區","0","1","0","8","1","5","50","4","1","1","5","4","5","7","1","1","10","5","5","2","15","25","2","9","1","1","C03","7","9","6","10","2","11","","25","25","1","22","9","C03","24.132041","120.646101","2"
"2019","7","28","14","48","臺中市","西屯區","0","1","0","8","1","5","50","4","1","1","5","4","5","7","1","1","10","5","5","2","12","9","3","10","1","1","B03","7","6","1","8","2","2","","9","9","1","21","8","B03","24.191014","120.61082","2"
"2019","7","28","14","54","臺中市","北區","0","1","0","8","1","5","50","14","9","1","5","4","5","7","1","1","5","5","5","2","17","40","3","10","3","4","B03","7","14","1","4","2","2","2","40","40","1","22","9","B03","24.160349","120.679977","2"
"2019","7","28","15","0","臺中市","大甲區","0","0","0","8","","","60","","","","","","","","","","","","","","","","","","","","B03","","","1","","2","","","23","","1","4","","B03","24.33848","120.617933","3"
"2019","7","28","15","3","臺中市","梧棲區","0","0","0","8","","","40","","","","","","","","","","","","","","","","","","","","B03","","","1","","2","","","12","","1","20","","B03","24.249001","120.533083","3"
"2019","7","28","15","14","臺中市","東勢區","0","0","0","8","","","50","","","","","","","","","","","","","","","","","","","","B03","","","1","","2","","","26","","1","9","","B03","24.283968","120.768416","3"
"2019","7","28","15","26","臺中市","大雅區","0","0","0","8","","","50","","","","","","","","","","","","","","","","","","","","B03","","","1","","2","","","16","","1","","","B03","24.225209","120.645546","3"
"2019","7","28","15","30","臺中市","北區","0","0","0","8","1","5","50","","","","","","","","","","","","","","","","","","","","C03","","","1","","2","","","23","","1","5","","C03","24.146855","120.674484","3"
"2019","7","28","15","30","臺中市","神岡區","0","0","0","","","","50","","","","","","","","","","","","","","","","","","","","B03","","","1","","2","","","12","","1","","","B03","24.271121","120.656713","3"
"2019","7","28","15","35","臺中市","南屯區","0","0","0","8","","","40","","","","","","","","","","","","","","","","","","","","B02","","","1","","2","","","16","","1","10","","B02","24.111746","120.613542","3"
"2019","7","28","15","35","臺中市","石岡區","0","1","0","8","1","5","70","4","1","1","5","4","5","7","1","1","10","5","5","2","17","6","3","10","1","1","B03","7","6","1","8","2","2","","6","6","1","9","8","B03","24.274684","120.783438","2"
"2019","7","28","15","36","臺中市","南屯區","0","1","0","8","1","5","50","14","9","1","5","4","5","7","4","4","8","4","4","2","16","19","3","10","1","1","B03","7","1","1","8","2","8","","19","19","1","22","8","B03","24.144888","120.636706","2"
"2019","7","28","15","39","臺中市","潭子區","0","1","0","8","1","5","60","4","1","1","5","4","5","7","1","1","10","5","5","2","12","6","3","10","1","1","B03","7","6","1","8","2","5","","6","6","1","21","8","B03","24.203863","120.713558","2"
"2019","7","28","15","40","臺中市","東區","0","0","0","","","","","","","","","","","","","","","","","","","","","","","","C03","","","1","","3","","","6","","1","","","C03","24.141494","120.688221","4"
"2019","7","28","15","41","臺中市","北屯區","0","3","0","8","1","5","50","4","1","1","5","4","5","7","1","1","10","5","5","2","16","23","2","7","1","1","C03","7","9","1","10","2","14","","23","23","1","12","8","C03","24.172191","120.685555","2"
"2019","7","28","15","42","臺中市","西屯區","0","0","0","8","","","50","","","","","","","","","","","","","","","","","","","","B03","","","1","","2","","","16","","1","22","","B03","24.166191","120.63489","3"
"2019","7","28","15","45","臺中市","龍井區","0","0","0","8","","","40","","","","","","","","","","","","","","","","","","","","B12","","","1","","2","","","6","","1","9","","B12","24.200938","120.520275","3"
"2019","7","28","15","50","臺中市","北屯區","0","0","0","8","","","50","","","","","","","","","","","","","","","","","","","","B03","","","1","","2","","","23","","1","22","","B03","24.167146","120.706961","3"
"2019","7","28","15","52","臺中市","龍井區","0","1","0","8","1","5","60","5","1","1","5","4","5","7","1","1","10","5","5","2","16","23","2","9","1","1","C03","7","9","1","10","2","14","","23","23","1","22","8","C03","24.184735","120.573836","2"
"2019","7","28","15","55","臺中市","北屯區","0","0","0","8","","","50","","","","","","","","","","","","","","","","","","","","B03","","","1","","2","","","23","","1","21","","B03","24.160405","120.699768","3"
"2019","7","28","15","58","臺中市","石岡區","0","0","0","8","","","50","","","","","","","","","","","","","","","","","","","","B03","","","1","","2","","","23","","1","9","","B03","24.261606","120.789831","3"
"2019","7","28","16","0","臺中市","北區","0","0","0","8","","","50","","","","","","","","","","","","","","","","","","","","B03","","","1","","2","","","26","","1","5","","B03","24.159537","120.698846","3"
"2019","7","28","16","0","臺中市","大甲區","0","0","0","8","","","50","","","","","","","","","","","","","","","","","","","","B03","","","1","","2","","","12","","1","4","","B03","24.341935","120.624021","3"
"2019","7","28","16","1","臺中市","西屯區","0","1","0","8","1","5","50","4","1","1","5","4","5","7","1","1","1","4","3","2","16","6","3","10","3","4","B03","7","6","1","8","2","5","","6","6","1","22","8","B03","24.164608","120.646656","2"
"2019","7","28","16","2","臺中市","西區","0","0","0","8","","","50","","","","","","","","","","","","","","","","","","","","B03","","","1","","1","","","23","","1","4","","B03","24.150597","120.665326","3"
"2019","7","28","16","3","臺中市","西區","0","1","0","8","1","5","40","3","1","1","5","4","5","7","4","4","4","4","5","2","16","6","2","8","1","1","C03","7","7","1","10","2","11","","6","6","1","22","8","C03","24.150865","120.662355","2"
"2019","7","28","16","5","臺中市","大甲區","0","0","0","8","","","50","","","","","","","","","","","","","","","18","","","","","B12","","","1","","2","","","18","18","","","","B12","24.379746","120.654241","3"
"2019","7","28","16","5","臺中市","神岡區","0","0","0","","","","","","","","","","","","","","","","","","","","","","","","F01","","","8","","2","","","17","","1","20","","F01","24.262751","120.659043","3"
"2019","7","28","16","8","臺中市","南區","0","3","0","8","1","5","50","4","1","1","5","4","5","7","1","1","10","5","5","2","15","25","2","9","1","1","C03","7","9","1","10","2","13","","25","25","1","21","8","C03","24.124944","120.657523","2"
"2019","7","28","16","10","臺中市","潭子區","0","1","0","8","1","5","50","3","2","1","5","4","5","7","4","4","5","5","4","2","16","6","3","10","1","1","B03","7","6","1","8","2","5","","6","6","1","9","8","B03","24.231189","120.708198","2"
"2019","7","28","16","23","臺中市","外埔區","0","2","0","8","1","5","50","4","1","1","5","4","5","7","4","4","10","5","5","2","16","6","3","10","1","1","B03","7","5","1","8","2","5","","6","6","1","21","8","B03","24.325301","120.660095","2"
"2019","7","28","16","33","臺中市","梧棲區","0","0","0","8","","","50","","","","","","","","","","","","","","","","","","","","F01","","","8","","2","","","42","","1","20","","F01","24.247407","120.538126","3"
"2019","7","28","16","35","臺中市","西屯區","0","1","0","8","1","5","40","14","8","1","5","4","5","7","1","1","1","2","1","2","13","16","3","10","3","4","C03","7","9","1","10","2","11","","16","16","1","22","8","C03","24.165803","120.643421","2"
"2019","7","28","16","38","臺中市","北區","0","0","0","8","","","50","","","","","","","","","","","","","","","","","","","","B03","","","1","","2","","","12","","1","","","B03","24.154359","120.686764","3"
"2019","7","28","16","42","臺中市","西屯區","0","1","0","8","1","5","40","3","8","1","5","4","5","7","2","1","1","3","1","1","13","43","2","8","1","1","C03","7","9","1","10","2","11","","43","43","1","22","8","C03","24.161571","120.653564","2"
"2019","7","28","16","43","臺中市","西屯區","0","1","0","8","1","5","50","4","1","1","5","4","5","7","4","4","10","5","5","2","16","23","2","8","1","1","C03","7","15","1","10","2","12","","23","23","1","22","9","C03","24.171928","120.651671","2"
"2019","7","28","16","46","臺中市","清水區","0","0","0","8","","","40","","","","","","","","","","","","","","","","","","","","B03","","","1","","2","","","12","","1","21","","B03","24.269156","120.554326","3"
"2019","7","28","16","49","臺中市","北區","0","0","0","8","","","50","","","","","","","","","","","","","","","7","","","","","B03","","","1","7","2","","","7","7","1","","","B03","24.150204","120.676242","3"
"2019","7","28","16","57","臺中市","北屯區","0","1","0","8","1","5","50","4","1","1","5","4","5","7","2","1","10","5","5","2","16","6","3","10","1","1","B03","7","5","1","8","2","8","","6","6","1","5","8","B03","24.166908","120.722834","2"
"2019","7","28","17","1","臺中市","西屯區","0","0","0","8","","","60","","","","","","","","","","","","","","","","","","","","B03","","","1","","2","","","23","","1","22","","B03","24.164718","120.646601","3"
"2019","7","28","17","9","臺中市","北區","0","2","0","8","1","5","50","5","1","1","5","4","5","7","1","1","10","5","5","2","12","8","2","9","3","4","C03","7","5","4","8","2","14","","8","8","1","5","8","C03","24.16491","120.672213","2"
"2019","7","28","17","10","臺中市","東區","0","0","0","8","","","50","","","","","","","","","","","","","","","","","","","","","","","7","","11","","","67","","1","","","","24.137878","120.702188","3"
"2019","7","28","17","15","臺中市","潭子區","0","1","0","8","1","5","60","3","2","1","5","4","5","7","1","1","1","4","4","1","12","1","3","10","1","1","C03","7","4","1","10","2","12","","1","1","1","20","8","C03","24.204468","120.704506","2"
"2019","7","28","17","30","臺中市","霧峰區","0","1","0","7","2","5","40","4","1","1","4","4","5","7","1","1","10","5","5","2","16","25","3","10","2","1","C03","7","9","2","18","11","12","","25","25","2","20","8","C03","24.065964","120.694965","2"
"2019","7","28","17","37","臺中市","北區","0","0","0","8","","","50","","","","","","","","","","","","","","","","","","","","B03","","","1","","2","","","23","","1","","","B03","24.163139","120.684992","3"
"2019","7","28","17","40","臺中市","東勢區","0","1","0","6","1","5","50","3","1","1","4","4","5","7","3","2","10","5","5","2","17","6","3","10","1","1","B03","7","6","1","8","2","8","","6","6","1","18","8","B03","24.263475","120.825229","2"
"2019","7","28","17","47","臺中市","西區","0","0","0","8","","","50","","","","","","","","","","","","","","","","3","","","","B03","","","1","","2","","","23","","","21","","B03","24.1467","120.662685","3"
"2019","7","28","17","56","臺中市","西屯區","0","0","0","8","","","40","","","","","","","","","","","","","","","","","","","","B03","","","1","","2","","","12","","1","22","","B03","24.174728","120.639241","3"
"2019","7","28","17","57","臺中市","沙鹿區","0","2","0","7","2","5","50","14","7","1","5","4","5","7","4","4","5","5","4","2","17","23","2","9","1","1","C03","7","5","1","10","2","14","","26","23","1","4","8","C03","24.207264","120.565082","2"
"2019","7","28","18","10","臺中市","太平區","0","1","0","8","1","5","50","14","9","1","5","4","5","7","4","4","5","5","5","2","16","6","3","10","1","1","B03","7","5","1","8","2","7","","6","6","1","21","8","B03","24.143149","120.733627","2"
"2019","7","28","18","13","臺中市","北屯區","0","0","0","8","","","50","","","","","","","","","","","","","","","","","","","","C03","","","1","","2","","","6","","1","5","","C03","24.165431","120.710026","3"
"2019","7","28","18","14","臺中市","中區","0","1","0","8","1","5","50","3","1","1","5","4","5","7","2","1","3","4","5","2","16","42","3","10","1","1","B03","7","6","6","18","2","6","","42","42","1","22","8","B03","24.13647","120.683232","2"
"2019","7","28","18","30","臺中市","南區","0","2","0","8","3","5","50","4","1","1","5","4","5","7","1","1","10","5","5","2","16","6","3","10","1","1","B03","7","5","1","8","2","2","6","6","6","1","21","8","B03","24.122772","120.653492","2"
"2019","7","28","18","30","臺中市","外埔區","0","0","0","8","3","5","40","14","9","1","5","4","5","7","4","4","10","5","5","2","14","","","","","","B03","","","1","","2","","","12","","1","4","","B03","24.318903","120.653168","3"
"2019","7","28","18","50","臺中市","北屯區","0","0","0","8","","","50","","","","","","","","","","","","","","","","","","","","B03","","","1","","2","","","23","","1","21","","B03","24.181854","120.665991","3"
"2019","7","28","18","50","臺中市","潭子區","0","0","0","8","","","50","","","","","","","","","","","","","","","","","","","","A04","","","1","","1","","","9","","2","10","","A04","24.206803","120.707025","3"
"2019","7","28","19","5","臺中市","外埔區","0","0","0","8","3","5","50","3","2","1","5","4","5","7","","4","5","5","5","1","14","","","","","","B03","","","1","","2","","","12","","1","5","","B03","24.335518","120.626451","3"
"2019","7","28","19","17","臺中市","潭子區","0","0","0","8","","","50","","","","","","","","","","","","","","","","","","","","B03","","","1","","2","","","23","","1","21","","B03","24.223318","120.698188","3"
"2019","7","28","19","20","臺中市","西區","0","0","0","8","","","50","","","","","","","","","","","","","","","","","","","","C03","","","1","","2","","","23","","1","5","","C03","24.157136","120.659161","4"
"2019","7","28","19","35","臺中市","西屯區","0","1","0","8","3","5","50","3","1","1","5","4","5","7","1","1","1","5","5","2","16","25","2","9","3","4","C03","7","9","1","10","2","12","","25","25","1","22","8","C03","24.187678","120.615318","2"
"2019","7","28","19","35","臺中市","豐原區","0","1","0","8","3","5","50","14","7","1","5","4","5","7","1","1","1","3","5","2","13","23","3","10","1","1","B12","7","9","1","8","2","1","","23","23","1","21","8","B12","24.24858","120.698061","2"
"2019","7","28","19","42","臺中市","北區","0","1","0","7","1","5","50","4","2","1","5","4","5","7","1","1","1","4","5","2","16","26","3","10","1","1","B03","7","6","1","8","2","8","","23","26","1","21","8","B03","24.153917","120.6656","2"
"2019","7","28","20","10","臺中市","大安區","0","0","0","8","","","40","","","","","","","","","","","","","","","","","","","","B03","","","1","","2","","","12","","1","4","","B03","24.340847","120.568256","3"
"2019","7","28","20","20","臺中市","北區","0","0","0","8","","","50","","","","","","","","","","","","","","","12","","","","","B03","","","1","8","2","","","12","12","1","","","B03","24.157073","120.69432","3"
"2019","7","28","20","22","臺中市","西屯區","0","2","0","6","3","5","40","14","9","1","4","4","5","7","4","4","1","3","1","1","12","23","2","8","1","1","C03","7","9","1","10","2","12","","23","23","1","22","8","C03","24.18225","120.594834","2"
"2019","7","28","20","35","臺中市","西屯區","0","0","0","8","3","5","40","4","1","1","5","4","5","7","1","1","10","5","5","2","16","19","3","10","3","4","B03","7","1","1","8","2","8","","19","19","1","22","9","B03","24.165748","120.644298","3"
"2019","7","28","20","42","臺中市","北區","0","2","0","8","3","5","50","3","1","1","5","4","5","7","1","1","10","5","5","2","13","23","2","8","3","4","C04","7","9","1","8","2","11","","23","23","1","5","8","C04","24.15543","120.681705","2"
"2019","7","28","20","42","臺中市","南屯區","0","0","0","8","","","40","","","","","","","","","","","","","","","","","","","","B03","","","2","","11","","","23","","2","21","","B03","24.142085","120.63647","3"
"2019","7","28","20","45","臺中市","北區","0","1","0","8","3","5","50","3","1","1","5","4","5","7","3","1","10","5","5","2","16","6","3","10","3","4","B03","7","5","1","8","2","4","","6","6","1","19","8","B03","24.169843","120.66829","2"
"2019","7","28","20","55","臺中市","西區","0","1","0","8","3","5","50","14","7","1","5","4","5","7","4","4","5","5","4","2","12","7","2","9","1","1","C03","7","7","1","10","2","14","","7","7","1","21","5","C03","24.152538","120.670508","2"
"2019","7","28","20","56","臺中市","北區","0","0","0","8","","","50","","","","","","","","","","","","","","","","","","","","B03","","","1","","2","","","26","","1","","","B03","24.163004","120.684947","3"
"2019","7","28","20","58","臺中市","西屯區","0","2","0","8","3","5","50","14","9","1","5","4","5","7","4","4","5","4","5","2","17","26","2","9","1","1","C03","7","11","3","18","2","15","","26","26","1","22","9","C03","24.169871","120.636243","2"
"2019","7","28","21","12","臺中市","北屯區","0","0","0","8","","","40","","","","","","","","","","","","","","","","","","","","B03","","","1","","2","","","23","","1","21","","B03","24.163074","120.718716","3"
"2019","7","28","21","17","臺中市","東區","0","1","0","8","3","5","50","14","9","1","5","4","5","7","1","1","5","5","5","2","12","23","3","10","1","1","B03","7","9","1","8","2","5","","23","23","1","21","8","B03","24.127399","120.700625","2"
"2019","7","28","21","35","臺中市","北屯區","0","0","0","8","","","50","","","","","","","","","","","","","","","","","","","","B03","","","1","","2","","","23","","1","22","","B03","24.191495","120.660673","3"
"2019","7","28","21","36","臺中市","東區","0","0","0","8","","","50","","","","","","","","","","","","","","","42","3","","","","B12","","","1","7","2","","","42","42","","21","","B12","24.13228","120.688586","3"
"2019","7","28","21","45","臺中市","北屯區","0","0","0","8","","","50","","","","","","","","","","","","","","","","","","","","B03","","","1","","2","","","23","","1","21","","B03","24.164899","120.709925","3"
"2019","7","28","21","52","臺中市","潭子區","0","0","0","8","","","50","","","","","","","","","","","","","","","","","","","","B03","","","1","","2","","","5","","1","5","","B03","24.190191","120.701313","3"
"2019","7","28","21","56","臺中市","烏日區","0","0","0","8","","","50","","","","","","","","","","","","","","","","","","","","B03","","","1","","2","","","16","","1","21","","B03","24.117883","120.617944","3"
"2019","7","28","22","0","臺中市","西屯區","0","0","0","8","3","5","50","3","2","1","5","4","5","7","4","4","8","3","5","1","16","","","","","","B03","","","1","","2","","","17","","1","22","","B03","24.173852","120.6439","3"
"2019","7","28","22","24","臺中市","北區","0","1","0","8","3","5","50","4","1","1","5","4","5","7","3","1","5","5","5","2","15","6","3","10","1","1","B03","7","9","1","8","2","1","","6","6","1","21","8","B03","24.156708","120.69733","2"
"2019","7","28","22","31","臺中市","西屯區","0","1","0","8","3","5","50","4","1","1","5","4","5","7","1","1","10","5","5","2","16","10","3","10","1","1","B03","7","11","1","8","2","8","","10","10","1","22","9","B03","24.166338","120.658796","2"
"2019","7","28","22","40","臺中市","沙鹿區","0","1","0","7","3","5","50","4","1","1","5","4","5","7","4","4","10","5","5","2","16","9","3","10","3","4","B02","7","6","1","8","9","5","","9","9","2","20","9","B02","24.2409","120.56488","2"
"2019","7","28","23","19","臺中市","沙鹿區","0","0","0","8","","","60","","","","","","","","","","","","","","","","","","","","B03","","","1","","2","","","2","","1","2","","B03","24.237537","120.569295","3"
"2019","7","28","23","22","臺中市","北區","0","0","0","8","","","50","","","","","","","","","","","","","","","","","","","","B03","","","1","","2","","","23","","","22","","B03","24.16996","120.675713","3"
"2019","7","28","23","25","臺中市","北屯區","0","1","0","8","3","5","50","4","1","1","5","4","5","7","1","1","10","5","5","2","3","23","3","10","1","1","B03","7","5","1","8","2","8","","23","23","1","21","8","B03","24.163063","120.718823","2"
"2019","7","28","23","50","臺中市","大甲區","0","1","0","8","3","5","60","14","8","1","5","4","5","7","4","4","9","4","4","1","18","42","2","9","1","1","C03","7","9","1","10","2","11","14","42","42","1","21","8","C03","24.341531","120.617947","2"
"2019","7","28","23","59","臺中市","北屯區","0","0","0","8","","","50","","","","","","","","","","","","","","","","","","","","B01","","","1","","2","","","23","","1","10","","B01","24.184645","120.670403","3"
"2019","7","29","0","20","臺中市","梧棲區","0","0","0","8","1","5","40","14","9","1","5","4","5","7","4","4","10","5","5","2","17","23","3","","","","B03","","","1","","2","","","23","23","1","","","B03","24.24021","120.531016","3"
"2019","7","29","0","50","臺中市","大甲區","0","0","0","8","","","50","","","","","","","","","","","","","","","","","","","","B03","","","1","","2","","","23","","1","21","","B03","24.3274","120.605958","3"
"2019","7","29","2","4","臺中市","西屯區","0","2","0","8","3","5","50","14","9","1","5","4","5","7","4","4","5","4","5","2","3","60","2","9","4","5","H01","8","16","8","20","10","16","","60","60","1","21","8","H01","24.171421","120.636753","2"
"2019","7","29","3","30","臺中市","西屯區","0","0","0","8","","","50","","","","","","","","","","","","","","","","","","","","B03","","","1","","2","","","16","","1","22","","B03","24.178548","120.624383","3"
"2019","7","29","4","44","臺中市","西屯區","0","1","0","8","3","5","50","4","2","1","5","4","5","7","4","4","5","4","4","2","16","6","2","9","1","1","C04","7","9","1","8","2","11","","6","6","1","21","8","C04","24.166171","120.66165","2"
"2019","7","29","4","49","臺中市","沙鹿區","0","1","0","8","3","5","50","5","1","1","5","4","5","7","3","1","10","5","5","2","17","6","2","9","1","1","C03","7","5","3","18","2","11","","6","6","1","5","8","C03","24.225617","120.571471","2"
"2019","7","29","5","21","臺中市","西屯區","0","0","0","8","","","50","","","","","","","","","","","","","","","","","","","","B03","","","2","","2","","","42","","1","22","","B03","24.158842","120.642937","3"
"2019","7","29","6","37","臺中市","沙鹿區","0","2","0","8","1","5","40","4","1","1","5","4","5","7","4","4","10","5","5","2","15","6","3","10","1","1","B12","7","9","1","8","2","4","","6","6","1","21","8","B12","24.217115","120.550058","2"
"2019","7","29","6","43","臺中市","潭子區","0","1","0","8","1","5","50","4","1","1","5","4","5","7","1","1","10","5","5","2","16","25","2","9","1","1","C03","7","9","6","18","2","14","","25","25","1","22","8","C03","24.216188","120.688102","2"
"2019","7","29","6","45","臺中市","后里區","0","1","0","8","1","5","50","3","1","1","5","4","5","7","4","4","10","5","5","2","18","43","2","7","3","4","C03","7","6","1","9","2","12","","43","43","1","21","8","C03","24.317433","120.713203","2"
"2019","7","29","7","5","臺中市","潭子區","0","0","0","8","","","50","","","","","","","","","","","","","","","","","","","","B03","","","1","","2","","","12","","1","22","","B03","24.217321","120.685206","3"
"2019","7","29","7","15","臺中市","北屯區","0","1","0","8","1","5","40","14","8","1","5","4","5","7","4","4","1","4","4","2","13","23","3","10","1","1","C03","7","9","1","10","2","11","","23","23","1","5","8","C03","24.178638","120.668218","2"
"2019","7","29","7","17","臺中市","北屯區","0","0","0","8","","","50","","","","","","","","","","","","","","","","","","","","C03","","","1","","2","","","23","","1","22","","C03","24.171268","120.69414","3"
"2019","7","29","7","22","臺中市","大雅區","0","1","0","8","1","5","40","4","1","1","5","4","5","7","3","1","10","5","5","2","17","6","2","9","1","1","F03","7","5","8","20","2","16","","6","6","1","22","9","F03","24.221597","120.662904","2"
"2019","7","29","7","23","臺中市","北屯區","0","0","0","8","","","50","","","","","","","","","","","","","","","23","","","","","B12","","","1","8","2","","","23","23","1","21","","B12","24.184811","120.697298","3"
"2019","7","29","7","25","臺中市","清水區","0","0","0","8","2","5","50","3","1","1","5","4","5","7","4","4","10","5","5","2","16","6","3","10","1","1","B03","7","5","1","8","2","1","5","6","6","1","5","1","B03","24.273051","120.57381","3"
"2019","7","29","7","25","臺中市","后里區","0","1","0","8","2","5","40","3","1","1","5","4","5","1","4","4","10","5","5","2","16","8","3","10","1","1","B03","7","5","1","8","2","1","","8","8","1","21","8","B03","24.315039","120.693941","2"
"2019","7","29","7","25","臺中市","后里區","0","1","0","8","2","5","50","11","13","1","5","4","5","7","4","4","1","2","4","1","18","13","2","9","1","1","C03","7","9","2","18","2","12","","13","13","1","21","8","C03","24.325453","120.723472","2"
"2019","7","29","7","30","臺中市","南屯區","0","2","0","8","1","5","40","14","8","1","5","4","5","7","4","4","1","4","1","2","17","13","2","9","3","4","C03","7","9","1","10","2","12","","13","13","1","22","1","C03","24.16137","120.586849","2"
"2019","7","29","7","30","臺中市","北屯區","0","2","0","8","1","5","50","4","1","1","5","4","5","7","1","1","10","5","5","2","16","25","2","9","1","1","C03","7","9","1","10","2","11","","25","25","1","21","8","C03","24.181279","120.694996","2"
"2019","7","29","7","34","臺中市","沙鹿區","0","0","0","8","","","40","","","","","","","","","","","","","","","","","","","","C03","","","1","","2","","","4","","1","20","","C03","24.240635","120.561279","3"
"2019","7","29","7","41","臺中市","石岡區","0","0","0","8","","","50","","","","","","","","","","","","","","","","","","","","B03","","","1","","2","","","23","","1","9","","B03","24.277214","120.764526","3"
"2019","7","29","7","44","臺中市","西屯區","0","1","0","8","1","5","50","4","1","1","5","4","5","7","1","1","10","5","5","2","16","6","3","10","1","1","B03","7","5","1","8","2","6","","6","6","1","4","8","B03","24.175774","120.637458","2"
"2019","7","29","7","48","臺中市","南屯區","0","2","0","8","1","5","40","3","1","1","5","4","5","7","4","4","10","5","5","2","16","7","2","9","1","1","C03","7","7","1","10","3","14","","7","7","1","21","8","C03","24.136465","120.619969","2"
"2019","7","29","7","54","臺中市","西屯區","0","1","0","8","1","5","50","3","1","1","5","4","5","7","1","1","10","5","5","2","16","26","2","9","3","4","C03","7","5","1","10","2","14","","26","26","1","22","8","C03","24.170713","120.610891","2"
"2019","7","29","7","54","臺中市","太平區","0","1","0","8","1","5","40","14","8","1","5","4","5","7","4","4","5","4","4","2","13","16","3","10","1","1","C03","7","9","1","10","2","11","","16","16","1","5","1","C03","24.14107","120.712193","2"
"2019","7","29","7","55","臺中市","大甲區","0","1","0","8","1","5","50","3","1","1","5","4","5","7","4","4","10","5","5","2","10","26","3","10","1","1","A02","7","9","1","1","2","8","","26","26","1","10","8","A02","24.348733","120.627126","2"
"2019","7","29","7","59","臺中市","北屯區","0","1","0","8","1","5","50","14","9","1","5","4","5","7","4","4","1","4","5","2","12","43","3","10","1","1","C03","7","9","1","10","2","12","","43","43","1","5","8","C03","24.182044","120.7024","2"
"2019","7","29","7","59","臺中市","后里區","0","1","0","8","1","5","50","3","1","1","5","4","5","7","3","1","10","5","5","2","16","6","3","10","1","1","B03","7","5","1","8","6","6","","6","6","1","21","8","B03","24.302537","120.728516","2"
"2019","7","29","8","3","臺中市","北屯區","0","1","0","8","1","5","40","14","8","1","5","4","5","7","4","4","1","4","4","2","18","67","2","9","1","1","C03","7","9","1","10","2","14","","43","67","1","22","8","C03","24.176625","120.6697","2"
"2019","7","29","8","6","臺中市","北屯區","0","1","0","8","1","5","50","4","2","1","5","4","5","7","2","1","10","5","5","2","16","6","3","10","1","1","B03","7","6","1","8","2","6","","6","6","1","5","8","B03","24.17262","120.72107","2"
"2019","7","29","8","12","臺中市","西屯區","0","1","0","8","1","5","40","3","1","1","5","4","5","7","1","1","10","5","5","2","16","9","3","10","1","1","B03","7","6","1","8","2","2","","9","9","1","21","8","B03","24.198482","120.653505","2"
"2019","7","29","8","20","臺中市","大甲區","0","0","0","","","","","","","","","","","","","","","","","","","","","","","","C03","","","1","","2","","","6","","","","","C03","24.341658","120.617969","3"
"2019","7","29","8","27","臺中市","北屯區","0","1","0","8","1","5","50","4","1","1","5","4","5","7","1","1","10","5","5","2","16","42","3","10","1","1","B03","7","6","1","8","2","6","","42","42","1","5","8","B03","24.200756","120.671074","2"