"年","月","日","時","分","縣市","區","死","受傷","2-30","天候","光線","道路類別","速限","道路型態","事故位置","路面鋪裝","路面狀態","路面缺陷","障礙物","視距","號誌種類","號誌動作","分向設施","快車道或一般車道間","快慢車道間","路面邊線","事故類型及型態","主要肇因","受傷程度","主要傷處","保護裝備","行動電話","當事者區分_類別","車輛用途","當事者行動狀態","駕駛資格情形","駕駛執照種類","飲酒情形","車輛撞擊部位最初","車輛撞擊部位其他","肇事因素個別","肇事因素主要","肇事逃逸","職業","旅次目的","車種","GPS座標_緯度","GPS座標_經度","事故類別"
"2019","7","29","8","27","臺中市","西屯區","0","1","0","8","1","5","40","14","9","1","5","4","5","7","4","4","5","5","5","2","13","23","2","9","1","1","C03","7","9","1","10","2","11","","23","23","1","22","8","C03","24.200509","120.656981","2"
"2019","7","29","8","28","臺中市","西屯區","0","0","0","8","","","40","","","","","","","","","","","","","","","","","","","","B03","","","1","","2","","","17","","1","22","","B03","24.168653","120.64382","3"
"2019","7","29","8","28","臺中市","新社區","0","2","0","8","1","5","50","14","13","1","5","4","5","7","4","4","9","5","5","1","10","4","2","9","1","1","C03","7","9","3","18","2","12","","4","4","1","9","8","C03","24.253261","120.80774","2"
"2019","7","29","8","29","臺中市","西屯區","0","1","0","8","1","5","40","14","8","1","5","4","5","7","4","4","3","5","3","2","16","23","2","9","1","1","C03","7","9","1","10","2","12","","23","23","1","4","8","C03","24.183988","120.591201","2"
"2019","7","29","8","30","臺中市","中區","0","0","0","8","","","50","","","","","","","","","","","","","","","19","3","","","","B03","","","1","","1","","","19","19","2","21","","B03","24.143631","120.68073","3"
"2019","7","29","8","32","臺中市","西屯區","0","1","0","8","1","5","40","3","1","1","5","4","5","7","4","4","10","5","5","2","16","6","3","10","3","4","B03","7","5","1","8","2","7","","6","6","1","22","8","B03","24.162406","120.661081","2"
"2019","7","29","8","33","臺中市","西屯區","0","0","0","8","","","50","","","","","","","","","","","","","","","","","","","","B11","","","1","","9","","","43","","1","","","B11","24.171425","120.612955","4"
"2019","7","29","8","35","臺中市","大雅區","0","0","0","8","","","50","","","","","","","","","","","","","","","","","","","","B12","","","1","","2","","","23","","1","22","","B12","24.20956","120.65083","3"
"2019","7","29","8","40","臺中市","大肚區","0","0","0","","","","","","","","","","","","","","","","","","","","","","","","B03","","","1","","2","","","12","","1","19","","B03","24.133246","120.564803","3"
"2019","7","29","8","50","臺中市","新社區","0","1","0","8","1","5","50","14","9","1","5","4","5","7","4","4","8","3","5","1","13","23","2","9","1","1","C03","7","9","1","10","2","11","","23","23","1","22","9","C03","24.221359","120.803443","2"
"2019","7","29","8","54","臺中市","東區","0","2","0","8","1","5","40","4","1","1","5","4","5","7","1","1","10","5","5","2","17","8","2","9","1","1","C03","7","5","6","18","2","14","","8","8","1","21","8","C03","24.140221","120.701158","2"
"2019","7","29","9","10","臺中市","東區","0","0","0","8","","","40","","","","","","","","","","","","","","","23","","","","","B03","","","1","","2","","","23","23","","10","","B03","24.149563","120.696469","3"
"2019","7","29","9","14","臺中市","東勢區","0","0","0","8","","","25","","","","","","","","","","","","","","","5","","","","","B03","","","1","","2","","","5","5","1","9","","B03","24.232325","120.878426","3"
"2019","7","29","9","20","臺中市","南屯區","0","0","0","8","","","40","","","","","","","","4","","","","","","","12","3","","","","B03","","","1","","2","","","12","12","1","21","","B03","24.138886","120.65105","3"
"2019","7","29","9","33","臺中市","北區","0","0","0","8","","","50","","","","","","","","","","","","","","","","","","","","B03","","","1","","2","","","23","","1","22","","B03","24.1667","120.6729","3"
"2019","7","29","9","43","臺中市","西屯區","0","1","0","8","1","5","40","5","2","1","5","4","5","7","4","4","5","5","5","2","17","14","2","9","3","4","C03","7","12","1","10","2","14","","14","14","1","22","9","C03","24.175323","120.618754","2"
"2019","7","29","9","50","臺中市","北屯區","0","2","0","8","1","5","40","3","1","1","5","4","5","7","1","1","10","5","5","2","16","26","3","10","1","1","B12","7","6","1","8","2","2","","26","26","1","5","8","B12","24.1617","120.719069","2"
"2019","7","29","9","56","臺中市","北區","0","0","0","8","","","50","","","","","","","","","","","","","","","","","","","","C03","","","1","","2","","","23","","2","22","","C03","24.170798","120.673389","3"
"2019","7","29","9","57","臺中市","大甲區","0","1","0","8","1","5","50","14","9","1","5","4","5","7","4","4","9","5","5","1","16","16","3","10","1","1","B12","7","9","1","8","2","5","","16","16","1","9","8","B12","24.352876","120.62167","2"
"2019","7","29","9","59","臺中市","西區","0","0","0","8","1","5","50","4","1","1","5","4","5","7","1","1","10","5","5","2","16","","","","","","B02","","","1","","2","","","8","","1","2","","B02","24.13951","120.670166","3"
"2019","7","29","10","4","臺中市","西屯區","0","0","0","8","","","40","","","","","","","","","","","","","","","","","","","","B12","","","1","","2","","","17","","1","22","","B12","24.181061","120.613858","3"
"2019","7","29","10","4","臺中市","沙鹿區","0","0","0","8","","","40","","","","","","","","","","","","","","","","","","","","B12","","","1","","2","","","42","","1","4","","B12","24.262763","120.573536","3"
"2019","7","29","10","15","臺中市","太平區","0","1","0","8","1","5","50","3","9","1","5","4","5","7","1","1","1","4","5","1","18","43","2","9","1","1","C03","7","9","1","10","8","12","","43","43","1","21","8","C03","24.142568","120.711158","2"
"2019","7","29","10","20","臺中市","西屯區","0","1","0","8","1","5","50","4","1","1","5","4","5","7","1","1","10","5","5","2","16","26","3","10","1","1","B02","7","6","1","15","2","2","","26","26","1","4","8","B02","24.1643","120.646192","2"
"2019","7","29","10","25","臺中市","烏日區","0","1","0","8","1","5","40","4","1","1","5","4","5","7","4","4","10","5","5","2","15","6","3","10","1","1","B12","7","9","1","8","2","7","","14","6","1","21","8","B12","24.102818","120.641505","2"
"2019","7","29","10","25","臺中市","大雅區","0","0","0","8","","","50","","","","","","","","","","","","","","","","","","","","B03","","","1","","2","","","16","","1","","","B03","24.215706","120.667521","3"
"2019","7","29","10","27","臺中市","豐原區","0","0","0","","","","","","","","","","","","","","","","","","","","","","","","B12","","","1","","2","","","42","","","","","B12","24.238988","120.713422","3"
"2019","7","29","10","29","臺中市","大雅區","0","0","0","8","","","50","","","","","","","","","","","","","","","","","","","","A11","","","1","","2","","","7","","1","","","A11","24.22708","120.61345","3"
"2019","7","29","10","33","臺中市","大雅區","0","1","0","8","1","5","50","4","1","1","5","4","5","7","1","1","9","4","4","1","12","23","2","9","1","1","C03","7","9","1","10","2","14","","23","23","1","22","9","C03","24.22272","120.64672","2"
"2019","7","29","10","33","臺中市","大雅區","0","0","0","8","","","50","","","","","","","","","","","","","","","","","","","","C03","","","1","","2","","","23","","1","","","C03","24.223425","120.647701","4"
"2019","7","29","10","35","臺中市","西屯區","0","0","0","8","","","40","","","","","","","","","","","","","","","23","","","","","B12","","","1","","2","","","23","23","1","22","","B12","24.170718","120.632344","3"
"2019","7","29","10","37","臺中市","北屯區","0","1","0","8","1","5","50","4","2","1","5","4","5","7","1","1","10","5","5","2","16","23","3","10","1","1","B03","7","5","1","8","2","8","","23","23","1","5","8","B03","24.180166","120.688933","2"
"2019","7","29","10","41","臺中市","西屯區","0","0","0","8","","","50","","","","","","","","","","","","","","","","","","","","B03","","","1","","2","","","23","","1","","","B03","24.163183","120.634278","3"
"2019","7","29","10","44","臺中市","北區","0","2","0","8","1","5","50","4","1","1","5","4","5","7","4","4","10","5","5","2","15","6","2","9","1","1","C03","7","9","3","18","2","11","","6","6","1","21","8","C03","24.153491","120.680996","2"
"2019","7","29","10","46","臺中市","沙鹿區","0","1","0","8","1","5","50","3","1","1","5","4","5","7","2","1","10","5","5","2","16","43","2","9","1","1","C03","7","9","1","10","2","12","","43","43","1","22","7","C03","24.223202","120.568825","2"
"2019","7","29","10","50","臺中市","南屯區","0","1","0","8","1","5","40","14","9","1","5","4","5","7","4","4","5","5","5","2","16","26","2","9","4","1","F01","7","11","8","20","2","16","","26","26","1","21","8","F01","24.152349","120.650983","2"
"2019","7","29","10","51","臺中市","北屯區","0","1","0","8","1","5","50","3","1","1","5","4","5","7","4","4","10","5","5","2","17","19","3","10","3","4","B12","7","1","1","8","2","1","","19","19","1","21","8","B12","24.18014","120.689136","2"
"2019","7","29","10","56","臺中市","北區","0","1","0","8","1","5","50","14","9","1","5","4","5","7","4","4","5","5","5","2","16","19","3","10","1","1","B12","7","1","1","8","2","5","","19","19","1","22","8","B12","24.16041","120.678242","2"
"2019","7","29","11","7","臺中市","大里區","0","0","0","8","","","60","","","","","","","","","","","","","","","","","","","","B12","","","1","","2","","","16","","1","21","","B12","24.0806","120.68879","3"
"2019","7","29","11","10","臺中市","霧峰區","0","0","0","8","","","40","","","","","","","","","","","","","","","","","","","","B12","","","1","","2","","","23","","1","11","","B12","24.068221","120.662301","3"
"2019","7","29","11","14","臺中市","西屯區","0","1","0","8","1","5","50","4","1","1","5","4","5","7","4","4","5","5","4","2","16","6","2","9","1","1","C03","7","9","1","10","2","11","","6","6","1","22","8","C03","24.160513","120.650961","2"
"2019","7","29","11","14","臺中市","后里區","0","0","0","8","","","50","","","","","","","","","","","","","","","18","","","","","B03","","","1","","2","","","18","18","1","22","","B03","24.3088","120.7228","3"
"2019","7","29","11","17","臺中市","沙鹿區","0","0","0","8","","","50","","","","","","","","","","","","","","","","","","","","B03","","","1","","2","","","6","","1","","","B03","24.244357","120.561923","3"
"2019","7","29","11","20","臺中市","后里區","0","1","0","8","1","5","50","4","1","1","5","4","5","7","2","1","5","4","4","1","16","8","2","9","1","1","C03","7","5","3","18","2","14","","8","8","1","21","8","C03","24.302616","120.717595","2"
"2019","7","29","11","21","臺中市","大雅區","0","0","0","8","","","50","","","","","","","","","","","","","","","","","","","","B03","","","1","","2","","","16","","1","","","B03","24.219086","120.653377","3"
"2019","7","29","11","23","臺中市","北屯區","0","0","0","8","","","50","","","","","","","","","","","","","","","","","","","","B03","","","1","","2","","","23","","1","","","B03","24.183582","120.698248","3"
"2019","7","29","11","28","臺中市","北屯區","0","0","0","8","","","50","","","","","","","","","","","","","","","","","","","","B12","","","1","","2","","","12","","1","5","","B12","24.170288","120.723135","3"
"2019","7","29","11","29","臺中市","大雅區","0","0","0","8","","","40","","","","","","","","","","","","","","","","","","","","B03","","","1","","2","","","23","","1","","","B03","24.209836","120.65165","3"
"2019","7","29","11","31","臺中市","東勢區","0","0","0","8","","","60","","","","","","","","","","","","","","","","","","","","B03","","","1","","2","","","23","","1","9","","B03","24.238395","120.834481","3"
"2019","7","29","11","35","臺中市","南屯區","0","1","0","8","1","5","40","4","1","1","5","4","5","7","4","4","10","5","5","2","15","6","2","9","1","1","C03","7","9","1","10","2","12","","6","6","1","21","8","C03","24.139897","120.637115","2"
"2019","7","29","11","35","臺中市","豐原區","0","0","0","8","","","50","","","","","","","","","","","","","","","6","","","","","C04","","","1","","2","","","6","6","1","22","","C04","24.250576","120.71884","3"
"2019","7","29","11","36","臺中市","北屯區","0","1","0","8","1","5","50","4","1","1","5","4","5","7","2","1","10","5","5","2","16","6","3","10","1","1","B03","7","5","1","8","2","2","","6","6","1","21","8","B03","24.176598","120.72736","2"
"2019","7","29","11","38","臺中市","大雅區","0","1","0","8","1","5","50","14","8","1","5","4","5","7","4","4","9","4","5","1","17","19","2","8","1","1","C03","7","1","1","10","2","15","","19","19","1","22","9","C03","24.22889","120.65465","2"
"2019","7","29","11","41","臺中市","北屯區","0","0","0","8","","","40","","","","","","","","","","","","","","","","","","","","B11","","","1","","2","","","12","","1","22","","B11","24.161463","120.73422","3"
"2019","7","29","11","41","臺中市","潭子區","0","0","0","8","","","40","","","","","","","","","","","","","","","","","","","","C03","","","1","","2","","","6","","1","","","C03","24.224473","120.702248","3"
"2019","7","29","11","48","臺中市","大雅區","0","3","0","8","1","5","40","4","1","1","5","4","5","7","4","4","10","5","5","2","17","6","2","9","1","1","B03","7","9","1","8","2","1","","6","6","1","22","9","B03","24.210576","120.660544","2"
"2019","7","29","11","57","臺中市","西區","0","1","0","8","1","5","40","3","8","1","5","4","5","7","4","4","5","5","4","2","14","12","3","10","1","1","B12","7","2","1","8","2","7","","12","12","1","22","8","B12","24.131244","120.66801","2"
"2019","7","29","11","58","臺中市","南屯區","0","1","0","8","1","5","50","3","1","1","5","4","5","7","4","4","10","5","5","2","16","6","3","10","3","4","B03","7","5","1","8","2","4","","6","6","1","22","9","B03","24.138916","120.605775","2"
"2019","7","29","11","58","臺中市","太平區","0","1","0","8","1","5","50","3","1","1","5","4","5","7","4","4","10","5","5","2","16","6","3","10","1","1","C03","7","5","1","10","2","11","","6","6","1","21","8","C03","24.137724","120.725903","2"
"2019","7","29","12","4","臺中市","東區","0","1","0","8","1","5","50","14","9","1","5","4","5","7","1","1","1","2","5","2","13","23","3","10","1","1","B03","7","9","1","8","2","1","","23","23","1","21","8","B03","24.14103","120.710368","2"
"2019","7","29","12","7","臺中市","南屯區","0","1","0","8","1","5","50","14","9","1","5","4","5","7","4","4","10","5","5","2","13","23","3","10","3","4","C03","7","9","1","10","9","11","","23","23","2","22","8","C03","24.143094","120.647809","2"
"2019","7","29","12","10","臺中市","西屯區","0","1","0","8","1","5","40","4","1","1","5","4","5","7","4","4","10","5","5","2","17","23","2","9","3","4","C03","7","9","1","10","2","12","","23","23","1","22","8","C03","24.160848","120.642081","2"
"2019","7","29","12","10","臺中市","潭子區","0","2","0","8","1","5","50","3","1","1","5","4","5","3","4","4","5","5","5","2","16","6","3","10","1","1","B03","7","5","1","8","2","1","","6","6","1","21","8","B03","24.210133","120.699818","2"
"2019","7","29","12","13","臺中市","北屯區","0","1","0","8","1","5","50","14","9","1","5","4","5","7","4","4","9","5","5","2","17","12","3","10","3","4","B03","7","2","1","8","2","3","","12","12","1","21","8","B03","24.165333","120.711503","2"
"2019","7","29","12","20","臺中市","西屯區","0","0","0","8","","","40","","","","","","","","","","","","","","","6","","","","","B03","","","1","","2","","","14","6","1","","","B03","24.160074","120.646273","3"
"2019","7","29","12","25","臺中市","梧棲區","0","0","0","8","","","60","","","","","","","","","","","","","","","","","","","","A41","","","1","","2","","","23","","1","10","","A41","24.246503","120.534625","3"
"2019","7","29","12","27","臺中市","北屯區","0","0","0","8","","","50","","","","","","","","","","","","","","","","","","","","B03","","","1","","2","","","23","","1","","","B03","24.169723","120.705953","3"
"2019","7","29","12","28","臺中市","南屯區","0","1","0","8","1","5","50","3","1","1","5","4","5","7","4","4","10","5","5","2","17","23","2","9","1","1","C03","7","9","1","10","2","12","","23","23","1","21","8","C03","24.147756","120.64391","2"
"2019","7","29","12","30","臺中市","南區","0","2","0","8","1","5","40","4","1","1","5","4","5","7","4","4","10","5","5","2","17","6","2","8","1","1","C03","7","9","1","10","2","12","","6","6","1","5","8","C03","24.13119","120.683893","2"
"2019","7","29","12","30","臺中市","霧峰區","0","1","0","8","1","5","40","4","1","1","5","4","5","7","4","4","10","5","5","2","16","6","2","9","1","1","C03","7","9","3","18","2","12","","6","6","1","3","8","C03","24.062678","120.697556","2"
"2019","7","29","12","47","臺中市","大雅區","0","0","0","8","","","40","","","","","","","","","","","","","","","","","","","","B01","","","1","","9","","","12","","2","","","B01","24.215747","120.633471","3"
"2019","7","29","12","48","臺中市","大雅區","0","1","0","8","1","5","40","4","1","1","5","4","5","7","4","4","10","5","5","2","17","6","3","10","1","1","B03","7","5","1","8","2","1","","6","6","1","22","9","B03","24.22734","120.64014","2"
"2019","7","29","12","53","臺中市","東區","0","1","0","8","1","5","50","5","2","1","5","4","5","7","1","1","1","2","5","2","13","23","3","10","1","1","B03","7","9","1","8","2","1","","23","23","1","21","8","B03","24.139696","120.696534","2"
"2019","7","29","12","58","臺中市","西屯區","0","0","0","8","","","40","","","","","","","","","","","","","","","","","","","","A31","","","1","","2","","","42","","1","22","","A31","24.194884","120.64418","3"
"2019","7","29","13","0","臺中市","南屯區","0","0","0","8","","","50","","","","","","","","","","","","","","","","","","","","B12","","","1","","11","","","12","","1","10","","B12","24.147273","120.638699","3"
"2019","7","29","13","10","臺中市","北屯區","0","0","0","8","","","50","","","","","","","","","","","","","","","","","","","","C03","","","1","","2","","","23","","1","22","","C03","24.17072","120.68519","3"
"2019","7","29","13","12","臺中市","北區","0","1","0","8","1","5","50","14","8","1","5","4","5","7","4","4","10","4","4","2","16","18","3","10","1","1","B03","7","3","1","8","2","8","","18","18","1","22","8","B03","24.1565","120.6877","2"
"2019","7","29","13","15","臺中市","西區","0","0","0","8","","","50","","","","","","","","","","","","","","","","3","","","","B03","","","1","","2","","","7","","","21","","B03","24.138494","120.67551","3"
"2019","7","29","13","15","臺中市","大甲區","0","1","0","8","1","5","50","3","1","1","5","4","5","7","4","4","10","5","5","1","17","21","2","8","1","1","C03","7","9","1","10","8","11","","21","21","1","22","8","C03","24.343992","120.62184","2"
"2019","7","29","13","17","臺中市","太平區","0","1","0","8","1","5","50","4","1","1","5","4","5","7","1","1","10","5","5","2","12","17","3","10","1","1","B03","7","9","1","8","2","2","","17","17","1","4","7","B03","24.133592","120.725915","2"
"2019","7","29","13","18","臺中市","中區","0","1","0","7","1","5","50","4","7","1","5","4","5","7","1","1","5","4","5","2","12","17","3","10","1","1","B12","7","9","1","8","2","6","","17","17","1","22","8","B12","24.14193","120.679003","2"
"2019","7","29","13","19","臺中市","北屯區","0","0","0","8","","","50","","","","","","","","","","","","","","","","","","","","B03","","","1","","2","","","7","","1","5","","B03","24.162004","120.724955","3"
"2019","7","29","13","20","臺中市","梧棲區","0","0","0","8","","","50","","","","","","","","","","","","","","","","","","","","C03","","","1","","2","","","6","","1","2","","C03","24.257805","120.550267","3"
"2019","7","29","13","20","臺中市","沙鹿區","0","2","0","8","1","5","50","3","1","1","5","4","5","7","4","4","10","5","5","2","16","8","2","9","4","1","F01","7","5","8","20","2","16","","8","8","1","5","8","F01","24.238983","120.560025","2"
"2019","7","29","13","26","臺中市","北區","0","1","0","8","1","5","50","14","9","1","5","4","5","7","4","4","1","4","5","2","13","16","2","9","1","1","C03","7","9","1","10","2","11","","16","16","1","21","8","C03","24.172329","120.671778","2"
"2019","7","29","13","29","臺中市","沙鹿區","0","1","0","8","1","5","50","14","7","1","5","4","5","7","4","4","9","5","4","2","16","10","3","10","1","1","B03","7","11","1","8","2","8","","10","10","1","21","8","B03","24.222757","120.571412","2"
"2019","7","29","13","36","臺中市","西屯區","0","0","0","8","","","40","","","","","","","","","","","","","","","43","","","","","B03","","","1","","2","","","43","43","1","22","","B03","24.178785","120.637435","3"
"2019","7","29","13","43","臺中市","沙鹿區","0","0","0","8","","","50","","","","","","","","","","","","","","","","","","","","","","","7","","9","","","67","","1","","","","24.242728","120.603873","3"
"2019","7","29","13","47","臺中市","西屯區","0","1","0","8","1","5","50","4","1","1","5","4","5","7","2","1","10","5","5","2","12","8","2","8","1","1","C03","7","5","1","10","2","14","","8","8","1","21","8","C03","24.160995","120.65347","2"
"2019","7","29","13","50","臺中市","西區","0","0","0","8","","","50","","","","","","","","","","","","","","","","","","","","B12","","","1","","2","","","12","","1","22","","B12","24.142023","120.667175","3"
"2019","7","29","13","56","臺中市","中區","0","0","0","8","1","5","50","14","7","1","5","4","5","7","4","4","3","4","4","2","13","","","","","","A04","","","1","","2","","","23","","1","10","","A04","24.136413","120.682748","3"
"2019","7","29","14","2","臺中市","西區","0","0","0","8","","","50","","","","","","","","","","","","","","","","","","","","B03","","","1","","2","","","7","","1","21","","B03","24.152574","120.661679","3"
"2019","7","29","14","5","臺中市","西屯區","0","2","0","8","1","5","50","4","2","1","5","4","5","7","1","1","5","4","5","2","11","6","3","10","3","4","B03","7","5","1","8","2","1","","6","6","1","22","9","B03","24.166763","120.635188","2"
"2019","7","29","14","5","臺中市","沙鹿區","0","0","0","8","","","50","","","","","","","","","","","","","","","","","","","","B12","","","1","","2","","","6","","1","20","","B12","24.205703","120.573364","3"
"2019","7","29","14","7","臺中市","外埔區","0","2","0","8","1","5","50","5","1","1","5","4","5","7","4","4","10","5","5","2","16","14","3","10","1","1","B03","7","5","1","8","2","8","","14","14","1","4","8","B03","24.341719","120.637031","2"
"2019","7","29","14","15","臺中市","豐原區","0","1","0","8","1","5","50","14","7","1","5","4","5","7","4","4","5","5","4","2","16","1","3","10","1","1","B12","7","5","1","8","2","8","","44","1","1","21","8","B12","24.258141","120.664737","2"
"2019","7","29","14","35","臺中市","南屯區","0","0","0","8","","","50","","","","","","","","","","","","","","","","","","","","B03","","","1","","2","","","10","","1","22","","B03","24.135911","120.649475","3"
"2019","7","29","14","40","臺中市","東區","0","1","0","8","1","5","50","14","12","1","5","4","5","7","4","4","5","5","4","2","17","38","3","10","1","1","B12","7","14","1","7","2","3","","38","38","1","4","8","B12","24.14888","120.707525","2"
"2019","7","29","14","47","臺中市","沙鹿區","0","1","0","8","1","5","50","4","1","1","5","4","5","7","1","1","10","5","5","2","3","15","3","10","1","1","B01","7","5","1","1","2","1","","15","15","1","21","8","B01","24.237917","120.559785","2"
"2019","7","29","15","0","臺中市","梧棲區","0","1","0","8","1","5","60","14","9","1","5","4","5","7","4","4","10","4","5","1","13","23","2","9","1","1","B02","7","9","1","8","7","1","","23","23","1","2","9","B02","24.245448","120.534097","2"
"2019","7","29","15","4","臺中市","清水區","0","0","0","8","","","70","","","","","","","","","","","","","","","","","","","","A41","","","1","","2","","","17","","1","10","","A41","24.304371","120.591982","3"
"2019","7","29","15","8","臺中市","西區","0","2","0","8","1","5","50","4","1","1","5","4","5","7","4","4","10","5","5","2","15","6","2","9","1","1","C03","7","9","1","10","2","14","","14","6","1","21","5","C03","24.142072","120.668857","2"
"2019","7","29","15","10","臺中市","北區","0","1","0","8","1","5","50","4","1","1","5","4","5","7","4","4","10","5","5","2","15","6","3","10","3","4","C03","7","9","1","10","2","12","","6","6","1","5","8","C03","24.161583","120.683648","2"
"2019","7","29","15","10","臺中市","大甲區","0","0","0","8","","","50","","","","","","","","","","","","","","","","","","","","A11","","","1","","2","","","37","","1","10","","A11","24.399415","120.658828","3"
"2019","7","29","15","13","臺中市","太平區","0","1","0","8","1","5","50","14","9","1","5","4","5","7","4","4","5","4","5","1","16","23","2","9","1","1","C04","7","9","1","8","2","12","","23","23","1","21","8","C04","24.134754","120.729254","2"
"2019","7","29","15","15","臺中市","北屯區","0","3","0","8","1","5","50","4","1","1","5","4","5","7","2","1","10","5","5","2","16","19","2","9","1","1","C03","7","1","2","18","2","14","","19","19","1","21","8","C03","24.170835","120.685156","2"
"2019","7","29","15","15","臺中市","大里區","0","0","0","8","","","40","","","","","","","","","","","","","","","","","","","","B03","","","1","","2","","","19","","1","5","","B03","24.087325","120.694333","3"
"2019","7","29","15","15","臺中市","東勢區","0","2","0","8","1","5","50","3","2","1","5","4","5","7","4","4","8","3","4","1","16","23","2","9","1","1","C03","7","5","1","10","2","11","","23","23","1","22","9","C03","24.2458","120.834736","2"
"2019","7","29","15","21","臺中市","沙鹿區","0","1","0","8","1","5","50","4","1","1","5","4","5","7","4","4","10","5","5","2","16","23","2","9","1","1","C03","7","9","3","18","2","15","","23","23","1","22","9","C03","24.240909","120.564892","2"
"2019","7","29","15","26","臺中市","西屯區","0","0","0","8","","","50","","","","","","","","","","","","","","","","","","","","B03","","","1","","2","","","23","","1","22","","B03","24.18449","120.611318","3"
"2019","7","29","15","34","臺中市","東勢區","0","1","0","8","1","5","60","14","8","1","5","4","5","7","1","1","1","4","4","1","17","30","3","10","1","1","B12","7","9","1","3","2","15","","30","30","1","9","8","B12","24.244061","120.833346","2"
"2019","7","29","15","48","臺中市","北屯區","0","1","0","8","1","5","50","4","1","1","5","4","5","7","1","1","10","5","5","2","15","25","2","9","1","1","C03","7","9","1","10","2","14","","25","25","1","18","8","C03","24.16852","120.697646","2"
"2019","7","29","15","49","臺中市","北區","0","0","0","8","","","40","","","","","","","","","","","","","","","","3","","","","B03","","","1","","2","","","12","","","22","","B03","24.159286","120.679232","3"
"2019","7","29","15","50","臺中市","沙鹿區","0","0","0","8","","","50","","","","","","","","","","","","","","","","","","","","B12","","","1","","2","","","18","","1","9","","B12","24.218851","120.568392","3"
"2019","7","29","16","0","臺中市","潭子區","0","1","0","8","1","5","50","14","9","1","5","4","5","7","4","4","5","5","5","1","13","16","2","9","1","1","C04","7","9","1","11","2","11","","16","16","1","20","8","C04","24.204425","120.720806","2"
"2019","7","29","16","1","臺中市","西屯區","0","2","0","8","1","5","40","4","1","1","5","4","5","7","4","4","9","5","5","2","16","6","2","9","3","4","A11","7","9","1","8","2","1","","6","6","1","22","8","A11","24.170653","120.58787","2"
"2019","7","29","16","5","臺中市","西區","0","0","0","8","1","5","50","14","9","1","5","4","5","7","4","4","5","2","5","2","14","","","","","","B12","","","1","","2","","","18","","1","5","","B12","24.136425","120.680241","3"
"2019","7","29","16","6","臺中市","西區","0","0","0","8","","","50","","","","","","","","","","","","","","","","","","","","B03","","","1","","2","","","16","","1","21","","B03","24.155919","120.661692","4"
"2019","7","29","16","8","臺中市","清水區","0","1","0","8","1","5","60","14","13","1","5","4","5","7","4","4","1","4","5","1","12","23","2","9","1","1","C03","7","9","1","10","2","12","","23","23","1","21","8","C03","24.280039","120.548565","2"
"2019","7","29","16","8","臺中市","梧棲區","0","1","0","8","1","5","50","4","2","1","5","4","5","7","1","1","10","5","5","2","12","23","2","9","1","1","C03","7","9","1","10","2","11","","23","23","1","18","8","C03","24.252278","120.539495","2"
"2019","7","29","16","9","臺中市","霧峰區","0","0","0","8","","","50","","","","","","","","","","","","","","","","","","","","C03","","","1","","2","","","19","","1","21","","C03","24.067774","120.699085","3"
"2019","7","29","16","13","臺中市","北屯區","0","0","0","8","","","50","","","","","","","","","","","","","","","26","","","","","B02","","","1","","2","","","26","26","1","19","","B02","24.175","120.671","3"
"2019","7","29","16","15","臺中市","北屯區","0","0","0","8","","","50","","","","","","","","","","","","","","","","","","","","B03","","","1","","2","","","23","","1","5","","B03","24.183558","120.721786","3"
"2019","7","29","16","16","臺中市","潭子區","0","0","0","8","","","50","","","","","","","","","","","","","","","","","","","","B03","","","1","","2","","","42","","","21","","B03","24.210028","120.685492","3"
"2019","7","29","16","18","臺中市","清水區","0","1","0","8","1","5","50","4","1","1","5","4","5","7","4","4","10","5","5","2","15","6","2","9","1","1","C04","7","9","3","18","2","11","","6","6","1","20","8","C04","24.268449","120.576674","2"
"2019","7","29","16","20","臺中市","沙鹿區","0","1","0","8","1","5","40","5","1","1","5","4","5","7","1","1","10","5","5","2","16","8","2","9","1","1","C03","7","5","2","18","2","13","","8","8","1","16","8","C03","24.237318","120.569723","2"
"2019","7","29","16","20","臺中市","大安區","0","0","0","8","","","40","","","","","","","","","","","","","","","","","","","","B12","","","1","","2","","","12","","1","4","","B12","24.338023","120.590983","3"
"2019","7","29","16","22","臺中市","北區","0","0","0","8","","","50","","","","","","","","","","","","","","","","","","","","B03","","","1","","2","","","23","","1","5","","B03","24.16532","120.68506","3"
"2019","7","29","16","22","臺中市","潭子區","0","2","0","8","1","5","60","14","8","1","5","4","5","7","4","4","1","4","4","1","16","6","3","10","1","1","B12","7","8","1","8","2","2","","6","6","1","22","8","B12","24.234693","120.70776","2"
"2019","7","29","16","26","臺中市","太平區","0","1","0","8","1","5","50","14","9","1","5","4","4","7","4","4","4","1","5","1","17","19","3","10","4","1","G03","7","1","1","8","2","1","","19","19","1","5","8","G03","24.133781","120.736188","2"
"2019","7","29","16","27","臺中市","北區","0","0","0","8","1","5","50","","","","","","","","","","","","","","","","","","","","B03","","","1","","2","","","23","","","5","","B03","24.148317","120.678348","3"