"年","月","日","時","分","縣市","區","死","受傷","2-30","天候","光線","道路類別","速限","道路型態","事故位置","路面鋪裝","路面狀態","路面缺陷","障礙物","視距","號誌種類","號誌動作","分向設施","快車道或一般車道間","快慢車道間","路面邊線","事故類型及型態","主要肇因","受傷程度","主要傷處","保護裝備","行動電話","當事者區分_類別","車輛用途","當事者行動狀態","駕駛資格情形","駕駛執照種類","飲酒情形","車輛撞擊部位最初","車輛撞擊部位其他","肇事因素個別","肇事因素主要","肇事逃逸","職業","旅次目的","車種","GPS座標_緯度","GPS座標_經度","事故類別"
"2019","7","29","16","30","臺中市","神岡區","0","2","0","8","1","5","40","4","1","1","5","4","5","7","4","4","10","5","5","1","16","6","2","8","1","1","C03","7","5","3","18","2","11","","6","6","1","21","8","C03","24.244998","120.671011","2"
"2019","7","29","16","36","臺中市","北區","0","1","0","8","1","5","50","14","7","1","5","4","5","7","4","4","5","5","4","2","17","26","2","9","1","4","C03","7","11","1","10","2","13","","26","26","1","5","8","C03","24.16688","120.675143","2"
"2019","7","29","16","40","臺中市","西屯區","0","1","0","8","1","5","40","14","8","1","5","4","5","7","4","4","5","4","4","2","13","16","2","8","1","1","C03","7","9","1","10","2","11","","16","16","1","22","8","C03","24.183805","120.602538","2"
"2019","7","29","16","53","臺中市","西屯區","0","2","0","8","1","5","50","4","1","1","5","4","5","7","4","4","10","5","5","2","16","6","2","9","1","1","C03","7","9","4","8","2","12","","6","6","1","22","8","C03","24.163088","120.658074","2"
"2019","7","29","16","57","臺中市","南屯區","0","0","0","8","","","50","","","","","","","","","","","","","","","","","","","","B12","","","1","","2","","","23","","1","22","","B12","24.122378","120.648458","3"
"2019","7","29","17","3","臺中市","西屯區","0","1","0","8","1","5","50","5","2","1","5","4","5","7","2","1","8","3","5","1","18","43","2","9","1","1","C03","7","12","1","10","2","14","","43","43","1","22","8","C03","24.161424","120.606159","2"
"2019","7","29","17","5","臺中市","霧峰區","0","0","0","","","","","","","","","","","","","","","","","","","","","","","","B03","","","1","","2","","","23","","1","9","","B03","24.072571","120.665339","4"
"2019","7","29","17","5","臺中市","霧峰區","0","0","0","8","","","50","","","","","","","","","","","","","","","","","","","","B03","","","1","","2","","","23","","1","9","","B03","24.04319","120.688576","3"
"2019","7","29","17","5","臺中市","烏日區","0","2","0","8","1","5","40","14","8","2","5","4","4","7","4","4","1","4","4","2","13","43","2","7","1","1","C03","7","9","1","10","2","11","","43","43","1","21","8","C03","24.112228","120.636665","2"
"2019","7","29","17","6","臺中市","沙鹿區","0","1","0","8","1","5","40","14","8","1","5","4","5","7","4","4","4","4","4","2","12","7","3","10","1","1","B12","7","8","1","8","2","2","","7","7","1","9","8","B12","24.24166","120.561012","2"
"2019","7","29","17","14","臺中市","大里區","0","0","0","8","","","50","","","","","","","","","","","","","","","","","","","","B03","","","1","","2","","","23","","1","20","","B03","24.098993","120.702231","3"
"2019","7","29","17","14","臺中市","龍井區","0","2","0","8","1","5","40","14","8","1","5","4","5","7","1","1","1","4","1","2","13","23","2","9","1","1","C03","7","9","1","10","2","11","","23","23","1","18","8","C03","24.218736","120.540028","2"
"2019","7","29","17","15","臺中市","太平區","0","0","0","8","","","40","","","","","","","","","","","","","","","","","","","","B12","","","1","","2","","","12","","1","21","","B12","24.141299","120.71445","3"
"2019","7","29","17","18","臺中市","西屯區","0","1","0","8","1","5","1","14","9","1","5","4","5","7","4","4","1","4","5","2","16","19","2","9","3","4","C03","7","1","1","10","2","11","","19","19","1","22","8","C03","24.161101","120.635568","2"
"2019","7","29","17","18","臺中市","大里區","0","0","0","8","2","8","40","4","1","1","5","4","5","7","4","4","8","3","5","1","15","","","","","","B03","","","1","","2","","","23","","","","","B03","24.094936","120.705756","3"
"2019","7","29","17","20","臺中市","沙鹿區","0","1","0","8","2","5","60","14","7","1","5","4","5","7","4","4","1","4","4","1","17","42","2","9","1","1","C03","7","9","1","10","2","12","","42","42","1","17","8","C03","24.208957","120.561054","2"
"2019","7","29","17","23","臺中市","北區","0","0","0","8","","","50","","","","","","","","","","","","","","","","3","","","","C03","","","1","","2","","","4","","1","22","","C03","24.157602","120.685093","3"
"2019","7","29","17","25","臺中市","霧峰區","0","0","0","8","","","50","","","","","","","","","","","","","","","","","","","","B01","","","1","","2","","","16","","1","10","","B01","24.072288","120.699776","3"
"2019","7","29","17","25","臺中市","大雅區","0","0","0","8","","","40","","","","","","","","","","","","","","","","","","","","B12","","","1","","2","","","6","","1","22","","B12","24.225392","120.667503","3"
"2019","7","29","17","27","臺中市","西屯區","0","0","0","8","","","50","","","","","","","","","","","","","","","","","","","","C03","","","4","","2","","","7","","1","21","","C03","24.167618","120.651918","4"
"2019","7","29","17","27","臺中市","大甲區","0","2","0","8","1","5","70","4","2","1","5","4","5","7","4","4","10","5","5","2","17","19","2","9","1","1","C03","7","1","1","10","2","14","","19","19","1","21","8","C03","24.355329","120.619321","2"
"2019","7","29","17","28","臺中市","北區","0","1","0","8","1","5","50","3","1","1","5","4","5","7","4","4","9","5","5","2","13","23","2","7","1","1","C03","7","9","1","10","2","12","","23","23","1","5","8","C03","24.16145","120.68742","2"
"2019","7","29","17","30","臺中市","南區","0","1","0","8","1","5","50","4","1","1","5","4","5","7","1","1","10","5","5","2","16","26","2","9","1","1","C03","6","5","1","10","2","13","14","26","26","1","21","7","C03","24.110781","120.646916","2"
"2019","7","29","17","34","臺中市","西屯區","0","1","0","8","1","5","50","14","8","1","5","4","5","7","4","4","5","5","5","2","16","19","3","10","3","4","B03","7","13","1","8","2","3","","38","19","1","22","8","B03","24.18381","120.616188","2"
"2019","7","29","17","34","臺中市","石岡區","0","0","0","8","","","50","","","","","","","","","","","","","","","","","","","","B03","","","1","","2","","","7","","1","5","","B03","24.278113","120.770636","3"
"2019","7","29","17","36","臺中市","沙鹿區","0","2","0","8","1","5","50","14","7","1","5","4","5","7","4","4","5","5","4","2","17","10","2","9","2","1","C03","7","11","1","10","2","14","","10","10","1","21","8","C03","24.228031","120.572308","2"
"2019","7","29","17","40","臺中市","大甲區","0","1","0","8","1","5","50","4","1","1","5","4","5","7","1","1","10","5","5","2","1","23","3","10","1","1","B01","7","5","1","4","2","1","","23","23","1","10","8","B01","24.346947","120.617195","2"
"2019","7","29","17","42","臺中市","西屯區","0","0","0","8","1","5","40","14","8","1","5","4","5","7","4","4","1","2","1","2","16","23","3","10","3","4","C03","7","9","6","10","4","12","","23","23","1","22","8","C03","24.165823","120.644248","3"
"2019","7","29","17","43","臺中市","西屯區","0","0","0","8","1","5","50","3","2","1","5","4","5","7","4","4","8","3","4","1","17","","","","","","B12","","","1","","2","","","42","","1","22","","B12","24.16153","120.606063","3"
"2019","7","29","17","46","臺中市","潭子區","0","1","0","8","1","5","50","4","1","1","5","4","5","7","3","1","10","5","5","2","16","6","2","9","1","1","C03","7","9","1","10","2","11","","6","6","1","20","8","C03","24.232735","120.71043","2"
"2019","7","29","17","50","臺中市","南區","0","1","0","8","1","5","50","3","1","1","5","4","5","7","3","1","10","5","5","2","16","6","3","10","1","1","B03","7","5","1","8","2","8","","6","6","1","22","8","B03","24.113118","120.666321","2"
"2019","7","29","17","50","臺中市","北屯區","0","1","0","8","1","5","50","4","1","1","5","4","5","7","1","1","10","5","5","2","16","42","3","10","1","1","B03","7","5","1","8","2","8","","42","42","1","21","8","B03","24.16743","120.696861","2"
"2019","7","29","17","54","臺中市","潭子區","0","0","0","8","","","50","","","","","","","","","","","","","","","","","","","","B12","","","1","","2","","","23","","1","22","","B12","24.200518","120.70565","3"
"2019","7","29","17","55","臺中市","大里區","0","1","0","8","1","5","50","4","1","1","5","4","5","7","1","1","10","5","5","2","16","8","2","9","1","1","C03","7","5","1","10","2","14","","8","8","1","20","8","C03","24.092241","120.700046","2"
"2019","7","29","17","59","臺中市","烏日區","0","0","0","8","","","60","","","","","","","","","","","","","","","","","","","","B03","","","1","","2","","","23","","1","22","","B03","24.092574","120.646612","3"
"2019","7","29","18","1","臺中市","沙鹿區","0","0","0","8","","","40","","","","","","","","","","","","","","","","","","","","B03","","","1","","2","","","23","","1","","","B03","24.215205","120.552807","3"
"2019","7","29","18","2","臺中市","大里區","0","1","0","8","2","5","40","11","9","1","5","4","5","7","4","4","10","5","5","2","17","42","2","9","1","1","C03","7","5","1","10","2","14","","42","42","1","12","8","C03","24.092512","120.705969","2"
"2019","7","29","18","7","臺中市","北屯區","0","2","0","8","2","5","40","14","9","1","5","4","5","7","4","4","10","5","5","2","12","23","2","8","1","1","C03","7","9","1","10","2","12","","23","23","1","4","8","C03","24.176081","120.698633","2"
"2019","7","29","18","10","臺中市","北區","0","1","0","8","1","5","50","14","7","1","5","4","5","7","4","4","1","4","5","2","13","23","2","9","3","4","C03","7","9","1","10","2","11","","23","23","1","5","8","C03","24.173094","120.677638","2"
"2019","7","29","18","24","臺中市","沙鹿區","0","0","0","8","","","50","","","","","","","","","","","","","","","","","","","","C03","","","1","","2","","","7","","1","18","","C03","24.219191","120.567836","3"
"2019","7","29","18","29","臺中市","西區","0","1","0","8","1","5","50","4","1","1","5","4","5","7","4","4","10","5","5","2","16","6","2","9","1","1","C03","7","6","1","8","2","14","","6","6","1","22","9","C03","24.146823","120.66883","2"
"2019","7","29","18","29","臺中市","大里區","0","1","0","8","1","5","50","3","2","1","5","4","5","7","1","1","5","5","4","2","17","42","3","10","1","1","C03","7","9","1","10","2","15","","42","42","1","21","9","C03","24.121361","120.686129","2"
"2019","7","29","18","29","臺中市","大雅區","0","1","0","8","2","5","50","3","1","1","5","4","5","7","4","4","5","5","5","1","12","1","2","9","1","1","C03","7","4","1","10","2","12","","1","1","1","22","9","C03","24.231739","120.603914","2"
"2019","7","29","18","30","臺中市","大甲區","0","2","0","8","1","5","50","4","1","1","5","4","5","7","4","4","10","5","5","2","15","6","2","9","1","1","C03","7","9","1","10","2","12","","6","6","1","21","8","C03","24.374955","120.626498","2"
"2019","7","29","18","32","臺中市","北區","0","0","0","8","","","50","","","","","","","","","","","","","","","","","","","","C03","","","1","","2","","","16","","1","5","","C03","24.152722","120.685584","3"
"2019","7","29","18","35","臺中市","豐原區","0","0","0","","","","","","","","","","","","","","","","","","","","","","","","B03","","","1","","2","","","23","","","","","B03","24.248933","120.699705","3"
"2019","7","29","18","50","臺中市","大肚區","0","0","0","","","","","","","","","","","","","","","","","","","","","","","","A11","","","1","","2","","","42","","1","10","","A11","24.168258","120.583168","3"
"2019","7","29","18","58","臺中市","北屯區","0","1","0","8","3","5","50","4","1","1","5","4","5","7","1","1","10","5","5","2","16","26","2","9","1","1","C03","7","5","1","10","2","14","","26","26","1","5","8","C03","24.176903","120.720993","2"
"2019","7","29","19","13","臺中市","烏日區","0","1","0","8","4","5","50","4","1","1","5","4","5","7","3","1","5","4","4","2","16","6","2","9","1","1","C03","7","9","1","10","2","12","","6","6","1","22","2","C03","24.106734","120.623541","2"
"2019","7","29","19","15","臺中市","西區","0","2","0","8","3","5","50","4","1","1","5","4","5","7","1","1","10","5","5","2","16","6","3","10","1","1","B12","7","5","1","8","2","8","","6","6","1","21","8","B12","24.146317","120.679857","2"
"2019","7","29","19","19","臺中市","西屯區","0","0","0","8","","","50","","","","","","","","","","","","","","","","","","","","B03","","","1","","2","","","23","","1","21","","B03","24.159901","120.626924","3"
"2019","7","29","19","20","臺中市","西區","0","0","0","8","","","50","","","","","","","","","","","","","","","","","","","","B12","","","1","","9","","","12","","1","","","B12","24.149053","120.663499","3"
"2019","7","29","19","22","臺中市","北區","0","0","0","8","","","40","","","","","","","","","","","","","","","","","","","","C03","","","1","","2","","","25","","1","5","","C03","24.14891","120.68164","3"
"2019","7","29","19","35","臺中市","沙鹿區","0","0","0","8","","","60","","","","","","","","","","","","","","","","","","","","B03","","","1","","2","","","2","","1","21","","B03","24.249987","120.57923","3"
"2019","7","29","19","55","臺中市","北區","0","0","0","8","3","5","50","","","","","","","","","","","","","","","","","","","","B03","","","1","","2","","","23","","1","5","","B03","24.154608","120.668285","3"
"2019","7","29","19","57","臺中市","南區","0","0","0","8","","","50","","","","","","","","","","","","","","","","","","","","","","","","","","","","","","","","","","24.113851","120.659953","3"
"2019","7","29","20","5","臺中市","烏日區","0","1","0","8","3","5","50","3","1","1","5","4","5","7","1","1","1","3","4","1","17","8","2","9","1","1","C03","7","5","1","10","2","12","","8","8","1","22","8","C03","24.110354","120.619471","2"
"2019","7","29","20","10","臺中市","西屯區","0","2","0","8","1","5","50","4","1","1","5","4","5","7","2","1","10","5","5","2","16","43","2","9","1","1","C03","7","9","1","10","2","11","","43","43","1","22","8","C03","24.160829","120.652631","2"
"2019","7","29","20","22","臺中市","西屯區","0","2","0","8","3","5","60","14","9","1","5","4","5","7","4","4","1","3","5","1","18","42","2","9","1","1","C03","7","12","1","10","2","12","","42","42","1","22","8","C03","24.177695","120.627061","2"
"2019","7","29","20","30","臺中市","大甲區","0","1","0","8","3","5","50","4","1","1","5","4","5","7","4","4","10","5","5","2","18","42","2","9","4","1","F01","7","9","8","20","2","16","","42","42","1","20","8","F01","24.372226","120.658349","2"
"2019","7","29","20","42","臺中市","后里區","0","2","0","8","3","5","50","14","9","1","5","4","5","5","4","4","5","5","5","1","14","12","3","10","1","1","B03","7","2","1","8","2","7","","12","12","1","21","8","B03","24.309475","120.728725","2"
"2019","7","29","20","52","臺中市","西屯區","0","1","0","8","1","5","40","14","8","1","5","4","5","7","4","4","5","4","4","2","13","43","2","9","1","1","C03","7","9","1","10","2","11","","43","43","1","22","8","C03","24.184253","120.609806","2"
"2019","7","29","21","5","臺中市","西屯區","0","0","0","8","","","50","","","","","","","","","","","","","","","","","","","","B01","","","1","","2","","","12","","1","10","","B01","24.178786","120.64449","3"
"2019","7","29","21","25","臺中市","霧峰區","0","1","0","8","3","5","50","14","13","1","5","4","5","7","4","4","5","5","5","1","16","6","3","10","1","1","B03","7","6","1","8","2","2","","6","6","1","1","8","B03","24.064586","120.678056","2"
"2019","7","29","21","40","臺中市","西屯區","0","1","0","8","1","5","60","14","9","1","5","4","5","7","4","4","1","1","5","1","18","26","2","9","1","1","C03","7","9","1","10","2","12","","26","26","1","22","8","C03","24.158888","120.64683","2"
"2019","7","29","21","48","臺中市","大里區","0","1","0","8","3","5","50","4","1","1","5","4","5","7","1","1","10","5","5","2","16","10","3","10","1","1","B03","7","11","1","8","2","4","","10","10","1","21","9","B03","24.085268","120.708579","2"
"2019","7","29","21","53","臺中市","西屯區","0","3","0","8","3","5","50","14","8","1","5","4","5","7","4","4","9","4","4","2","17","43","2","9","3","4","C03","7","9","1","10","2","15","","43","43","1","22","8","C03","24.175956","120.650948","2"
"2019","7","29","21","55","臺中市","梧棲區","0","0","0","8","","","40","","","","","","","","","","","","","","","","","","","","B03","","","1","","2","","","43","","1","5","","B03","24.262641","120.54198","3"
"2019","7","29","22","19","臺中市","后里區","0","0","0","8","","","50","","","","","","","","","","","","","","","","","","","","B03","","","1","","2","","","12","","1","5","","B03","24.309186","120.727745","3"
"2019","7","29","22","40","臺中市","西屯區","0","1","0","8","1","5","50","14","7","1","5","4","5","7","4","4","5","4","4","2","16","19","3","10","1","1","B03","7","1","1","8","2","4","","19","19","1","22","8","B03","24.189121","120.610593","2"
"2019","7","29","23","25","臺中市","太平區","0","2","0","8","3","5","50","14","8","1","5","4","5","7","4","4","1","4","5","2","18","23","2","9","1","1","C03","7","9","1","10","2","11","","23","23","1","22","9","C03","24.149245","120.714398","2"
"2019","7","30","0","1","臺中市","太平區","0","0","0","8","","","40","","","","","","","","","","","","","","","","","","","","B03","","","1","","2","","","13","","1","","","B03","24.158333","120.7175","3"
"2019","7","30","0","12","臺中市","北區","0","1","0","8","3","5","50","14","7","1","5","4","5","7","4","4","5","5","4","2","18","23","2","9","1","1","C03","7","9","1","10","2","12","","23","23","1","18","8","C03","24.159228","120.669414","2"
"2019","7","30","0","40","臺中市","大雅區","0","1","0","8","3","5","50","14","9","1","5","4","5","7","4","4","9","5","5","2","18","23","2","9","1","1","C03","7","9","1","10","2","12","","23","23","1","22","9","C03","24.220246","120.615628","2"
"2019","7","30","0","56","臺中市","北屯區","0","0","0","8","","","60","","","","","","","","","","","","","","","","","","","","B03","","","1","","2","","","23","","1","19","","B03","24.163121","120.71889","3"
"2019","7","30","1","13","臺中市","北屯區","0","0","0","8","","","50","","","","","","","","","","","","","","","","","","","","B03","","","1","","2","","","42","","1","21","","B03","24.169501","120.705673","3"
"2019","7","30","1","43","臺中市","北區","0","2","0","8","3","5","50","14","8","1","5","4","5","7","4","4","2","4","4","2","2","23","2","9","1","1","C04","7","9","1","8","7","11","","23","23","1","22","8","C04","24.163035","120.683027","2"
"2019","7","30","5","10","臺中市","北屯區","0","1","0","8","2","5","40","14","9","1","5","4","5","7","4","4","1","5","5","2","20","23","2","9","2","1","B03","7","9","1","8","2","1","","23","23","1","10","8","B03","24.160958","120.733601","2"
"2019","7","30","6","43","臺中市","北屯區","0","0","0","8","","","50","","","","","","","","","","","","","","","","","","","","B03","","","1","","2","","","12","","1","21","","B03","24.171481","120.724143","3"
"2019","7","30","6","55","臺中市","北屯區","0","0","0","8","","","50","","","","","","","","","","","","","","","14","","","","","B03","","","1","","2","","","14","14","1","22","","B03","24.17824","120.689345","3"
"2019","7","30","7","1","臺中市","外埔區","0","1","0","8","1","5","50","5","1","1","5","4","5","7","1","1","8","5","5","1","12","6","3","10","3","4","B03","7","6","1","8","2","5","","6","6","1","22","8","B03","24.319879","120.667987","2"
"2019","7","30","7","3","臺中市","大里區","0","0","0","8","","","50","","","","","","","","","","","","","","","","","","","","B03","","","1","","2","","","18","","1","4","","B03","24.108865","120.693735","3"
"2019","7","30","7","10","臺中市","南區","0","1","0","8","1","5","50","14","9","1","5","4","5","7","4","4","5","5","5","2","13","23","2","8","1","1","C03","7","9","1","10","2","11","","23","23","1","22","8","C03","24.1235","120.663599","2"
"2019","7","30","7","21","臺中市","大肚區","0","1","0","8","1","5","40","3","1","1","5","4","5","7","4","4","10","5","5","2","13","23","3","10","1","1","B03","7","9","1","8","2","5","","23","23","1","21","8","B03","24.120626","120.550119","2"
"2019","7","30","7","23","臺中市","西屯區","0","0","0","8","","","50","","","","","","","","","","","","","","","","","","","","B03","","","1","","2","","","42","","1","22","","B03","24.17531","120.603107","3"
"2019","7","30","7","30","臺中市","北屯區","0","1","0","8","1","5","50","4","2","1","5","4","5","7","1","1","5","5","4","2","16","10","3","10","1","1","B03","7","11","1","8","2","4","","10","10","1","22","8","B03","24.189495","120.661979","2"
"2019","7","30","7","31","臺中市","潭子區","0","0","0","8","","","40","","","","","","","","","","","","","","","","","","","","A12","","","1","","2","","","12","","1","22","","A12","24.216932","120.691443","3"
"2019","7","30","7","35","臺中市","霧峰區","0","1","0","8","1","5","40","3","1","1","5","4","5","7","4","4","10","5","5","2","16","6","3","10","1","1","B03","7","5","1","8","2","8","","6","6","1","5","1","B03","24.065791","120.68624","2"
"2019","7","30","7","43","臺中市","潭子區","0","1","0","8","1","5","60","4","1","1","5","4","5","7","2","1","10","5","5","2","16","8","2","9","1","1","C03","7","9","1","10","2","11","","44","8","1","22","8","C03","24.200943","120.70314","2"
"2019","7","30","7","48","臺中市","東區","0","1","0","8","1","5","50","5","1","1","5","4","5","7","1","1","10","5","5","2","16","26","2","9","1","1","C03","7","5","1","10","2","14","","26","26","1","18","8","C03","24.133234","120.693451","2"
"2019","7","30","7","48","臺中市","北屯區","0","1","0","8","1","5","50","4","1","1","5","4","5","5","1","1","10","5","5","2","16","25","3","10","1","1","B03","7","9","1","8","2","7","","25","25","1","5","8","B03","24.200774","120.693563","2"
"2019","7","30","7","54","臺中市","梧棲區","0","2","0","8","1","5","50","3","1","1","5","4","5","7","4","4","10","5","5","2","16","6","2","9","1","1","C03","7","5","1","10","2","14","","6","6","1","2","1","C03","24.235206","120.551137","2"
"2019","7","30","8","0","臺中市","西屯區","0","1","0","8","1","5","50","3","1","1","5","4","5","7","1","1","10","5","5","2","16","26","3","10","1","1","B03","7","6","1","8","2","2","","26","26","1","4","8","B03","24.171515","120.61311","2"
"2019","7","30","8","0","臺中市","大甲區","0","1","0","8","1","5","50","11","9","1","5","4","5","7","4","4","5","5","5","1","18","23","2","9","1","1","C03","7","9","1","10","2","12","","23","23","1","22","9","C03","24.39399","120.654842","2"
"2019","7","30","8","0","臺中市","大雅區","0","3","0","8","1","5","40","14","7","1","5","4","5","7","4","4","9","5","4","2","17","7","2","7","1","1","C03","7","7","3","18","2","14","","7","7","1","21","8","C03","24.221546","120.669028","2"
"2019","7","30","8","1","臺中市","潭子區","0","2","0","8","1","5","50","4","1","1","5","4","5","7","1","1","10","5","5","2","16","25","2","8","1","1","C03","7","9","1","10","2","11","","25","25","1","22","8","C03","24.203526","120.709303","2"
"2019","7","30","8","9","臺中市","東勢區","0","0","0","8","","","50","","","","","","","","","","","","","","","","","","","","B03","","","1","","1","","","23","","1","22","","B03","24.244695","120.843288","3"
"2019","7","30","8","9","臺中市","潭子區","0","2","0","7","1","5","40","3","1","1","5","4","5","7","4","4","5","4","4","2","15","6","2","8","1","1","C03","7","9","1","10","2","12","","6","6","1","22","8","C03","24.217727","120.689503","2"
"2019","7","30","8","19","臺中市","西屯區","0","0","0","8","","","50","","","","","","","","","","","","","","","","","","","","B12","","","1","","2","","","42","","1","22","","B12","24.173631","120.59836","3"
"2019","7","30","8","25","臺中市","南屯區","0","0","0","8","","","50","","","","","","","","","","","","","","","","","","","","B03","","","1","","9","","","43","","1","","","B03","24.146928","120.649835","3"
"2019","7","30","8","25","臺中市","大甲區","0","1","0","8","1","5","60","4","1","1","5","4","5","7","1","1","5","5","5","2","16","8","2","7","1","4","C03","7","5","1","10","2","14","","8","8","1","20","8","C03","24.351038","120.614968","2"
"2019","7","30","8","26","臺中市","南屯區","0","1","0","8","1","5","40","4","1","1","5","4","5","7","1","1","10","5","5","2","16","6","3","10","3","4","C03","7","6","1","10","2","12","","6","6","1","22","9","C03","24.158281","120.634055","2"
"2019","7","30","8","30","臺中市","龍井區","0","0","0","8","1","5","50","3","2","1","5","4","5","7","1","1","4","3","5","1","2","12","3","10","1","1","B03","7","2","1","3","2","3","3","12","12","1","5","8","B03","24.192365","120.545283","3"
"2019","7","30","8","30","臺中市","沙鹿區","0","1","0","8","1","5","40","3","8","1","5","4","5","7","4","4","1","4","1","1","16","6","3","10","1","1","B03","7","6","1","8","2","1","","6","6","1","5","8","B03","24.228518","120.574842","2"
"2019","7","30","8","32","臺中市","潭子區","0","1","0","8","1","5","60","4","1","1","5","4","5","7","1","1","10","5","5","2","16","6","3","10","1","1","B03","7","5","1","8","2","2","","6","6","1","22","8","B03","24.233345","120.708985","2"
"2019","7","30","8","34","臺中市","北屯區","0","0","0","8","","","50","","","","","","","","","","","","","","","","","","","","B03","","","1","","2","","","23","","1","22","","B03","24.16528","120.726397","3"
"2019","7","30","8","38","臺中市","西屯區","0","1","0","8","1","5","50","3","1","1","5","4","5","7","1","1","10","5","5","2","16","43","2","9","1","2","C03","7","9","3","18","2","11","","43","43","1","21","8","C03","24.175113","120.655546","2"
"2019","7","30","8","40","臺中市","北區","0","0","0","8","","","50","","","","","","","","","","","","","","","","","","","","B03","","","1","","2","","","7","","1","22","","B03","24.1728","120.6795","3"
"2019","7","30","8","40","臺中市","沙鹿區","0","0","0","8","1","5","50","3","1","1","5","4","5","7","1","1","10","5","5","2","16","9","3","10","1","1","B03","7","6","1","8","2","2","","9","9","1","3","8","B03","24.215505","120.571033","3"
"2019","7","30","8","42","臺中市","潭子區","0","0","0","8","","","40","","","","","","","","","","","","","","","","","","","","B12","","","1","","2","","","44","","1","22","","B12","24.210726","120.681972","3"
"2019","7","30","8","44","臺中市","北區","0","0","0","8","","","40","","","","","","","","","","","","","","","","","","","","B03","","","1","","2","","","23","","1","22","","B03","24.168027","120.67298","3"
"2019","7","30","8","45","臺中市","南屯區","0","1","0","8","1","5","50","4","1","1","5","4","5","7","1","1","10","5","5","2","16","6","3","10","3","4","B03","7","6","1","8","2","5","","6","6","1","22","9","B03","24.13991","120.620749","2"
"2019","7","30","8","50","臺中市","霧峰區","0","0","0","8","","","40","","","","","","","","","","","","","","","","","","","","G03","","","8","","2","","","6","","1","12","","G03","24.023635","120.691323","3"
"2019","7","30","8","55","臺中市","西區","0","0","0","8","1","5","50","14","9","1","5","4","5","7","1","1","9","2","5","2","13","","","","","","B03","","","1","","2","","","23","","1","5","","B03","24.144543","120.681749","3"
"2019","7","30","8","55","臺中市","沙鹿區","0","0","0","8","","","40","","","","","","","","","","","","","","","","","","","","B12","","","1","","2","","","42","","1","","","B12","24.24081","120.603136","3"
"2019","7","30","8","56","臺中市","北區","0","1","0","8","1","5","50","14","9","1","5","4","5","7","1","1","5","5","5","2","13","23","2","9","1","1","C04","7","9","3","18","2","11","","23","23","1","5","8","C04","24.161872","120.67831","2"
"2019","7","30","9","3","臺中市","北區","0","2","0","8","1","5","50","4","2","1","5","4","5","7","1","1","9","5","5","2","16","19","2","9","1","1","C03","7","1","1","10","2","14","","19","19","1","22","8","C03","24.1716","120.6683","2"
"2019","7","30","9","4","臺中市","梧棲區","0","1","0","8","1","5","50","3","2","1","5","4","5","7","4","4","10","5","5","2","16","6","3","10","1","1","A31","7","6","1","1","2","4","","6","6","1","10","8","A31","24.223987","120.523176","2"
"2019","7","30","9","5","臺中市","太平區","0","0","0","8","","","40","","","","","","","","","","","","","","","","","","","","B12","","","1","","2","","","17","","1","9","","B12","24.122831","120.725072","3"
"2019","7","30","9","9","臺中市","西屯區","0","1","0","8","1","5","50","4","1","1","5","4","5","7","1","1","1","4","4","2","16","10","3","10","1","1","B03","7","11","1","8","2","8","","10","10","1","22","8","B03","24.200336","120.65535","2"
"2019","7","30","9","10","臺中市","西屯區","0","0","0","8","","","40","","","","","","","","","","","","","","","23","","","","","B03","","","1","","2","","","23","23","1","22","","B03","24.202693","120.653618","3"
"2019","7","30","9","11","臺中市","西屯區","0","1","0","8","1","5","50","14","7","1","5","4","5","7","4","4","10","5","4","2","13","16","2","8","1","1","C03","7","9","1","10","2","11","","16","16","1","4","8","C03","24.168509","120.646309","2"
"2019","7","30","9","20","臺中市","北區","0","0","0","8","","","50","","","","","","","","","","","","","","","","","","","","B12","","","1","","2","","","23","","1","5","","B12","24.159191","120.675888","3"
"2019","7","30","9","25","臺中市","太平區","1","0","0","8","1","5","40","14","9","1","5","4","5","7","4","4","10","5","5","2","9","23","3","10","1","1","B03","7","1","3","18","2","2","","23","23","1","5","5","B03","24.12923","120.717289","1"
"2019","7","30","9","26","臺中市","北區","0","1","0","8","1","5","50","3","1","1","5","4","5","7","4","4","10","5","5","2","16","6","3","10","1","1","B03","7","6","1","8","2","2","","6","6","1","22","8","B03","24.1644","120.6646","2"
"2019","7","30","9","28","臺中市","大里區","0","1","0","8","1","5","50","5","1","1","5","4","5","7","4","4","10","5","5","2","16","6","2","9","1","1","C03","7","9","1","10","2","12","","6","6","1","12","5","C03","24.112081","120.684871","2"
"2019","7","30","9","30","臺中市","沙鹿區","0","0","0","8","","","50","","","","","","","","","","","","","","","","","","","","C03","","","1","","2","","","6","","1","4","","C03","24.238803","120.561162","3"
"2019","7","30","9","32","臺中市","北屯區","0","1","0","8","1","5","50","4","2","1","5","4","5","5","2","1","10","5","5","2","16","25","2","7","1","1","C03","7","11","1","10","2","12","","25","25","1","5","8","C03","24.181955","120.701765","2"
"2019","7","30","9","41","臺中市","外埔區","0","2","0","8","1","5","50","14","9","1","5","4","5","7","4","4","9","5","5","1","11","19","2","9","3","4","C03","7","1","1","10","2","11","","19","19","1","22","8","C03","24.330452","120.655014","2"