"年","月","日","時","分","縣市","區","死","受傷","2-30","天候","光線","道路類別","速限","道路型態","事故位置","路面鋪裝","路面狀態","路面缺陷","障礙物","視距","號誌種類","號誌動作","分向設施","快車道或一般車道間","快慢車道間","路面邊線","事故類型及型態","主要肇因","受傷程度","主要傷處","保護裝備","行動電話","當事者區分_類別","車輛用途","當事者行動狀態","駕駛資格情形","駕駛執照種類","飲酒情形","車輛撞擊部位最初","車輛撞擊部位其他","肇事因素個別","肇事因素主要","肇事逃逸","職業","旅次目的","車種","GPS座標_緯度","GPS座標_經度","事故類別"
"2019","7","30","9","43","臺中市","神岡區","0","0","0","8","","","40","","","","","","","","","","","","","","","","","","","","B03","","","1","","2","","","18","","1","","","B03","24.25719","120.668435","3"
"2019","7","30","9","49","臺中市","潭子區","0","1","0","8","1","5","50","14","9","1","5","4","5","7","4","4","5","4","5","1","16","44","2","9","1","1","C03","7","4","1","8","2","11","","23","44","1","22","8","C03","24.202491","120.720405","2"
"2019","7","30","9","52","臺中市","東區","0","1","0","8","1","5","50","4","1","1","5","4","5","6","3","1","10","5","5","2","15","6","2","9","1","1","C03","7","9","1","10","2","11","","6","6","1","21","8","C03","24.142214","120.699258","2"
"2019","7","30","9","55","臺中市","沙鹿區","0","0","0","8","","","50","","","","","","","","","","","","","","","","","","","","B03","","","1","","2","","","19","","1","21","","B03","24.235894","120.561698","3"
"2019","7","30","9","59","臺中市","南區","0","1","0","8","1","5","50","14","9","1","5","4","5","7","1","1","10","5","5","2","13","23","3","10","1","1","B02","7","9","1","8","2","5","","23","23","1","22","8","B02","24.112958","120.649818","2"
"2019","7","30","10","4","臺中市","西屯區","0","1","0","8","1","5","50","14","7","1","5","4","5","7","4","4","5","4","4","2","16","23","2","9","1","1","C03","7","9","1","10","2","12","","23","23","1","4","8","C03","24.17858","120.63738","2"
"2019","7","30","10","19","臺中市","北屯區","0","2","0","8","1","5","40","14","8","1","5","4","5","7","4","4","1","4","4","2","13","16","2","9","1","1","C03","7","9","1","10","2","11","","16","16","1","22","8","C03","24.17601","120.727245","2"
"2019","7","30","10","21","臺中市","北區","0","0","0","8","","","50","","","","","","","","","","","","","","","","","","","","B03","","","1","","2","","","23","","1","22","","B03","24.1628","120.6844","3"
"2019","7","30","10","24","臺中市","西區","0","1","0","8","1","5","50","14","7","1","5","4","5","7","1","1","9","2","4","2","13","23","3","10","1","1","C03","7","9","1","10","2","11","","23","23","1","19","7","C03","24.145399","120.671378","2"
"2019","7","30","10","30","臺中市","大雅區","0","1","0","8","1","5","40","14","9","1","5","4","5","7","4","4","10","5","5","2","26","23","2","9","1","1","C03","7","9","1","10","2","11","","23","23","1","22","8","C03","24.23191","120.629786","2"
"2019","7","30","10","35","臺中市","沙鹿區","0","2","0","8","1","5","50","4","1","1","5","4","5","7","1","1","10","5","5","2","15","25","3","10","1","1","B03","7","9","1","8","2","4","","25","25","1","21","8","B03","24.2444","120.564869","2"
"2019","7","30","10","40","臺中市","北屯區","0","0","0","8","1","5","40","3","2","1","5","4","5","7","2","1","10","5","5","2","14","12","3","10","3","4","B03","7","2","1","8","7","7","","12","12","1","21","8","B03","24.164597","120.712252","3"
"2019","7","30","10","52","臺中市","南區","0","1","0","8","1","5","50","3","1","1","5","4","5","7","1","1","9","5","5","2","12","17","3","10","1","1","C03","7","9","1","10","2","14","","17","17","1","21","8","C03","24.1144","120.668203","2"
"2019","7","30","10","52","臺中市","烏日區","0","0","0","8","","","40","","","","","","","","","","","","","","","","","","","","B03","","","1","","2","","","6","","1","21","","B03","24.049313","120.6515","3"
"2019","7","30","10","54","臺中市","大里區","0","0","0","8","","","50","","","","","","","","","","","","","","","","","","","","B11","","","1","","2","","","40","","1","12","","B11","24.111373","120.704766","3"
"2019","7","30","11","0","臺中市","西屯區","0","2","0","8","1","5","50","14","7","1","5","4","5","7","4","4","5","4","5","2","13","23","3","10","1","1","B03","7","9","1","8","2","1","","23","23","1","4","8","B03","24.17858","120.63738","2"
"2019","7","30","11","9","臺中市","南區","0","0","0","8","","","50","","","","","","","","","","","","","","","","","","","","B03","","","1","","2","","","23","","1","4","","B03","24.113234","120.658569","3"
"2019","7","30","11","10","臺中市","北屯區","0","1","0","8","1","5","40","14","8","1","5","4","5","7","4","4","1","4","4","2","13","23","3","10","1","1","B03","7","14","1","8","2","3","","38","23","1","19","8","B03","24.166654","120.695353","2"
"2019","7","30","11","27","臺中市","東區","0","1","0","8","1","5","50","4","2","1","5","4","5","7","4","4","5","4","5","2","28","23","2","9","1","1","C03","7","9","1","10","2","11","","23","23","1","21","8","C03","24.140218","120.689348","2"
"2019","7","30","11","27","臺中市","西屯區","","","","8","","","40","","","","","","","","","","","","","","","","","","","","B02","","","1","","2","","","23","","1","22","","B02","24.179623","120.627715","3"
"2019","7","30","11","29","臺中市","東區","0","2","0","8","1","5","50","4","1","1","5","4","5","7","1","1","10","5","5","2","16","26","2","9","1","1","C03","7","9","3","18","11","12","","26","26","1","22","8","C03","24.13206","120.687836","2"
"2019","7","30","11","30","臺中市","大甲區","0","1","0","8","1","5","40","3","1","1","5","4","5","7","4","4","10","5","5","2","16","6","3","10","1","1","B01","7","5","1","4","2","1","","6","6","1","10","1","B01","24.344537","120.628795","2"
"2019","7","30","11","35","臺中市","后里區","0","0","0","8","","","50","","","","","","","","","","","","","","","12","","","","","B11","","","1","","2","","","12","12","1","22","","B11","24.309442","120.719814","3"
"2019","7","30","11","40","臺中市","沙鹿區","0","1","0","8","1","5","50","4","1","1","5","4","5","7","4","4","10","5","5","2","15","6","2","7","1","1","C03","7","9","1","10","2","11","","6","6","1","19","8","C03","24.246133","120.565202","2"
"2019","7","30","11","45","臺中市","沙鹿區","0","2","0","8","1","5","50","4","1","1","5","4","5","7","1","1","10","5","5","2","16","25","2","9","1","1","C03","7","9","1","10","2","11","","25","25","1","20","8","C03","24.224399","120.576673","2"
"2019","7","30","11","46","臺中市","太平區","0","0","0","8","","","50","","","","","","","","","","","","","","","","","","","","B11","","","1","","2","","","12","","1","5","","B11","24.138209","120.716274","3"
"2019","7","30","11","47","臺中市","南屯區","0","2","0","8","1","5","50","4","1","1","5","4","5","7","4","4","10","5","5","2","15","6","2","9","1","1","C03","7","9","1","10","2","12","","6","6","1","22","9","C03","24.1552","120.650587","2"
"2019","7","30","11","49","臺中市","西屯區","0","0","0","8","","","40","","","","","","","","","","","","","","","","","","","","F01","","","6","","8","","","43","","1","","","F01","24.169116","120.644968","4"
"2019","7","30","11","55","臺中市","南區","0","0","0","8","","","50","","","","","","","","","","","","","","","","","","","","B12","","","1","","2","","","1","","1","4","","B12","24.123955","120.665517","3"
"2019","7","30","11","55","臺中市","大里區","0","0","0","8","","","50","","","","","","","","","","","","","","","","","","","","B03","","","1","","2","","","23","","1","5","","B03","24.095521","120.680256","3"
"2019","7","30","12","0","臺中市","沙鹿區","0","0","0","8","","","60","","","","","","","","","","","","","","","","","","","","B03","","","1","","2","","","42","","1","5","","B03","24.222732","120.556782","3"
"2019","7","30","12","8","臺中市","西區","0","2","0","8","1","5","50","4","1","1","5","4","5","7","4","4","10","5","5","2","16","8","2","9","1","1","C04","7","5","1","10","2","12","","8","8","1","19","5","C04","24.14956","120.667596","2"
"2019","7","30","12","16","臺中市","西屯區","0","1","0","8","1","5","40","4","1","1","5","4","5","7","4","4","10","5","5","2","15","6","2","9","1","1","C04","7","9","1","8","2","11","","6","6","1","4","8","C04","24.185573","120.619507","2"
"2019","7","30","12","18","臺中市","新社區","0","1","0","8","1","5","50","4","1","1","5","4","5","7","4","4","4","5","5","1","16","19","3","10","1","1","C03","7","1","1","10","2","11","","19","19","1","22","8","C03","24.247741","120.808625","2"
"2019","7","30","12","20","臺中市","西屯區","0","2","0","8","1","5","40","4","1","1","5","4","5","7","2","1","10","5","5","2","16","6","3","10","3","4","B03","7","6","1","8","2","2","","6","6","1","22","8","B03","24.15739","120.6416","2"
"2019","7","30","12","22","臺中市","東區","1","0","0","8","1","5","50","4","1","1","5","4","5","7","1","1","10","5","5","2","12","26","1","9","1","1","C03","7","15","1","10","9","14","","26","26","1","22","8","C03","24.150206","120.69442","1"
"2019","7","30","12","25","臺中市","西區","0","0","0","8","","","50","","","","","","","","","","","","","","","","","","","","B03","","","1","","2","","","26","","1","21","","B03","24.14084","120.672331","4"
"2019","7","30","12","25","臺中市","大雅區","0","1","0","8","1","5","40","15","20","1","5","4","5","7","4","4","10","5","5","2","9","23","3","10","1","1","B03","7","9","1","8","2","2","","23","23","1","22","9","B03","24.22211","120.646816","2"
"2019","7","30","12","25","臺中市","神岡區","0","0","0","","","","","","","","","","","","","","","","","","","","","","","","B03","","","1","","2","","","23","","1","21","","B03","","","3"
"2019","7","30","12","30","臺中市","南區","0","1","0","8","1","5","50","4","1","1","4","4","5","7","1","1","10","5","5","2","16","6","3","10","1","1","B12","7","6","1","8","2","5","","6","6","1","21","8","B12","24.11371","120.653685","2"
"2019","7","30","12","31","臺中市","潭子區","0","0","0","8","","","50","","","","","","","","","","","","","","","","","","","","B03","","","1","","2","","","7","","","21","","B03","24.212838","120.712093","3"
"2019","7","30","12","33","臺中市","大雅區","0","0","0","","","","","","","","","","","","","","","","","","","","","","","","B03","","","1","","2","","","18","","1","","","B03","24.221967","120.647207","3"
"2019","7","30","12","46","臺中市","北區","0","0","0","8","","","50","","","","","","","","","","","","","","","","","","","","B03","","","1","","2","","","16","","1","22","","B03","24.164447","120.674112","3"
"2019","7","30","12","49","臺中市","沙鹿區","0","1","0","8","1","5","40","3","1","1","5","4","5","7","1","1","10","5","4","2","16","26","3","10","1","1","C03","7","9","1","10","2","12","","23","26","1","21","8","C03","24.227279","120.575987","2"
"2019","7","30","12","53","臺中市","北屯區","0","0","0","8","","","60","","","","","","","","","","","","","","","","","","","","B03","","","1","","2","","","23","","1","21","","B03","24.163769","120.716754","3"
"2019","7","30","13","0","臺中市","西屯區","0","1","0","8","1","5","50","4","1","1","5","4","5","7","2","1","10","5","5","2","13","16","2","8","1","1","C03","7","15","1","10","2","11","","16","16","1","21","8","C03","24.170955","120.636386","2"
"2019","7","30","13","3","臺中市","后里區","0","2","0","8","1","5","50","3","1","1","5","4","5","5","4","4","10","5","5","2","17","6","3","10","1","1","C03","7","5","3","18","2","11","","6","6","1","21","8","C03","24.313895","120.691993","2"
"2019","7","30","13","7","臺中市","大雅區","0","0","0","8","","","40","","","","","","","","","","","","","","","","","","","","C03","","","1","","2","","","19","","1","22","","C03","24.23537","120.643281","3"
"2019","7","30","13","10","臺中市","南區","0","3","0","8","1","5","50","3","1","1","5","4","5","7","4","4","10","5","5","2","16","42","2","7","1","1","C03","7","6","1","10","2","12","","42","42","1","4","8","C03","24.128486","120.667259","2"
"2019","7","30","13","14","臺中市","太平區","0","0","0","8","","","40","","","","","","","","","","","","","","","","","","","","B03","","","1","","9","","","12","","1","21","","B03","24.142513","120.734282","3"
"2019","7","30","13","15","臺中市","霧峰區","0","3","0","8","1","5","70","14","5","1","5","4","5","7","4","4","1","4","5","1","13","38","2","9","1","1","B03","7","14","1","8","2","7","","38","38","1","20","8","B03","24.040455","120.679301","2"
"2019","7","30","13","17","臺中市","南區","0","0","0","8","","","50","","","","","","","","","","","","","","","","","","","","B12","","","1","","5","","","6","","1","21","","B12","24.129435","120.67028","3"
"2019","7","30","13","20","臺中市","大肚區","0","0","0","","","","","","","","","","","","","","","","","","","","","","","","B12","","","1","","2","","","12","","1","22","","B12","24.157594","120.573315","3"
"2019","7","30","13","21","臺中市","神岡區","0","0","0","8","","","40","","","","","","","","","","","","","","","12","","","","","B12","","","1","","2","","","12","12","1","","","B12","24.261184","120.70776","3"
"2019","7","30","13","26","臺中市","烏日區","0","2","0","8","1","5","50","3","18","1","5","4","5","7","4","4","10","5","5","2","3","23","2","9","1","1","C03","7","9","1","10","2","11","","23","23","1","21","8","C03","24.109671","120.639628","2"
"2019","7","30","13","27","臺中市","沙鹿區","0","1","0","8","1","5","40","14","9","1","5","4","5","7","4","4","10","5","5","2","10","5","2","9","1","1","C03","7","9","6","10","2","11","","5","5","1","10","8","C03","24.218316","120.557573","2"
"2019","7","30","13","32","臺中市","后里區","0","1","0","8","1","5","50","3","2","1","5","4","5","5","4","4","5","5","5","2","11","26","3","10","1","1","B03","7","6","1","8","2","8","","26","26","1","21","8","B03","24.305033","120.719276","2"
"2019","7","30","13","33","臺中市","西屯區","0","1","0","8","1","5","40","3","1","1","5","4","5","7","4","4","10","5","5","2","16","6","3","10","1","1","B03","7","6","1","8","2","1","","6","6","1","4","8","B03","24.172737","120.661796","2"
"2019","7","30","13","36","臺中市","北屯區","0","1","0","8","1","5","50","3","1","1","5","4","5","7","4","4","10","5","5","2","16","6","3","10","1","1","C03","7","5","1","10","2","14","","6","6","1","22","8","C03","24.165941","120.723655","2"
"2019","7","30","13","39","臺中市","神岡區","0","0","0","8","","","50","","","","","","","","","","","","","","","8","","","","","B03","","","1","","2","","","8","8","1","21","","B03","24.247841","120.684541","3"
"2019","7","30","13","41","臺中市","北屯區","0","1","0","8","1","5","50","3","2","1","5","4","5","7","4","4","5","5","4","2","16","26","2","9","2","1","C03","7","5","3","18","7","12","","26","26","1","5","8","C03","24.169241","120.68914","2"
"2019","7","30","13","43","臺中市","南屯區","0","2","0","8","1","5","40","3","1","1","5","4","5","7","2","1","10","5","5","2","15","25","2","9","3","4","C03","7","9","1","10","2","12","","25","25","1","22","9","C03","24.152426","120.623659","2"
"2019","7","30","13","50","臺中市","南區","0","0","0","8","","","50","","","","","","","","","","","","","","","16","3","","","","B01","","","1","4","2","","","16","16","","21","","B01","24.130308","120.656546","3"
"2019","7","30","14","9","臺中市","西屯區","0","2","0","8","1","5","50","4","2","1","5","4","5","7","1","1","5","4","4","2","12","17","2","9","1","1","C03","7","9","1","10","2","11","","17","17","1","22","8","C03","24.169404","120.63604","2"
"2019","7","30","14","10","臺中市","北屯區","0","0","0","8","","","50","","","","","","","","","","","","","","","","","","","","B03","","","1","","2","","","23","","1","21","","B03","24.187782","120.686054","3"
"2019","7","30","14","10","臺中市","龍井區","0","0","0","","","","","","","","","","","","","","","","","","","","","","","","B03","","","1","","2","","","12","","1","22","","B03","24.189758","120.59355","3"
"2019","7","30","14","15","臺中市","梧棲區","0","0","0","","","","50","","","","","","","","","","","","","","","","","","","","B03","","","1","","2","","","16","","","","","B03","24.251359","120.53702","3"
"2019","7","30","14","23","臺中市","大里區","0","0","0","8","","","40","","","","","","","","","","","","","","","","","","","","B03","","","1","","2","","","6","","1","4","","B03","24.103932","120.68066","3"
"2019","7","30","14","24","臺中市","北區","0","1","0","8","1","5","50","5","1","1","5","4","5","7","1","1","10","5","5","2","16","25","3","10","1","1","B03","7","9","3","18","2","1","","25","25","1","5","8","B03","24.154796","120.686201","2"
"2019","7","30","14","26","臺中市","烏日區","0","0","0","8","","","50","","","","","","","","","","","","","","","","","","","","B03","","","1","","2","","","4","","1","20","","B03","24.10267","120.624239","3"
"2019","7","30","14","33","臺中市","西區","0","0","0","8","1","5","50","14","7","1","5","4","5","7","1","1","1","2","4","2","13","","","","","","B03","","","1","","2","","","23","","1","5","","B03","24.155619","120.658799","3"
"2019","7","30","14","37","臺中市","南屯區","0","1","0","8","1","5","50","4","2","1","5","4","5","7","2","1","1","2","5","2","13","16","2","6","3","4","C03","7","9","1","10","2","11","","16","16","1","22","9","C03","24.150808","120.647808","2"
"2019","7","30","14","45","臺中市","東區","0","0","0","8","","","50","","","","","","","","","","","","","","","","","","","","C03","","","1","","2","","","19","","1","4","","C03","24.148338","120.694314","3"
"2019","7","30","14","45","臺中市","大雅區","0","1","0","8","1","5","50","5","1","1","5","4","5","7","1","1","10","5","5","2","12","23","2","8","1","1","C03","7","9","1","10","2","14","","23","23","1","22","9","C03","24.22541","120.653428","2"
"2019","7","30","14","55","臺中市","北屯區","0","1","0","8","1","5","40","14","16","1","5","4","5","7","4","4","10","5","5","1","13","16","3","10","1","1","B12","7","9","1","8","2","1","","16","16","1","9","8","B12","24.2009","120.6667","2"
"2019","7","30","14","55","臺中市","西屯區","0","1","0","8","1","5","40","14","8","1","5","4","5","7","4","4","1","5","1","2","12","9","3","10","3","4","B03","7","6","1","8","2","2","","9","9","1","22","9","B03","24.183908","120.606619","2"
"2019","7","30","15","0","臺中市","北屯區","0","1","0","8","1","5","50","4","1","1","5","4","5","7","1","1","10","5","5","2","16","6","2","9","1","1","C03","7","5","1","10","2","12","","6","6","1","5","8","C03","24.182883","120.664676","2"
"2019","7","30","15","1","臺中市","西屯區","0","0","0","8","","","50","","","","","","","","","","","","","","","","","","","","B03","","","1","","2","","","23","","1","22","","B03","24.162009","120.633604","3"
"2019","7","30","15","2","臺中市","南區","0","2","0","8","1","5","40","3","8","1","5","4","5","7","1","1","5","2","4","2","13","23","2","9","1","1","C03","7","9","1","10","2","11","","23","23","1","5","5","C03","24.124741","120.660123","2"
"2019","7","30","15","24","臺中市","太平區","0","0","0","8","","","80","","","","","","","","","","","","","","","","","","","","B12","","","1","","2","","","44","","1","21","","B12","24.15483","120.716867","3"
"2019","7","30","15","30","臺中市","北區","0","1","0","8","1","5","50","4","1","1","5","4","5","7","1","1","10","5","5","2","17","43","2","9","3","4","C03","7","9","1","10","2","15","","43","43","1","5","8","C03","24.152817","120.677285","2"
"2019","7","30","15","30","臺中市","大雅區","0","1","0","8","1","5","50","3","1","1","5","4","5","7","4","4","10","4","5","1","16","6","3","10","1","1","B03","7","5","1","8","3","1","","6","6","1","22","9","B03","24.226364","120.648502","2"
"2019","7","30","15","47","臺中市","東區","0","1","0","8","1","5","50","14","9","1","5","4","5","7","4","4","3","5","2","1","17","42","3","10","1","1","B03","7","7","1","8","2","5","","42","42","1","5","8","B03","24.13586","120.686045","2"
"2019","7","30","15","48","臺中市","北區","0","0","0","8","","","50","","","","","","","","","","","","","","","","","","","","A12","","","1","","2","","","23","","1","5","","A12","24.17124","120.67233","3"
"2019","7","30","15","50","臺中市","北區","0","0","0","8","","","50","","","","","","","","","","","","","","","","","","","","A02","","","1","","2","","","17","","1","","","A02","24.146109","120.684918","3"
"2019","7","30","15","55","臺中市","北區","0","0","0","8","1","5","50","","","","","","","","","","","","","","","","","","","","B03","","","1","","2","","","23","","1","5","","B03","24.165341","120.685081","3"
"2019","7","30","16","0","臺中市","清水區","0","3","0","8","1","5","40","11","8","1","5","4","5","7","4","4","10","5","5","2","18","43","2","9","1","1","C03","7","9","1","10","2","14","","43","43","1","16","5","C03","24.275416","120.57746","2"
"2019","7","30","16","0","臺中市","大甲區","0","1","0","8","1","5","50","14","8","1","5","4","5","7","4","4","5","5","4","1","17","43","3","10","1","1","C03","7","9","1","10","2","11","","43","43","1","4","8","C03","24.344884","120.62955","2"
"2019","7","30","16","1","臺中市","沙鹿區","0","2","0","8","1","5","50","3","1","1","5","4","5","7","1","1","10","5","5","2","13","23","3","10","1","1","A11","7","9","1","10","2","1","","23","23","1","21","8","A11","24.251704","120.575728","2"
"2019","7","30","16","11","臺中市","西屯區","0","1","0","8","1","5","50","4","2","1","5","4","5","7","1","1","1","3","1","1","17","43","2","8","1","1","C04","7","9","1","11","2","11","","43","43","1","22","8","C04","24.186906","120.607189","2"
"2019","7","30","16","20","臺中市","北區","0","1","0","8","1","5","50","4","2","1","5","4","5","7","1","1","9","5","5","2","16","25","2","9","1","1","C03","7","6","1","10","2","14","","25","25","1","5","8","C03","24.16527","120.68667","2"
"2019","7","30","16","23","臺中市","西屯區","0","0","0","8","","","50","","","","","","","","","","","","","","","","","","","","B03","","","1","","2","","","23","","1","22","","B03","24.1799","120.6215","3"
"2019","7","30","16","25","臺中市","北區","0","0","0","8","","","50","","","","","","","","","","","","","","","","","","","","B12","","","1","","2","","","23","","1","","","B12","24.162617","120.666581","3"
"2019","7","30","16","31","臺中市","大里區","0","0","0","8","","","50","","","","","","","","","","","","","","","","","","","","C03","","","1","","2","","","42","","1","18","","C03","24.092936","120.682636","3"
"2019","7","30","16","39","臺中市","西區","0","2","0","8","1","5","50","14","9","1","5","4","5","7","4","4","5","4","5","2","17","40","3","10","1","1","B03","7","13","1","8","2","4","","40","40","1","21","5","B03","24.153098","120.661669","2"
"2019","7","30","16","40","臺中市","沙鹿區","0","0","0","8","","","50","","","","","","","","","","","","","","","","","","","","B03","","","1","","2","","","23","","1","21","","B03","24.255614","120.597639","3"
"2019","7","30","16","43","臺中市","沙鹿區","0","2","0","8","1","5","50","14","7","1","5","4","5","7","4","4","5","5","4","2","17","26","2","9","1","1","C03","7","5","1","10","2","13","","26","26","1","21","8","C03","24.221462","120.578443","2"
"2019","7","30","16","45","臺中市","霧峰區","0","0","0","8","","","40","","","","","","","","","","","","","","","","","","","","B03","","","1","","2","","","23","","1","6","","B03","24.062916","120.69944","3"
"2019","7","30","16","52","臺中市","北屯區","0","0","0","8","","","80","","","","","","","","","","","","","","","","","","","","A12","","","1","","2","","","43","","","10","","A12","24.201128","120.687918","3"
"2019","7","30","16","55","臺中市","大肚區","0","1","0","8","1","5","50","14","9","1","5","4","5","7","4","4","5","5","5","1","18","26","2","9","1","1","C03","7","9","1","10","2","15","","26","26","1","21","8","C03","24.153246","120.544575","2"
"2019","7","30","16","59","臺中市","北區","0","2","0","8","1","5","50","3","1","1","5","4","5","7","4","4","10","5","5","2","11","26","2","9","3","4","C03","7","5","6","18","2","12","","26","26","1","5","8","C03","24.154879","120.689696","2"
"2019","7","30","17","5","臺中市","梧棲區","0","1","0","8","1","5","70","4","1","1","5","4","5","7","1","1","10","5","5","2","16","43","3","10","1","1","B03","7","8","1","8","2","4","","43","43","1","9","8","B03","24.249238","120.538703","2"
"2019","7","30","17","8","臺中市","龍井區","0","2","0","8","1","5","40","4","1","1","5","4","5","7","4","4","10","5","5","2","15","6","2","9","1","1","C03","7","9","1","10","2","11","","6","6","1","9","1","C03","24.208483","120.509916","2"
"2019","7","30","17","9","臺中市","大安區","0","2","0","8","1","5","50","4","1","1","5","4","5","7","3","1","10","5","5","2","15","6","2","9","1","1","C03","7","9","1","10","2","14","","6","6","1","9","8","C03","24.386697","120.599101","2"
"2019","7","30","17","11","臺中市","西區","0","0","0","8","","","40","","","","","","","","","","","","","","","","","","","","B03","","","1","","2","","","23","","1","22","","B03","24.149988","120.65725","3"
"2019","7","30","17","16","臺中市","北區","0","1","0","8","1","5","50","3","1","1","5","4","5","7","4","4","10","5","5","2","16","6","2","9","1","1","C04","7","5","1","11","2","11","","6","6","1","22","9","C04","24.152438","120.686508","2"
"2019","7","30","17","18","臺中市","梧棲區","0","1","0","8","2","5","50","4","1","1","5","4","5","7","4","4","10","5","5","2","15","6","2","9","1","1","C03","7","9","1","10","2","11","","6","6","1","19","8","C03","24.256078","120.533975","2"
"2019","7","30","17","20","臺中市","沙鹿區","0","2","0","8","2","5","50","11","9","1","5","4","5","7","4","4","5","5","5","2","18","23","2","9","1","1","C03","7","9","1","10","2","14","","23","23","1","18","8","C03","24.252034","120.588864","2"
"2019","7","30","17","23","臺中市","北區","0","0","0","8","","","50","","","","","","","","","","","","","","","","","","","","C03","","","1","","2","","","23","","1","5","","C03","24.1615","120.67467","3"
"2019","7","30","17","23","臺中市","潭子區","0","2","0","8","1","5","50","3","1","1","5","4","5","7","4","4","5","5","4","2","16","6","2","9","1","1","C03","7","5","1","10","2","11","","6","6","1","22","9","C03","24.213032","120.704438","2"
"2019","7","30","17","24","臺中市","太平區","0","0","0","8","","","40","","","","","","","","","","","","","","","","","","","","C03","","","1","","2","","","23","","1","4","","C03","24.150319","120.731054","3"
"2019","7","30","17","25","臺中市","潭子區","0","1","0","8","1","5","50","4","7","1","5","4","5","7","4","4","5","4","5","2","16","6","3","10","1","1","C03","7","6","1","10","2","12","","6","6","1","21","8","C03","24.207952","120.703151","2"
"2019","7","30","17","26","臺中市","大雅區","0","2","0","8","1","5","50","3","2","1","5","4","5","7","1","1","5","5","5","1","13","16","2","7","1","1","C03","7","9","1","10","2","11","","16","16","1","22","8","C03","24.220414","120.64361","2"
"2019","7","30","17","28","臺中市","太平區","0","0","0","8","","","50","","","","","","","","","","","","","","","","","","","","B03","","","1","","2","","","12","","1","5","","B03","24.114611","120.715167","3"
"2019","7","30","17","30","臺中市","新社區","0","1","0","8","1","5","50","14","9","1","5","4","5","7","4","4","5","5","5","1","27","66","","","","","","","","","","","","","66","66","1","","","","24.255108","120.80768","2"
"2019","7","30","17","39","臺中市","南區","0","2","0","8","1","5","50","4","1","1","5","4","5","7","4","4","10","5","4","2","16","23","2","9","1","1","C03","7","9","1","10","2","12","","23","23","1","5","1","C03","24.11089","120.65371","2"
"2019","7","30","17","39","臺中市","東區","0","0","0","","","","","","","","","","","","","","","","","","","","","","","","B03","","","1","","2","","","23","","1","5","","B03","24.129971","120.697238","3"
"2019","7","30","17","41","臺中市","西屯區","0","3","0","8","1","5","50","3","2","1","5","4","5","7","4","4","1","4","4","2","16","6","3","10","3","4","B12","7","6","1","8","2","4","","6","6","1","22","9","B12","24.183931","120.606733","2"
"2019","7","30","17","45","臺中市","大甲區","0","1","0","8","1","5","40","11","9","1","5","4","5","7","4","4","10","5","5","2","16","6","3","10","1","1","B03","7","5","1","8","2","8","","6","6","1","9","8","B03","24.421785","120.638158","2"
"2019","7","30","17","48","臺中市","沙鹿區","0","0","0","8","","","60","","","","","","","","","","","","","","","","","","","","B03","","","1","","2","","","7","","1","21","","B03","24.240448","120.562397","3"
"2019","7","30","17","49","臺中市","北區","0","1","0","8","1","5","50","14","7","1","5","4","5","7","4","4","2","4","5","2","12","43","2","7","3","4","C03","7","9","1","10","2","12","","43","43","1","5","8","C03","24.155529","120.685785","2"
"2019","7","30","17","49","臺中市","西屯區","0","1","0","8","1","5","50","3","2","1","5","4","5","7","2","1","1","3","1","1","12","6","3","10","1","1","B03","7","6","1","8","2","5","","6","6","1","22","8","B03","24.183078","120.614353","2"
"2019","7","30","17","51","臺中市","石岡區","0","0","0","8","","","50","","","","","","","","","","","","","","","16","","","","","B12","","","1","","2","","","16","16","1","22","","B12","24.277073","120.762045","3"
"2019","7","30","17","52","臺中市","西屯區","0","1","0","8","1","5","50","14","7","1","5","4","5","7","4","4","9","5","4","2","18","43","2","9","3","4","C03","7","9","1","10","2","15","","43","43","1","22","8","C03","24.171891","120.589334","2"
"2019","7","30","17","55","臺中市","大雅區","0","1","0","8","2","5","50","4","1","1","5","4","5","7","4","4","5","5","5","1","16","6","3","10","1","1","B03","7","5","1","8","2","8","","6","6","1","22","9","B03","24.228786","120.654783","2"
"2019","7","30","18","0","臺中市","沙鹿區","0","0","0","8","","","60","","","","","","","","","","","","","","","","","","","","B12","","","1","","2","","","16","","","4","","B12","24.205633","120.564759","3"
"2019","7","30","18","2","臺中市","西區","0","2","0","8","2","5","50","14","9","1","5","4","5","7","4","4","5","4","5","2","13","23","2","9","1","1","C03","7","9","1","10","2","11","","23","23","1","21","8","C03","24.136488","120.673301","2"
"2019","7","30","18","4","臺中市","北屯區","0","1","0","8","1","5","40","3","1","1","5","4","5","7","4","4","10","5","5","1","16","6","3","10","1","1","B03","7","5","1","8","2","8","","6","6","1","5","8","B03","24.181033","120.740293","2"
"2019","7","30","18","4","臺中市","梧棲區","0","1","0","8","2","5","70","4","1","1","5","4","5","7","1","1","10","5","5","2","16","9","3","10","1","1","B03","7","6","1","8","2","2","","9","9","1","5","8","B03","24.245876","120.548051","2"
"2019","7","30","18","10","臺中市","北屯區","0","0","0","8","","","50","","","","","","","","","","","","","","","","","","","","C03","","","1","","2","","","16","","1","21","","C03","24.169219","120.685614","3"