"年","月","日","時","分","縣市","區","死","受傷","2-30","天候","光線","道路類別","速限","道路型態","事故位置","路面鋪裝","路面狀態","路面缺陷","障礙物","視距","號誌種類","號誌動作","分向設施","快車道或一般車道間","快慢車道間","路面邊線","事故類型及型態","主要肇因","受傷程度","主要傷處","保護裝備","行動電話","當事者區分_類別","車輛用途","當事者行動狀態","駕駛資格情形","駕駛執照種類","飲酒情形","車輛撞擊部位最初","車輛撞擊部位其他","肇事因素個別","肇事因素主要","肇事逃逸","職業","旅次目的","車種","GPS座標_緯度","GPS座標_經度","事故類別"
"2019","7","30","18","20","臺中市","西屯區","","","","8","","","50","","","","","","","","","","","","","","","","","","","","B03","","","1","","2","","","6","","1","22","","B03","24.179101","120.618935","3"
"2019","7","30","18","20","臺中市","大雅區","0","0","0","8","","","50","","","","","","","","","","","","","","","","","","","","","","","8","","9","","","67","","1","","","","24.216541","120.650833","3"
"2019","7","30","18","23","臺中市","北屯區","0","1","0","8","2","5","50","4","1","1","5","4","5","7","4","4","10","5","5","2","15","6","2","8","1","1","C03","7","9","1","10","2","12","","6","6","1","21","8","C03","24.183846","120.699303","2"
"2019","7","30","18","23","臺中市","大里區","0","0","0","8","","","60","","","","","","","","","","","","","","","","","","","","B03","","","1","","2","","","6","","1","21","","B03","24.103455","120.669632","3"
"2019","7","30","18","25","臺中市","太平區","0","2","0","8","1","5","50","3","2","1","5","4","5","7","3","1","5","5","5","1","16","7","2","9","1","1","C03","7","7","1","10","2","14","","7","7","1","4","5","C03","24.120697","120.708376","2"
"2019","7","30","18","30","臺中市","西屯區","0","0","0","8","","","50","","","","","","","","","","","","","","","","","","","","B03","","","1","","2","","","9","","1","22","","B03","24.158792","120.638881","3"
"2019","7","30","18","32","臺中市","西屯區","0","0","0","8","1","5","50","4","1","1","5","4","5","7","1","1","10","5","5","2","16","9","3","10","3","4","C03","7","9","1","10","2","14","","23","9","2","22","9","C03","24.16984","120.634649","3"
"2019","7","30","18","34","臺中市","西屯區","0","0","0","8","1","5","40","14","9","1","5","4","5","7","4","4","1","3","5","1","13","","","","","","B03","","","1","","2","","","23","","1","22","","B03","24.169173","120.638991","3"
"2019","7","30","18","35","臺中市","西區","0","0","0","8","","","40","","","","","","","","","","","","","","","","","","","","B03","","","1","","2","","","42","","1","22","","B03","24.145435","120.652136","3"
"2019","7","30","18","46","臺中市","北屯區","0","0","0","8","","","80","","","","","","","","","","","","","","","","","","","","B03","","","1","","2","","","16","","","21","","B03","24.20118","120.6897","3"
"2019","7","30","18","50","臺中市","西區","0","1","0","8","3","5","50","4","1","1","5","4","5","7","1","1","10","5","5","2","16","8","3","10","1","1","B03","7","5","1","8","2","5","","8","8","1","5","9","B03","24.134926","120.6716","2"
"2019","7","30","18","50","臺中市","豐原區","0","0","0","8","","","50","","","","","","","","","","","","","","","","","","","","B03","","","1","","2","","","12","","1","21","","B03","24.244984","120.717896","3"
"2019","7","30","18","59","臺中市","北區","0","0","0","8","","","50","","","","","","","","","","","","","","","","","","","","B03","","","1","","2","","","23","","1","","","B03","24.164355","120.682679","3"
"2019","7","30","19","0","臺中市","清水區","0","0","0","","","","40","","","","","","","","","","","","","","","23","","","","","C03","","","1","","2","","","23","23","1","5","","C03","24.275416","120.57746","3"
"2019","7","30","19","2","臺中市","北屯區","0","0","0","8","","","50","","","","","","","","","","","","","","","","","","","","B03","","","1","","2","","","17","","1","5","","B03","24.1737","120.6938","3"
"2019","7","30","19","3","臺中市","西屯區","0","1","0","8","3","5","50","4","2","1","5","4","5","7","4","4","5","4","5","2","17","7","2","8","4","5","F01","7","8","8","20","8","16","","7","7","1","22","9","F01","24.168433","120.645608","2"
"2019","7","30","19","18","臺中市","西屯區","0","1","0","8","3","5","50","14","9","1","5","4","5","7","2","1","1","4","5","2","17","42","2","9","3","4","C03","7","9","1","10","2","14","","42","42","1","22","9","C03","24.159378","120.647268","2"
"2019","7","30","19","20","臺中市","大里區","0","0","0","8","","","50","","","","","","","","","","","","","","","","","","","","B03","","","1","","2","","","12","","1","2","","B03","24.104316","120.676145","3"
"2019","7","30","19","28","臺中市","潭子區","0","3","0","8","1","5","50","4","1","1","5","4","5","7","1","1","10","4","4","1","16","6","2","9","1","1","C03","7","5","1","10","2","12","","6","6","1","22","8","C03","24.2181","120.717641","2"
"2019","7","30","19","45","臺中市","南區","0","1","0","8","3","5","50","14","9","1","5","4","5","7","1","1","10","4","5","2","19","23","2","9","1","1","C03","7","6","1","10","2","12","","23","23","1","22","8","C03","24.1192","120.669965","2"
"2019","7","30","19","47","臺中市","南區","0","0","0","8","","","50","","","","","","","","","","","","","","","6","3","","","","B03","","","1","","2","","","6","6","","19","","B03","24.119513","120.66317","3"
"2019","7","30","19","48","臺中市","西屯區","0","0","0","8","","","50","","","","","","","","","","","","","","","","","","","","B03","","","1","","2","","","17","","1","22","","B03","24.164231","120.645911","3"
"2019","7","30","19","56","臺中市","西屯區","0","0","0","8","","","40","","","","","","","","","","","","","","","","","","","","B03","","","1","","2","","","12","","1","22","","B03","24.174296","120.648041","3"
"2019","7","30","20","0","臺中市","北區","0","0","0","8","","","50","","","","","","","","","","","","","","","","","","","","B03","","","1","","2","","","23","","1","5","","B03","24.16773","120.6674","3"
"2019","7","30","20","11","臺中市","西區","0","0","0","8","","","50","","","","","","","","","","","","","","","","","","","","B03","","","1","","2","","","16","","1","5","","B03","24.146754","120.660529","4"
"2019","7","30","20","13","臺中市","西屯區","0","0","0","8","","","40","","","","","","","","","","","","","","","","","","","","A12","","","1","","2","","","12","","1","22","","A12","24.185813","120.59459","3"
"2019","7","30","20","16","臺中市","南區","0","1","0","8","3","5","50","11","8","1","5","4","5","7","4","4","3","4","2","2","18","23","2","9","1","1","C03","7","9","1","10","2","14","","23","23","1","5","8","C03","24.127553","120.658431","2"
"2019","7","30","20","38","臺中市","新社區","0","1","0","8","3","5","50","14","9","1","5","4","5","7","4","4","5","5","5","1","11","23","3","10","1","1","B03","7","4","1","8","2","4","","23","23","1","5","8","B03","24.245468","120.808525","2"
"2019","7","30","21","0","臺中市","北屯區","0","0","0","8","","","40","","","","","","","","","","","","","","","","","","","","B03","","","1","","2","","","23","","","21","","B03","24.172203","120.713776","3"
"2019","7","30","21","0","臺中市","清水區","0","0","0","","","","40","","","","","","","","","","","","","","","17","","","","","","","","7","","11","","","17","17","1","","","","24.275416","120.57746","3"
"2019","7","30","21","11","臺中市","西屯區","0","1","0","8","3","5","40","4","1","1","5","4","5","7","3","1","10","5","5","2","16","6","3","10","3","4","B03","7","9","1","8","2","8","","6","6","1","22","9","B03","24.163006","120.653063","2"
"2019","7","30","21","15","臺中市","烏日區","0","0","0","8","","","40","","","","","","","","","","","","","","","","","","","","C03","","","1","","2","","","8","","1","22","","C03","24.111239","120.620086","3"
"2019","7","30","22","0","臺中市","北區","0","1","0","8","3","5","50","4","1","1","5","4","5","7","4","4","10","5","5","2","15","6","2","8","1","1","C03","7","9","1","10","2","11","","6","6","1","22","8","C03","24.153491","120.680996","2"
"2019","7","30","22","7","臺中市","南區","0","2","0","8","3","5","50","4","1","1","5","4","5","7","1","1","10","5","5","2","16","6","2","2","1","1","B03","7","5","1","8","2","2","","6","6","1","4","5","B03","24.132653","120.679913","2"
"2019","7","30","22","26","臺中市","南區","0","2","0","8","3","5","50","5","1","1","5","4","5","7","1","1","10","5","5","2","16","6","2","9","1","1","C03","7","5","1","10","2","12","","6","6","1","5","8","C03","24.130028","120.658899","2"
"2019","7","30","22","38","臺中市","西屯區","0","2","0","8","1","5","50","14","7","1","5","4","5","7","4","4","9","5","4","2","16","6","2","9","3","4","C03","7","5","1","10","2","12","","6","6","1","22","8","C03","24.166773","120.652279","2"
"2019","7","30","22","50","臺中市","大甲區","0","0","0","8","","","50","","","","","","","","","","","","","","","","","","","","A11","","","1","","2","","","43","","1","10","","A11","24.348837","120.619762","3"
"2019","7","30","22","56","臺中市","西區","0","0","0","","","","","","","","","","","","","","","","","","","","","","","","B03","","","1","","2","","","7","","1","21","","B03","24.152523","120.65746","3"
"2019","7","30","23","53","臺中市","南屯區","0","0","0","8","","","1","","","","","","","","","","","","","","","","","","","","C03","","","1","","9","","","42","","2","22","","C03","24.142848","120.646746","3"
"2019","7","31","2","35","臺中市","潭子區","0","2","0","8","3","5","40","3","12","1","5","4","5","7","1","1","1","4","4","1","13","16","2","9","1","1","C03","7","9","1","10","2","11","","16","16","1","22","8","C03","24.208987","120.686765","2"
"2019","7","31","5","42","臺中市","大里區","0","0","0","8","","","50","","","","","","","","","","","","","","","","","","","","B02","","","1","","2","","","23","","1","22","","B02","24.116877","120.67545","3"
"2019","7","31","5","57","臺中市","石岡區","0","0","0","8","","","40","","","","","","","","","","","","","","","","","","","","B03","","","1","","2","","","23","","1","21","","B03","24.26802","120.797159","3"
"2019","7","31","6","30","臺中市","沙鹿區","0","2","0","8","1","5","50","3","1","1","5","4","5","7","4","4","10","5","5","2","16","27","2","2","1","1","C03","7","5","1","10","2","11","","27","27","1","3","5","C03","24.241178","120.562581","2"
"2019","7","31","6","48","臺中市","東勢區","0","2","0","8","1","5","50","14","9","1","5","4","5","7","4","4","5","5","5","1","12","1","3","10","1","1","B03","7","4","1","8","2","2","","1","1","1","21","8","B03","24.249623","120.830601","2"
"2019","7","31","6","58","臺中市","梧棲區","0","1","0","8","1","5","40","4","1","1","5","4","1","7","2","1","10","5","5","2","15","25","2","9","1","1","C03","7","9","1","10","2","12","","25","25","1","2","1","C03","24.230183","120.514287","2"
"2019","7","31","7","13","臺中市","神岡區","0","0","0","8","","","50","","","","","","","","","","","","","","","","","","","","B03","","","1","","2","","","16","","1","21","","B03","24.25812","120.648242","3"
"2019","7","31","7","15","臺中市","西屯區","0","1","0","8","1","5","50","4","1","1","5","4","5","7","1","1","5","4","5","2","16","8","3","10","3","4","C03","7","5","1","10","2","14","","8","8","1","22","8","C03","24.180791","120.638036","2"
"2019","7","31","7","17","臺中市","梧棲區","0","1","0","8","1","5","50","4","1","1","5","4","5","7","4","4","10","5","5","2","15","6","2","9","1","1","C03","7","9","1","10","2","12","","6","6","1","5","5","C03","24.262732","120.539783","2"
"2019","7","31","7","30","臺中市","梧棲區","0","1","0","8","1","5","60","14","9","1","5","4","5","7","4","4","1","4","5","1","17","7","3","10","1","1","C03","7","8","1","10","2","12","","7","7","1","11","1","C03","24.246259","120.534502","2"
"2019","7","31","7","36","臺中市","西屯區","0","0","0","8","","","40","","","","","","","","","","","","","","","","","","","","B03","","","1","","2","","","17","","1","22","","B03","24.177808","120.641302","3"
"2019","7","31","7","36","臺中市","大雅區","0","2","0","8","1","5","40","14","8","1","5","4","5","7","1","1","3","4","3","1","13","23","2","9","1","1","C03","7","9","1","10","2","11","","23","23","1","21","8","C03","24.204964","120.63318","2"
"2019","7","31","7","38","臺中市","烏日區","0","1","0","8","1","5","50","4","1","1","5","4","5","7","1","1","10","5","5","2","12","4","3","10","1","1","C03","7","5","1","10","2","12","","4","4","1","21","8","C03","24.093215","120.646443","2"
"2019","7","31","7","39","臺中市","西屯區","0","1","0","8","1","5","50","3","1","1","5","4","5","7","4","4","3","5","5","2","16","6","3","10","1","1","B03","7","6","1","8","2","2","","6","6","1","4","8","B03","24.180505","120.630682","2"
"2019","7","31","7","41","臺中市","梧棲區","0","1","0","8","1","5","50","4","9","1","5","4","5","7","4","4","5","4","4","2","17","19","2","9","1","1","C03","7","1","1","10","2","14","","19","19","1","20","7","C03","24.252898","120.535388","2"
"2019","7","31","7","42","臺中市","東勢區","0","0","0","8","","","50","","","","","","","","","","","","","","","","","","","","B03","","","1","","2","","","23","","1","21","","B03","24.246671","120.833453","3"
"2019","7","31","7","43","臺中市","北屯區","0","2","0","8","1","5","50","3","2","1","5","4","5","7","4","4","5","5","4","2","16","6","2","9","1","1","C03","7","5","1","10","2","12","","6","6","1","5","8","C03","24.181338","120.689286","2"
"2019","7","31","7","44","臺中市","大雅區","0","1","0","8","1","5","50","14","9","1","5","4","5","7","4","4","9","5","5","1","16","19","3","10","1","1","B03","7","1","1","8","2","8","","19","19","1","22","9","B03","24.231766","120.653792","2"
"2019","7","31","7","49","臺中市","潭子區","0","1","0","8","1","5","50","4","1","1","5","4","5","7","2","1","10","5","5","2","16","42","2","9","1","1","C03","7","9","1","10","2","11","","42","42","1","22","8","C03","24.201774","120.703568","2"
"2019","7","31","7","50","臺中市","南區","0","1","0","8","1","5","50","3","1","1","5","4","5","7","4","4","1","5","5","2","18","23","2","9","1","1","C03","7","9","1","10","2","14","","23","23","1","21","1","C03","24.127703","120.658453","2"
"2019","7","31","7","50","臺中市","大甲區","0","1","0","8","1","5","60","5","1","1","5","4","5","7","1","1","10","5","5","1","17","25","2","9","4","5","F01","7","11","8","20","2","16","","25","25","1","22","8","F01","24.35669","120.622539","2"
"2019","7","31","7","52","臺中市","梧棲區","0","0","0","8","","","50","","","","","","","","","","","","","","","","","","","","B03","","","1","","2","","","6","","1","11","","B03","24.24732","120.538177","3"
"2019","7","31","7","55","臺中市","霧峰區","0","0","0","8","","","40","","","","","","","","","","","","","","","","","","","","B03","","","1","","2","","","8","","1","4","","B03","24.068342","120.662446","3"
"2019","7","31","7","57","臺中市","大雅區","0","1","0","8","1","5","40","4","1","1","5","4","5","7","1","1","10","5","5","2","16","1","2","9","1","1","C03","7","4","1","10","2","12","","1","1","1","21","8","C03","24.222305","120.63693","2"
"2019","7","31","8","1","臺中市","潭子區","0","1","0","8","1","5","50","14","9","1","5","4","5","7","4","4","3","4","4","2","16","10","3","10","1","1","B03","7","11","1","8","2","4","","10","10","1","22","8","B03","24.21905","120.712823","2"
"2019","7","31","8","2","臺中市","大雅區","0","0","0","8","","","50","","","","","","","","","","","","","","","","","","","","B03","","","1","","2","","","12","","1","22","","B03","24.220844","120.656222","3"
"2019","7","31","8","2","臺中市","大雅區","0","0","0","8","","","50","","","","","","","","","","","","","","","","","","","","B03","","","1","","2","","","23","","1","","","B03","24.217057","120.636539","3"
"2019","7","31","8","5","臺中市","潭子區","0","0","0","8","","","50","","","","","","","","","","","","","","","23","","","","","B03","","","1","","2","","","44","23","1","22","","B03","24.216718","120.696182","3"
"2019","7","31","8","15","臺中市","北屯區","0","0","0","8","","","50","","","","","","","","","","","","","","","","","","","","B03","","","1","","2","","","7","","1","5","","B03","24.173975","120.671955","3"
"2019","7","31","8","15","臺中市","梧棲區","0","1","0","8","1","5","40","4","1","1","5","4","5","7","4","4","10","5","5","2","15","6","3","10","1","1","B11","7","9","1","8","2","5","","6","6","1","9","1","B11","24.231086","120.53881","2"
"2019","7","31","8","15","臺中市","后里區","0","0","0","8","","","50","","","","","","","","","","","","","","","","","","","","A12","","","1","","2","","","42","","1","22","","A12","24.316093","120.67795","3"
"2019","7","31","8","16","臺中市","西屯區","0","0","0","8","","","60","","","","","","","","","","","","","","","","","","","","B03","","","1","","2","","","23","","1","22","","B03","24.167593","120.65346","3"
"2019","7","31","8","20","臺中市","神岡區","0","1","0","8","1","5","50","3","1","1","5","4","5","7","1","1","5","5","5","2","16","6","2","9","1","1","C03","7","9","1","10","11","14","","14","6","2","9","1","C03","24.274825","120.704713","2"
"2019","7","31","8","20","臺中市","大雅區","0","1","0","8","1","5","50","14","12","1","5","4","5","7","4","4","3","4","4","1","12","19","3","10","1","1","B03","7","1","1","8","2","6","","19","19","1","22","9","B03","24.216084","120.673817","2"
"2019","7","31","8","23","臺中市","沙鹿區","0","0","0","8","","","60","","","","","","","","","","","","","","","","","","","","B03","","","1","","2","","","23","","1","21","","B03","24.249989","120.593907","3"
"2019","7","31","8","24","臺中市","北區","0","1","0","8","1","5","50","4","1","1","5","4","5","7","4","4","10","5","5","2","15","6","3","10","1","1","B01","7","9","1","8","2","5","","6","6","1","5","8","B01","24.170757","120.674341","2"
"2019","7","31","8","25","臺中市","大里區","0","1","0","8","1","5","50","4","1","1","5","4","5","7","1","1","10","5","5","2","12","5","2","9","1","1","C03","7","9","6","18","2","14","","5","5","1","20","5","C03","24.103545","120.712161","2"
"2019","7","31","8","27","臺中市","烏日區","0","1","0","8","1","5","60","4","1","1","5","4","5","7","1","1","10","5","5","2","16","9","3","10","1","1","B03","7","6","1","8","2","5","","9","9","1","19","8","B03","24.110553","120.600336","2"
"2019","7","31","8","29","臺中市","神岡區","0","2","0","8","1","5","50","3","1","1","5","4","5","7","1","1","5","5","4","2","16","8","2","9","1","1","C03","7","5","1","10","2","11","","8","8","1","21","8","C03","24.261751","120.704336","2"
"2019","7","31","8","30","臺中市","西屯區","0","1","0","8","1","5","40","9","9","1","2","4","5","7","4","4","10","5","5","2","17","37","3","10","1","1","B12","7","9","1","8","2","15","","37","37","1","22","8","B12","24.172501","120.629234","2"
"2019","7","31","8","38","臺中市","北區","0","1","0","8","1","5","50","3","2","1","5","4","5","7","4","4","10","5","5","2","16","6","3","10","1","1","B03","7","6","1","8","2","6","","6","6","1","22","8","B03","24.1632","120.6757","2"
"2019","7","31","8","40","臺中市","北屯區","0","0","0","8","","","50","","","","","","","","","","","","","","","","","","","","B03","","","1","","2","","","16","","1","22","","B03","24.170425","120.697822","3"
"2019","7","31","8","40","臺中市","大里區","0","1","0","8","1","5","50","14","9","1","5","4","5","7","4","4","3","4","5","2","17","19","3","10","1","1","A04","7","1","1","2","2","15","","19","19","1","10","8","A04","24.083623","120.697223","2"
"2019","7","31","8","42","臺中市","北區","0","0","0","8","","","50","","","","","","","","","","","","","","","","","","","","B12","","","1","","2","","","16","","1","22","","B12","24.162783","120.672323","3"
"2019","7","31","8","49","臺中市","西區","0","1","0","8","1","5","50","14","9","1","5","4","5","7","4","4","5","2","5","2","17","40","3","10","1","1","B03","7","13","1","8","2","4","","40","40","1","21","8","B03","24.136038","120.672934","2"
"2019","7","31","8","55","臺中市","大里區","0","1","0","8","1","5","50","4","1","1","5","4","5","7","1","1","10","5","5","2","18","44","2","9","1","1","C03","7","6","1","10","2","12","","44","44","1","20","8","C03","24.084328","120.694931","2"
"2019","7","31","8","55","臺中市","清水區","0","3","0","8","1","5","50","4","2","1","5","4","5","7","1","1","5","4","4","1","12","17","2","9","1","1","C03","7","9","1","10","2","14","","17","17","1","7","7","C03","24.275416","120.57746","2"
"2019","7","31","9","1","臺中市","北區","0","0","0","8","","","50","","","","","","","","","","","","","","","","","","","","B03","","","1","","2","","","23","","1","5","","B03","24.160785","120.682323","3"
"2019","7","31","9","4","臺中市","北屯區","0","1","0","8","1","5","50","4","1","1","5","4","5","7","4","4","10","5","5","2","16","6","2","9","1","1","C03","7","9","1","10","2","12","","6","6","1","5","8","C03","24.171208","120.699083","2"
"2019","7","31","9","6","臺中市","中區","0","2","0","8","1","5","50","4","1","1","5","4","5","7","4","4","10","5","5","2","15","6","2","9","1","1","C03","7","9","1","10","2","12","","6","6","1","22","8","C03","24.13794","120.680799","2"
"2019","7","31","9","6","臺中市","北區","0","0","0","8","","","50","","","","","","","","","","","","","","","","","","","","B12","","","1","","2","","","23","","1","22","","B12","24.1602","120.6747","3"
"2019","7","31","9","9","臺中市","沙鹿區","0","0","0","8","","","50","","","","","","","","","","","","","","","","","","","","A12","","","1","","2","","","23","","1","22","","A12","24.201646","120.569603","3"
"2019","7","31","9","30","臺中市","北屯區","0","0","0","8","","","40","","","","","","","","","","","","","","","","","","","","B03","","","1","","2","","","12","","1","22","","B03","24.183921","120.671422","3"
"2019","7","31","9","40","臺中市","霧峰區","0","0","0","8","","","50","","","","","","","","","","","","","","","","","","","","B12","","","1","","2","","","30","","1","11","","B12","24.044596","120.672371","3"
"2019","7","31","9","45","臺中市","西區","0","1","0","8","1","5","50","4","1","1","5","4","5","7","1","1","10","5","5","2","16","25","3","10","1","1","B03","7","5","1","8","2","2","","25","25","1","4","1","B03","24.148825","120.653003","2"
"2019","7","31","9","45","臺中市","后里區","0","0","0","8","","","50","","","","","","","","","","","","","","","","","","","","B12","","","1","","2","","","6","","1","22","","B12","24.30299","120.720385","3"
"2019","7","31","9","45","臺中市","潭子區","0","0","0","8","1","5","40","3","9","1","5","4","5","7","4","4","10","4","4","2","12","","","","","","B03","","","1","","9","","","23","","1","22","","B03","24.212917","120.719807","3"
"2019","7","31","9","52","臺中市","南區","0","1","0","8","1","5","50","3","1","1","5","4","5","7","4","4","1","4","5","2","16","6","3","10","1","1","B03","7","6","1","8","2","2","","6","6","1","21","8","B03","24.119353","120.651684","2"
"2019","7","31","9","52","臺中市","梧棲區","0","0","0","8","","","50","","","","","","","","","","","","","","","","","","","","B03","","","1","","2","","","12","","1","20","","B03","24.248531","120.538502","3"
"2019","7","31","10","0","臺中市","烏日區","0","0","0","8","","","40","","","","","","","","","","","","","","","","","","","","B02","","","1","","2","","","42","","1","5","","B02","24.113579","120.618641","3"
"2019","7","31","10","2","臺中市","西屯區","0","1","0","8","1","5","40","14","9","1","5","4","5","7","4","4","10","5","5","2","16","19","2","9","1","1","C03","7","1","1","10","2","11","","19","19","1","22","8","C03","24.187301","120.635963","2"
"2019","7","31","10","16","臺中市","西區","0","0","0","8","1","5","50","14","9","1","","4","5","7","4","4","5","4","5","2","17","","","","","","B03","","","1","","2","","","23","","1","22","","B03","24.152097","120.661855","3"
"2019","7","31","10","30","臺中市","龍井區","0","0","0","8","","","50","","","","","","","","","","","","","","","","","","","","B03","","","1","","2","","","8","","1","","","B03","24.195838","120.54499","3"
"2019","7","31","10","48","臺中市","西屯區","0","1","0","8","1","5","40","11","9","1","2","4","5","7","4","4","10","5","5","2","17","42","3","10","1","1","E04","7","5","1","8","2","15","","42","42","1","4","8","E04","24.172773","120.628468","2"
"2019","7","31","10","48","臺中市","西屯區","0","0","0","8","1","5","60","14","7","1","5","4","5","7","4","4","10","4","5","2","13","23","3","10","3","4","B03","7","9","6","8","2","1","","23","23","2","22","9","B03","24.181924","120.598502","3"
"2019","7","31","10","52","臺中市","南區","0","2","0","8","1","5","50","4","1","1","5","4","5","7","1","1","10","5","5","2","15","25","2","9","1","1","C03","7","9","6","10","2","12","11","25","25","1","21","8","C03","24.128936","120.676681","2"
"2019","7","31","10","52","臺中市","潭子區","0","0","0","8","","","50","","","","","","","","","","","","","","","","","","","","B11","","","1","","2","","","23","","1","21","","B11","24.212643","120.700655","3"
"2019","7","31","10","55","臺中市","大里區","0","0","0","8","","","40","","","","","","","","","","","","","","","","","","","","B03","","","1","","2","","","26","","1","22","","B03","24.110185","120.698941","3"
"2019","7","31","11","2","臺中市","沙鹿區","0","1","0","8","1","5","50","4","1","1","5","4","5","7","2","1","10","5","5","2","11","8","2","9","1","1","C03","7","5","1","10","2","12","","8","8","1","19","8","C03","24.241837","120.565046","2"
"2019","7","31","11","5","臺中市","烏日區","0","1","0","8","1","5","50","4","2","1","5","4","5","7","1","1","5","3","4","2","12","7","3","10","1","1","B02","7","8","1","8","2","2","","7","7","1","21","8","B02","24.102831","120.624378","2"
"2019","7","31","11","20","臺中市","大里區","0","0","0","8","","","50","","","","","","","","","","","","","","","","","","","","B03","","","1","","2","","","6","","1","11","","B03","24.100428","120.701103","3"
"2019","7","31","11","22","臺中市","烏日區","0","1","0","8","1","5","60","14","9","1","5","4","5","7","2","1","1","4","5","2","16","23","3","10","1","1","B03","7","8","1","8","2","2","","23","23","1","5","8","B03","24.1089","120.64182","2"
"2019","7","31","11","25","臺中市","沙鹿區","0","1","0","8","1","5","50","3","7","1","5","4","5","7","4","4","5","5","4","2","16","4","2","7","1","1","C03","7","5","6","10","2","12","","4","4","1","20","8","C03","24.237895","120.56056","2"
"2019","7","31","11","26","臺中市","大里區","0","0","0","8","","","50","","","","","","","","","","","","","","","","","","","","B12","","","1","","2","","","26","","2","21","","B12","24.106989","120.664038","3"
"2019","7","31","11","40","臺中市","烏日區","0","1","0","8","1","5","40","14","9","1","5","4","5","5","4","4","10","5","5","2","16","19","3","10","1","1","B12","7","1","1","8","2","1","","19","19","1","21","8","B12","24.114851","120.603343","2"
"2019","7","31","11","41","臺中市","沙鹿區","0","0","0","8","","","50","","","","","","","","","","","","","","","","","","","","B03","","","1","","2","","","23","","1","","","B03","24.204953","120.565458","4"
"2019","7","31","11","45","臺中市","西屯區","0","0","0","8","","","40","","","","","","","","","","","","","","","","","","","","B03","","","1","","2","","","9","","1","22","","B03","24.175563","120.665913","3"
"2019","7","31","11","47","臺中市","北屯區","0","0","0","8","","","50","","","","","","","","","","","","","","","","","","","","B03","","","1","","2","","","19","","1","5","","B03","24.162848","120.719558","3"
"2019","7","31","11","50","臺中市","清水區","0","0","0","","","","50","","","","","","","","","","","","","","","23","","","","","B12","","","1","","2","","","23","23","1","9","","B12","24.275416","120.57746","3"
"2019","7","31","11","50","臺中市","大甲區","0","2","0","8","1","5","50","4","1","1","5","4","5","7","4","4","10","5","5","2","15","6","2","9","1","1","B12","7","9","1","3","2","5","","6","6","1","10","4","B12","24.368738","120.612861","2"
"2019","7","31","11","55","臺中市","南區","0","1","0","8","1","5","50","4","2","1","5","4","5","7","4","4","5","5","4","2","16","6","2","9","1","1","C03","7","6","1","10","2","14","","6","6","1","21","8","C03","24.119618","120.662971","2"
"2019","7","31","12","5","臺中市","霧峰區","0","0","0","8","","","40","","","","","","","","","","","","","","","","","","","","B03","","","1","","2","","","19","","1","19","","B03","24.065373","120.697368","3"
"2019","7","31","12","6","臺中市","太平區","0","1","0","8","1","5","50","4","1","1","5","4","4","7","4","4","4","4","5","1","15","6","3","10","1","1","C03","7","9","1","10","2","11","","6","6","1","5","8","C03","24.151044","120.707616","2"
"2019","7","31","12","17","臺中市","南屯區","0","1","0","8","1","5","50","4","1","1","5","4","5","7","2","1","10","5","5","2","12","25","3","10","3","4","B03","7","9","1","8","2","2","","25","25","1","22","9","B03","24.138875","120.653056","2"
"2019","7","31","12","24","臺中市","潭子區","0","1","0","8","1","5","60","3","1","1","5","4","5","7","1","1","10","5","5","2","16","26","2","8","1","1","C03","7","5","4","8","2","14","","26","26","1","22","8","C03","24.196558","120.70263","2"
"2019","7","31","12","26","臺中市","北區","0","1","0","8","1","5","50","3","1","1","5","4","5","7","1","1","10","5","5","2","16","6","3","10","1","1","B12","7","5","1","8","2","1","","23","6","1","5","8","B12","24.159094","120.665355","2"
"2019","7","31","12","27","臺中市","后里區","0","0","0","8","","","40","","","","","","","","","","","","","","","","","","","","B03","","","1","","2","","","12","","1","22","","B03","24.310621","120.735623","3"
"2019","7","31","12","28","臺中市","太平區","0","1","0","8","1","5","50","4","1","1","5","4","5","7","1","1","5","5","5","2","15","25","3","10","1","1","B12","7","9","1","8","2","7","","25","25","1","21","8","B12","24.111247","120.703654","2"
"2019","7","31","12","30","臺中市","大安區","0","2","0","8","1","8","90","14","7","1","5","4","5","7","4","4","1","4","5","2","18","42","2","9","1","1","B03","7","9","1","8","2","1","4","42","42","1","21","8","B03","24.378533","120.592103","2"
"2019","7","31","12","35","臺中市","潭子區","0","0","0","8","","","50","","","","","","","","","","","","","","","","","","","","B12","","","1","","2","","","17","","1","12","","B12","","","3"
"2019","7","31","12","40","臺中市","大里區","0","0","0","8","","","60","","","","","","","","","","","","","","","","","","","","B03","","","1","","2","","","26","","1","5","","B03","24.10284","120.67458","3"
"2019","7","31","12","42","臺中市","神岡區","0","1","0","8","1","5","50","3","1","1","5","4","1","7","4","4","4","5","4","2","12","23","2","9","1","1","C03","7","9","1","10","2","11","14","23","23","1","9","1","C03","24.238963","120.695398","2"