"年","月","日","時","分","縣市","區","死","受傷","2-30","天候","光線","道路類別","速限","道路型態","事故位置","路面鋪裝","路面狀態","路面缺陷","障礙物","視距","號誌種類","號誌動作","分向設施","快車道或一般車道間","快慢車道間","路面邊線","事故類型及型態","主要肇因","受傷程度","主要傷處","保護裝備","行動電話","當事者區分_類別","車輛用途","當事者行動狀態","駕駛資格情形","駕駛執照種類","飲酒情形","車輛撞擊部位最初","車輛撞擊部位其他","肇事因素個別","肇事因素主要","肇事逃逸","職業","旅次目的","車種","GPS座標_緯度","GPS座標_經度","事故類別"
"2019","7","31","12","57","臺中市","西屯區","0","0","0","8","","","40","","","","","","","","","","","","","","","","","","","","B02","","","1","","2","","","23","","1","4","","B02","24.160639","120.652834","3"
"2019","7","31","12","59","臺中市","南區","0","0","0","8","","","50","","","","","","","","","","","","","","","23","3","","","","C03","","","1","10","2","","","23","23","","21","","C03","24.114461","120.654688","3"
"2019","7","31","13","2","臺中市","南屯區","0","1","0","8","1","5","50","3","1","1","5","4","5","5","4","4","10","5","5","2","17","6","3","10","1","1","B03","7","9","1","8","2","5","","6","6","1","22","8","B03","24.14781","120.646881","2"
"2019","7","31","13","2","臺中市","沙鹿區","0","1","0","8","1","5","50","3","1","1","5","4","5","7","4","4","5","5","5","1","16","8","2","9","2","1","C03","7","5","1","10","2","12","","8","8","1","21","8","C03","24.200498","120.568565","2"
"2019","7","31","13","5","臺中市","北區","0","0","0","8","","","50","","","","","","","","","","","","","","","","","","","","F03","","","1","","2","","","4","","1","22","","F03","24.1633","120.677","3"
"2019","7","31","13","6","臺中市","烏日區","0","1","0","8","1","5","40","14","9","1","5","4","5","7","4","4","4","4","5","1","11","26","2","9","1","1","C03","7","4","1","10","2","11","","26","26","1","21","8","C03","24.089041","120.644556","2"
"2019","7","31","13","20","臺中市","沙鹿區","0","2","0","8","1","5","50","3","1","1","5","4","5","7","1","1","10","5","5","2","17","25","2","7","1","1","C03","7","9","1","10","2","12","","25","25","1","22","8","C03","24.225296","120.570016","2"
"2019","7","31","13","24","臺中市","北區","0","0","0","8","","","50","","","","","","","","","","","","","","","","","","","","B03","","","1","","1","","","6","","1","5","","B03","24.152803","120.679288","3"
"2019","7","31","13","34","臺中市","北區","0","1","0","8","1","5","50","14","9","1","5","4","5","7","1","1","9","5","5","2","18","42","2","9","1","1","C03","7","9","1","10","2","14","","42","42","1","22","8","C03","24.1554","120.6983","2"
"2019","7","31","13","42","臺中市","南屯區","0","2","0","8","1","5","50","14","9","1","5","4","5","7","4","4","5","4","5","2","13","23","3","10","1","1","B03","7","9","1","8","2","1","","23","23","1","22","8","B03","24.149536","120.652006","2"
"2019","7","31","13","49","臺中市","潭子區","0","1","0","8","1","5","50","14","7","1","5","4","5","7","4","4","3","4","5","2","12","23","2","9","1","1","C03","7","9","1","10","2","12","","23","23","1","22","8","C03","24.206496","120.711226","2"
"2019","7","31","13","59","臺中市","后里區","0","1","0","8","1","5","50","14","7","1","5","4","5","7","4","4","5","5","5","1","12","23","3","10","3","4","B03","7","9","1","10","2","1","","23","23","1","21","8","B03","24.310786","120.71093","2"
"2019","7","31","14","7","臺中市","北屯區","0","1","0","8","1","5","40","14","7","1","5","4","5","7","4","4","7","5","4","2","16","19","3","10","1","1","B03","7","1","1","8","2","8","","19","19","1","22","8","B03","24.194557","120.68008","2"
"2019","7","31","14","7","臺中市","西屯區","0","1","0","8","1","5","40","14","8","1","5","4","5","7","4","4","5","4","4","2","17","40","3","10","3","4","B03","7","14","1","8","2","4","","40","40","1","22","8","B03","24.175203","120.649368","2"
"2019","7","31","14","9","臺中市","梧棲區","0","0","0","8","","","50","","","","","","","","","","","","","","","","","","","","B03","","","1","","2","","","18","","1","19","","B03","24.262211","120.532369","3"
"2019","7","31","14","17","臺中市","東區","0","1","0","8","1","5","50","14","7","1","5","4","5","7","4","4","10","4","4","2","12","7","2","9","1","1","C03","7","7","1","10","2","14","","7","7","1","21","8","C03","24.124466","120.684376","2"
"2019","7","31","14","22","臺中市","后里區","0","0","0","8","1","5","50","14","9","1","5","4","3","7","4","4","10","5","5","2","11","21","3","10","1","1","B03","7","9","1","8","5","7","","21","21","1","20","9","B03","24.308604","120.715851","3"
"2019","7","31","14","23","臺中市","大甲區","0","1","0","8","1","5","50","4","1","1","5","4","5","7","4","4","10","5","5","2","15","6","2","1","1","1","B03","7","9","1","8","2","1","","6","6","1","21","3","B03","24.36753","120.618588","2"
"2019","7","31","14","28","臺中市","大雅區","0","0","0","8","","","40","","","","","","","","","","","","","","","","","","","","B03","","","1","","2","","","19","","1","","","B03","24.226346","120.656649","3"
"2019","7","31","14","31","臺中市","太平區","0","1","0","8","1","5","50","14","9","1","5","4","5","7","4","4","4","3","5","1","12","23","2","8","1","1","C03","7","9","1","10","2","11","","23","23","1","5","8","C03","24.103547","120.71794","2"
"2019","7","31","14","40","臺中市","西屯區","0","0","0","8","","","40","","","","","","","","","","","","","","","","","","","","B03","","","1","","2","","","16","","1","4","","B03","24.164307","120.646097","3"
"2019","7","31","14","40","臺中市","大雅區","0","0","0","8","","","40","","","","","","","","","","","","","","","","","","","","B03","","","1","","2","","","12","","1","","","B03","24.219573","120.646996","3"
"2019","7","31","14","46","臺中市","東區","0","0","0","8","","","50","","","","","","","","","","","","","","","7","3","","","","E02","","","1","","2","","","7","7","","4","","E02","24.135036","120.682611","3"
"2019","7","31","14","55","臺中市","北區","0","1","0","8","1","8","50","4","1","1","5","4","5","7","1","1","10","5","5","2","3","6","3","10","1","1","B03","7","5","1","8","2","1","","6","6","1","5","8","B03","24.159172","120.682356","2"
"2019","7","31","14","58","臺中市","大甲區","0","1","0","8","1","5","50","4","1","1","5","4","5","7","4","4","10","5","5","2","15","6","2","9","1","1","C04","7","9","1","8","2","11","","6","6","1","19","8","C04","24.34938","120.620966","2"
"2019","7","31","15","0","臺中市","潭子區","0","0","0","8","1","5","50","14","7","1","5","4","5","7","1","1","3","4","5","1","13","","","","","","B12","","","1","","2","","","23","","1","22","","B12","24.206496","120.711226","3"
"2019","7","31","15","0","臺中市","潭子區","0","1","0","8","1","5","40","14","8","1","5","4","5","7","4","4","1","4","4","1","18","23","2","9","1","1","C03","7","9","1","10","2","11","","23","23","1","22","9","C03","24.211259","120.686753","2"
"2019","7","31","15","5","臺中市","沙鹿區","0","1","0","8","1","5","50","4","1","1","5","4","5","7","2","1","10","5","5","1","17","19","2","9","1","1","C03","7","1","1","10","2","14","","19","19","1","16","8","C03","24.229593","120.558672","2"
"2019","7","31","15","5","臺中市","大雅區","0","1","0","7","1","5","40","14","9","1","5","4","5","7","4","4","10","5","5","1","14","12","3","10","1","1","B11","7","2","1","8","2","6","","12","12","1","21","8","B11","24.219429","120.663133","2"
"2019","7","31","15","6","臺中市","南屯區","0","0","0","8","","","40","","","","","","","","","","","","","","","","","","","","","","","8","","10","","","67","","1","","","","24.153568","120.652677","3"
"2019","7","31","15","10","臺中市","大里區","0","1","0","8","1","5","40","5","1","1","5","4","5","7","4","4","10","5","5","2","10","23","2","8","1","5","F01","7","9","8","20","2","16","","23","23","1","14","8","F01","24.087286","120.711565","2"
"2019","7","31","15","14","臺中市","西屯區","0","1","0","8","1","5","50","4","2","1","5","4","5","7","1","1","10","5","5","2","3","15","3","10","3","4","B02","7","5","1","8","2","8","","15","15","1","22","9","B02","24.183973","120.616943","2"
"2019","7","31","15","23","臺中市","大雅區","0","2","0","8","1","5","40","11","9","1","5","4","5","1","4","4","10","5","5","2","13","16","2","9","1","1","C03","7","9","1","10","2","11","","16","16","1","22","8","C03","24.211696","120.622086","2"
"2019","7","31","15","28","臺中市","南區","0","1","0","8","1","5","50","4","1","1","5","4","5","7","1","1","10","5","5","2","16","6","3","10","1","1","A12","7","6","1","7","2","2","","6","6","1","5","8","A12","24.11443","120.668573","2"
"2019","7","31","15","28","臺中市","西屯區","0","0","0","8","","","50","","","","","","","","","","","","","","","","","","","","B03","","","1","","2","","","18","","1","22","","B03","24.158045","120.648905","3"
"2019","7","31","15","32","臺中市","東勢區","0","1","0","8","1","5","50","4","1","1","5","4","5","7","3","2","10","5","5","2","17","6","3","10","1","1","C03","7","9","1","10","2","11","","6","6","1","20","8","C03","24.244796","120.83793","2"
"2019","7","31","15","34","臺中市","烏日區","0","0","0","8","","","70","","","","","","","","","","","","","","","","","","","","B03","","","1","","2","","","26","","1","22","","B03","24.1159","120.618855","3"
"2019","7","31","15","36","臺中市","梧棲區","0","0","0","8","","","50","","","","","","","","","","","","","","","","","","","","B03","","","1","","2","","","16","","1","9","","B03","24.24455","120.524942","3"
"2019","7","31","15","47","臺中市","南區","0","1","0","8","1","5","50","3","1","1","5","4","5","7","4","4","10","5","5","2","12","9","3","10","1","1","B03","7","6","1","8","2","2","","9","9","1","5","8","B03","24.115614","120.655067","2"
"2019","7","31","15","50","臺中市","烏日區","0","0","0","8","","","60","","","","","","","","","","","","","","","16","","","","","A11","","","1","","2","","","16","16","1","21","","A11","24.09","120.653055","3"
"2019","7","31","16","0","臺中市","西屯區","0","0","0","8","","","40","","","","","","","","","","","","","","","","","","","","B03","","","1","","2","","","43","","1","","","B03","24.163712","120.662179","3"
"2019","7","31","16","2","臺中市","南屯區","0","0","0","8","","","50","","","","","","","","","","","","","","","","","","","","B12","","","1","","2","","","16","","1","5","","B12","24.140186","120.648486","3"
"2019","7","31","16","3","臺中市","北區","0","1","0","8","1","5","50","5","1","1","5","4","5","7","2","1","10","5","5","2","17","26","3","10","1","1","B03","7","9","3","18","2","2","","26","26","1","22","7","B03","24.154854","120.68633","2"
"2019","7","31","16","4","臺中市","北區","0","0","0","8","","","40","","","","","","","","","","","","","","","","","","","","B03","","","1","","2","","","23","","1","","","B03","24.153721","120.68124","3"
"2019","7","31","16","5","臺中市","大里區","0","0","0","8","","","50","","","","","","","","","","","","","","","","","","","","B03","","","1","","2","","","16","","1","21","","B03","24.08547","120.696718","3"
"2019","7","31","16","12","臺中市","西屯區","0","0","0","8","","","40","","","","","","","","","","","","","","","","","","","","A11","","","1","","2","","","12","","1","22","","A11","24.195555","120.619246","3"
"2019","7","31","16","16","臺中市","西屯區","0","1","0","8","1","5","50","3","1","1","5","4","5","7","1","1","5","4","4","2","9","56","3","10","1","5","H02","7","19","8","20","10","15","","56","56","1","21","8","H02","24.170417","120.643337","2"
"2019","7","31","16","16","臺中市","豐原區","0","0","0","8","","","60","","","","","","","","","","","","","","","","","","","","B03","","","3","","2","","","17","","2","22","","B03","24.243649","120.72972","3"
"2019","7","31","16","19","臺中市","沙鹿區","0","0","0","8","","","50","","","","","","","","","","","","","","","","","","","","B03","","","1","","2","","","23","","1","","","B03","24.239385","120.564665","4"
"2019","7","31","16","20","臺中市","北區","0","1","0","8","1","5","50","4","1","1","5","4","5","7","1","1","5","4","4","2","16","23","2","8","1","1","C03","7","5","6","18","2","11","","23","23","1","5","8","C03","24.16333","120.68236","2"
"2019","7","31","16","27","臺中市","北區","0","0","0","8","","","50","","","","","","","","","","","","","","","","","","","","B01","","","1","","2","","","26","","1","22","","B01","24.162836","120.674126","3"
"2019","7","31","16","31","臺中市","南區","0","0","0","8","","","0","","","","","","","","","","","","","","","","","","","","A12","","","1","","2","","","42","","1","","","A12","24.128743","120.660923","3"
"2019","7","31","16","45","臺中市","沙鹿區","0","1","0","8","1","5","40","3","1","1","5","4","5","7","4","4","10","5","5","2","16","23","2","9","1","1","C03","7","9","1","10","2","12","","23","23","1","21","8","C03","24.244356","120.613843","2"
"2019","7","31","16","48","臺中市","西屯區","0","0","0","8","","","50","","","","","","","","","","","","","","","","","","","","B03","","","1","","2","","","43","","1","22","","B03","24.158983","120.646468","3"
"2019","7","31","16","51","臺中市","沙鹿區","0","1","0","8","1","5","50","3","1","1","5","4","5","7","1","1","10","5","5","2","16","43","3","10","1","1","C03","7","9","1","10","2","12","","43","43","1","22","9","C03","24.219618","120.569606","2"
"2019","7","31","16","52","臺中市","西屯區","","","","8","","","50","","","","","","","","","","","","","","","","","","","","C03","","","1","","2","","","16","","1","22","","C03","24.17627","120.644838","3"
"2019","7","31","16","59","臺中市","南區","0","1","0","8","1","5","50","4","1","1","5","4","5","7","2","1","10","5","5","2","2","15","3","10","3","4","B03","7","6","1","8","2","1","","15","15","1","5","8","B03","24.12019","120.650479","2"
"2019","7","31","17","0","臺中市","大里區","0","1","0","8","1","5","50","4","1","1","5","4","5","7","1","1","10","5","5","2","17","25","2","9","1","1","C03","7","9","1","10","2","12","","25","25","1","21","8","C03","24.086101","120.701771","2"
"2019","7","31","17","5","臺中市","西屯區","0","0","0","8","","","40","","","","","","","","","","","","","","","","","","","","B03","","","1","","2","","","23","","1","","","B03","24.162227","120.63062","3"
"2019","7","31","17","12","臺中市","南屯區","0","0","0","8","","","50","","","","","","","","","","","","","","","","","","","","B02","","","1","","2","","","23","","1","20","","B02","24.148811","120.642447","3"
"2019","7","31","17","12","臺中市","北屯區","0","0","0","8","","","50","","","","","","","","","","","","","","","43","","","","","B03","","","1","","9","","","43","43","","12","","B03","24.177566","120.674996","3"
"2019","7","31","17","19","臺中市","南屯區","0","1","0","8","1","5","40","14","8","1","5","4","5","7","4","4","5","5","4","2","13","16","2","9","1","1","C03","7","9","1","10","2","11","14","16","16","1","5","1","C03","24.157603","120.634145","2"
"2019","7","31","17","23","臺中市","西屯區","0","1","0","7","2","5","50","14","9","1","5","4","5","7","4","4","10","5","5","2","12","9","2","9","1","1","C03","7","6","1","10","2","12","","9","9","1","21","8","C03","24.156684","120.652611","2"
"2019","7","31","17","24","臺中市","大雅區","0","0","0","8","","","50","","","","","","","","","","","","","","","","","","","","C03","","","3","","2","","","6","","1","","","C03","24.231044","120.653753","3"
"2019","7","31","17","25","臺中市","北屯區","0","1","0","6","1","5","50","16","9","1","4","4","5","7","4","4","10","5","4","2","10","4","2","8","1","1","C02","7","9","1","9","2","11","","4","4","1","21","8","C02","24.179093","120.74032","2"
"2019","7","31","17","26","臺中市","大里區","0","1","0","6","1","5","50","3","1","1","4","4","5","7","4","4","10","5","5","2","16","6","3","10","1","1","B03","7","5","3","18","2","1","","6","6","1","21","9","B03","24.100915","120.695195","2"
"2019","7","31","17","30","臺中市","沙鹿區","0","2","0","8","1","5","40","4","1","1","5","4","5","7","2","1","10","5","5","2","16","8","2","9","1","1","C03","7","5","1","10","1","14","","8","8","1","9","1","C03","24.240815","120.560582","2"
"2019","7","31","17","30","臺中市","大雅區","0","1","0","8","2","5","50","4","1","1","5","4","5","7","2","1","10","4","5","1","16","16","2","9","1","1","C03","7","9","1","10","2","11","","16","16","1","22","9","C03","24.238062","120.613964","2"
"2019","7","31","17","33","臺中市","北區","0","1","0","7","1","5","40","3","1","1","4","4","5","7","4","4","10","5","5","2","3","51","2","9","4","5","H01","8","16","8","20","10","16","","51","51","1","15","2","H01","24.170316","120.666085","2"
"2019","7","31","17","36","臺中市","東區","0","2","0","6","1","5","50","14","9","1","4","4","5","7","4","4","5","5","5","2","16","26","2","8","1","1","C03","7","5","1","10","2","11","","26","26","1","5","8","C03","24.149776","120.69488","2"
"2019","7","31","17","38","臺中市","北區","0","2","0","6","1","5","50","4","1","1","4","4","5","7","1","1","10","5","5","2","17","6","2","7","1","1","C03","7","5","4","11","2","12","","6","6","1","22","8","C03","24.172429","120.676034","2"
"2019","7","31","17","39","臺中市","南區","0","0","0","6","","","50","","","","","","","","","","","","","","","23","3","","","","C03","","","1","","2","","","23","23","","6","","C03","24.125383","120.679276","3"
"2019","7","31","17","40","臺中市","龍井區","0","0","0","8","","","50","","","","","","","","","","","","","","","","","","","","B12","","","1","","2","","","23","","1","10","","B12","24.203944","120.523328","3"
"2019","7","31","17","42","臺中市","潭子區","0","0","0","6","","","50","","","","","","","","","","","","","","","","","","","","B03","","","1","","2","","","17","","1","22","","B03","24.194418","120.696878","3"
"2019","7","31","17","45","臺中市","烏日區","0","0","0","8","","","50","","","","","","","","","","","","","","","","","","","","A02","","","1","","2","","","12","","1","21","","A02","24.108911","120.612681","3"
"2019","7","31","17","47","臺中市","大肚區","0","0","0","","","","","","","","","","","","","","","","","","","","","","","","B03","","","1","","2","","","23","","1","22","","B03","24.121192","120.570301","3"
"2019","7","31","17","49","臺中市","南區","0","1","0","6","1","5","50","5","2","1","4","4","5","7","1","1","5","4","4","2","12","7","2","8","1","1","C03","7","7","1","10","2","14","","7","7","1","5","8","C03","24.114378","120.668469","2"
"2019","7","31","17","50","臺中市","大甲區","0","1","0","8","1","5","50","14","9","1","5","4","5","7","4","4","5","5","5","1","17","19","2","5","1","1","C03","7","1","1","10","2","13","","19","19","1","20","8","C03","24.346253","120.622205","2"
"2019","7","31","17","51","臺中市","西屯區","0","0","0","8","","","50","","","","","","","","","","","","","","","","","","","","B03","","","1","","2","","","43","","1","","","B03","24.173115","120.641809","3"
"2019","7","31","17","51","臺中市","沙鹿區","0","0","0","8","","","50","","","","","","","","","","","","","","","","","","","","B12","","","1","","2","","","23","","1","21","","B12","24.21963","120.569772","3"
"2019","7","31","17","54","臺中市","清水區","0","0","0","8","","","50","","","","","","","","","","","","","","","","","","","","B12","","","1","","2","","","23","","1","","","B12","24.275844","120.5708199","3"
"2019","7","31","17","55","臺中市","大里區","0","0","0","8","","","80","","","","","","","","","","","","","","","","","","","","B03","","","1","","2","","","16","","1","","","B03","24.083315","120.68074","3"
"2019","7","31","17","58","臺中市","大雅區","0","1","0","6","1","5","50","5","1","1","4","4","5","7","1","1","1","5","5","1","12","44","2","8","1","1","C03","7","9","3","18","2","15","","23","44","1","21","8","C03","24.21581","120.667627","2"
"2019","7","31","18","5","臺中市","東區","0","2","0","8","2","5","50","4","1","1","5","4","5","7","1","1","10","5","5","2","16","6","2","9","1","1","C03","7","5","1","10","2","11","","6","6","1","5","8","C03","24.134783","120.690721","2"
"2019","7","31","18","10","臺中市","太平區","0","0","0","8","","","80","","","","","","","","","","","","","","","","","","","","B03","","","1","","2","","","23","","1","21","","B03","24.130254","120.70653","3"
"2019","7","31","18","15","臺中市","北屯區","0","0","0","","2","5","50","14","9","2","4","4","5","7","4","4","1","3","5","2","13","23","3","10","1","1","B03","7","7","1","8","2","1","","23","23","1","21","8","B03","24.182104","120.705679","3"
"2019","7","31","18","15","臺中市","潭子區","0","0","0","8","","","40","","","","","","","","","","","","","","","","","","","","B03","","","1","","2","","","16","","1","22","","B03","24.201106","120.699459","3"
"2019","7","31","18","15","臺中市","潭子區","0","2","0","7","2","5","50","4","1","1","5","4","5","7","4","4","10","5","5","2","15","6","2","9","1","1","B01","7","9","1","4","2","7","","6","6","1","22","8","B01","24.224997","120.703914","2"
"2019","7","31","18","19","臺中市","南區","0","2","0","8","1","5","40","4","1","1","5","3","5","7","1","1","10","5","5","2","16","8","2","8","4","1","F01","7","5","8","20","2","16","","8","8","1","16","5","F01","24.113056","120.663383","2"
"2019","7","31","18","23","臺中市","西屯區","","","","8","","","50","","","","","","","","","","","","","","","","","","","","A02","","","1","","2","","","7","","1","10","","A02","24.169246","120.639223","3"
"2019","7","31","18","24","臺中市","西屯區","0","0","0","8","","","40","","","","","","","","","","","","","","","","","","","","B03","","","1","","2","","","23","","1","","","B03","24.201189","120.659605","3"
"2019","7","31","18","26","臺中市","大雅區","0","0","0","8","","","50","","","","","","","","","","","","","","","","","","","","B03","","","1","","2","","","16","","1","","","B03","24.209722","120.650859","3"
"2019","7","31","18","30","臺中市","霧峰區","0","0","0","8","","","50","","","","","","","","","","","","","","","","","","","","B03","","","1","","9","","","44","","1","","","B03","24.024632","120.697713","3"
"2019","7","31","18","30","臺中市","大雅區","0","0","0","8","","","50","","","","","","","","","","","","","","","","","","","","B03","","","1","","2","","","19","","1","22","","B03","24.223933","120.647915","4"
"2019","7","31","18","31","臺中市","清水區","0","0","0","8","","","70","","","","","","","","","","","","","","","","","","","","A12","","","1","","2","","","23","","1","10","","A12","24.2627564","120.5610497","3"
"2019","7","31","18","33","臺中市","北屯區","0","1","0","8","2","5","40","14","7","1","5","4","5","7","4","4","1","4","4","2","13","42","2","9","1","1","C03","7","7","1","10","2","11","","42","42","1","22","8","C03","24.1645","120.7118","2"
"2019","7","31","18","35","臺中市","北屯區","0","0","0","8","3","5","50","14","9","1","5","4","5","7","4","4","4","3","5","2","14","12","3","10","1","1","B03","7","2","1","8","2","3","","12","12","1","21","8","B03","24.173363","120.713815","3"
"2019","7","31","18","40","臺中市","后里區","0","0","0","8","3","5","40","3","2","1","5","4","3","7","4","4","10","5","5","1","14","","","","","","B03","","","1","","2","","","12","","1","","","B03","24.293296","120.703253","3"
"2019","7","31","18","42","臺中市","大里區","0","0","0","8","","","50","","","","","","","","","","","","","","","","","","","","B03","","","1","","2","","","16","","1","21","","B03","24.09003","120.693744","3"
"2019","7","31","18","45","臺中市","大甲區","0","1","0","8","2","5","40","4","1","1","5","4","5","7","4","4","10","5","5","2","15","6","3","10","1","1","B03","7","9","1","8","2","1","","6","6","1","9","8","B03","24.40097","120.639916","2"
"2019","7","31","18","48","臺中市","北屯區","0","1","0","8","2","5","50","4","1","1","5","4","5","7","1","1","10","5","5","2","13","16","2","9","1","1","C03","7","9","1","10","2","11","","16","16","1","4","8","C03","24.172","120.6877","2"
"2019","7","31","18","55","臺中市","大雅區","0","1","0","8","3","5","50","4","1","1","5","4","5","7","1","1","5","5","5","1","17","23","3","10","1","1","B03","7","5","1","8","2","7","","23","23","1","21","8","B03","24.234908","120.644561","2"
"2019","7","31","19","0","臺中市","北屯區","0","2","0","8","3","5","50","4","1","1","5","4","5","7","1","1","10","5","5","2","16","6","2","9","1","1","C03","7","5","1","10","2","12","","6","6","1","4","8","C03","24.186983","120.68706","2"
"2019","7","31","19","0","臺中市","西屯區","0","1","0","8","4","5","40","3","1","1","5","4","5","7","4","4","10","5","5","2","18","42","2","8","4","5","F01","7","6","8","20","2","16","","42","42","1","21","8","F01","24.16956","120.638898","2"
"2019","7","31","19","5","臺中市","太平區","1","0","0","8","3","5","50","5","2","1","5","4","5","7","2","1","5","5","5","2","3","51","1","9","4","5","H01","8","16","8","20","2","16","","51","51","1","9","9","H01","24.140351","120.731728","1"
"2019","7","31","19","6","臺中市","南屯區","0","0","0","8","","","50","","","","","","","","","","","","","","","","","","","","C03","","","1","","2","","","23","","1","18","","C03","24.146971","120.648716","3"
"2019","7","31","19","22","臺中市","西屯區","0","2","0","8","3","5","50","14","9","1","5","4","5","7","4","4","1","4","5","2","13","23","2","9","3","4","C03","7","9","1","10","2","11","","23","23","1","22","9","C03","24.170156","120.656934","2"
"2019","7","31","19","23","臺中市","太平區","0","0","0","8","","","50","","","","","","","","","","","","","","","","","","","","B12","","","1","","1","","","16","","1","21","","B12","24.129724","120.724812","3"
"2019","7","31","19","24","臺中市","大雅區","0","0","0","8","","","50","","","","","","","","","","","","","","","","","","","","B03","","","6","","2","","","16","","1","","","B03","24.222967","120.646468","3"
"2019","7","31","19","30","臺中市","南區","0","1","0","7","3","5","50","14","9","1","5","4","5","7","4","4","5","5","4","2","27","23","2","9","1","1","C03","7","9","1","10","2","11","","23","23","1","17","5","C03","24.117208","120.6687","2"
"2019","7","31","19","35","臺中市","北區","0","2","0","8","3","5","50","4","1","1","5","4","5","7","2","1","10","5","5","2","17","16","3","10","1","1","C03","7","9","1","10","2","11","","16","16","1","22","8","C03","24.146261","120.686081","2"
"2019","7","31","19","35","臺中市","大里區","0","1","0","8","3","5","50","3","1","1","5","4","5","7","4","4","10","5","5","2","17","23","2","9","1","1","C03","7","9","1","10","2","12","","23","23","1","18","8","C03","24.105848","120.689646","2"
"2019","7","31","19","42","臺中市","西屯區","0","1","0","8","","","40","","","","","","","","","","","","","","","","","","","","B12","","","1","","2","","","9","","1","22","","B12","24.178351","120.624508","3"
"2019","7","31","19","53","臺中市","西屯區","0","3","0","8","3","5","50","4","1","1","5","4","3","5","4","4","10","5","5","2","16","6","2","9","1","1","C03","7","9","1","10","2","11","","6","6","1","22","8","C03","24.177114","120.644216","2"
"2019","7","31","19","54","臺中市","西屯區","0","0","0","8","","","50","","","","","","","","","","","","","","","","","","","","B03","","","1","","2","","","12","","1","","","B03","24.197856","120.656114","3"
"2019","7","31","19","55","臺中市","清水區","0","1","0","8","3","5","70","3","1","1","5","4","5","7","1","1","10","5","5","2","16","6","3","10","1","1","B02","7","6","1","8","2","2","6","6","6","1","5","1","B02","24.304024","120.596221","2"
"2019","7","31","20","14","臺中市","西屯區","0","1","0","8","3","5","50","4","1","1","5","4","5","7","4","4","10","5","5","2","16","6","2","9","1","1","C03","7","9","1","10","2","12","","6","6","1","21","8","C03","24.17513","120.642338","2"
"2019","7","31","20","15","臺中市","沙鹿區","0","2","0","8","3","5","50","14","7","1","5","4","5","7","4","4","9","5","4","2","16","26","2","9","1","1","C03","7","11","1","10","2","11","","26","26","1","4","8","C03","24.227728","120.574173","2"
"2019","7","31","20","18","臺中市","北屯區","0","1","0","8","3","5","50","14","9","1","5","4","5","7","1","1","1","4","5","2","13","23","3","10","1","1","B03","7","9","1","8","2","5","","23","23","1","21","8","B03","24.175966","120.699471","2"
"2019","7","31","20","19","臺中市","北區","0","0","0","","","","","","","","","","","","","","","","","","","","","","","","B02","","","1","","2","","","19","","1","5","","B02","24.16724","120.67994","3"
"2019","7","31","20","27","臺中市","潭子區","0","1","0","8","3","5","50","3","1","1","5","4","5","7","1","1","1","4","4","1","17","23","3","10","1","1","B03","7","9","1","8","2","5","","23","23","1","22","9","B03","24.2182","120.7059","2"
"2019","7","31","20","30","臺中市","霧峰區","0","0","0","8","","","40","","","","","","","","","","","","","","","","","","","","B03","","","1","","2","","","25","","1","","","B03","24.062601","120.663521","3"
"2019","7","31","20","34","臺中市","南屯區","0","0","0","","","","","","","","","","","","","","","","","","","","","","","","B03","","","1","","2","","","23","","1","5","","B03","24.152363","120.623783","3"
"2019","7","31","21","22","臺中市","北屯區","0","0","0","8","","","40","","","","","","","","","","","","","","","","","","","","B03","","","1","","2","","","23","","1","4","","B03","24.2013","120.6669","3"
"2019","7","31","21","29","臺中市","西區","0","0","0","8","","","50","","","","","","","","","","","","","","","23","3","","","","B03","","","1","","2","","","23","23","","5","","B03","24.156032","120.656401","3"
"2019","7","31","21","41","臺中市","烏日區","0","0","0","8","","","50","","","","","","","","","","","","","","","","","","","","B03","","","1","","2","","","18","","1","22","","B03","24.108021","120.603141","3"
"2019","7","31","21","54","臺中市","北區","0","0","0","8","","","50","","","","","","","","","","","","","","","","","","","","C03","","","1","","2","","","23","","1","","","C03","24.148272","120.683508","3"
"2019","7","31","22","0","臺中市","大雅區","0","0","0","8","","","40","","","","","","","","","","","","","","","","","","","","B03","","","1","","2","","","12","","1","","","B03","24.228586","120.648285","3"
"2019","7","31","22","11","臺中市","西屯區","0","0","0","8","","","40","","","","","","","","","","","","","","","","","","","","A11","","","6","","2","","","12","","1","","","A11","24.165426","120.644067","3"
"2019","7","31","23","19","臺中市","西屯區","0","1","0","8","3","5","50","5","1","1","5","4","5","7","1","1","5","5","5","2","16","8","3","10","1","4","C03","7","5","1","10","2","14","","8","8","1","21","8","C03","24.176812","120.64321","2"
"2019","7","31","23","44","臺中市","太平區","0","1","0","8","4","5","40","11","9","1","5","4","5","7","4","4","10","5","5","2","17","5","3","10","1","1","B03","7","5","1","5","2","8","","5","5","1","10","8","B03","24.111883","120.716826","2"